Topic,Group,Interest Subcategory,Interest Item,National Org,National Org Description,National Org Description Spanish,National Org Link,Local Org,Local Org Description,Local Org Description Spanish,Local Org Link,Local Org 2,Local Org 2 Description,Local Org 2 Description Spanish,Local Org 2 Link,Local Org 3,Local Org 3 Description,Local Org 3 Description Spanish,Local Org 3 Link
Build Green Communities,Sports or Rec Group,Being Active & Outdoors,Sports,Habitat for Humanity,"Volunteer to help build affordable, sustainable housing in your community.",Participa de forma voluntaria para ayudar a construir viviendas económicas y sostenibles en tu comunidad.,https://www.habitat.org/,Depave,"Help remove pavement and create green spaces for healthier, more climate-resilient communities.",Ayuda a remover el pavimento y a crear espacios verdes para lograr comunidades más saludables y resilientes al clima.,https://depave.org/,Tualatin Riverkeepers,"Join cleanups, restoration projects, and advocacy efforts to protect and restore the Tualatin River and its watershed.","Únete a limpiezas, proyectos de restauración y esfuerzos de defensa para proteger y restaurar el río Tualatin y su cuenca hidrográfica.",https://tualatinriverkeepers.org/,Outdoor Afro,"Join local outings that celebrate and inspire Black leadership in nature through hiking, stewardship, and community events.","Únete a salidas locales que celebran e inspiran el liderazgo de la comunidad negra en la naturaleza a través del senderismo, la gestión responsable y eventos comunitarios.",https://outdoorafro.org/
Build Green Communities,Sports or Rec Group,Being Active & Outdoors,Exploring Outside,Habitat for Humanity,"Volunteer to help build affordable, sustainable housing in your community.",Participa de forma voluntaria para ayudar a construir viviendas económicas y sostenibles en tu comunidad.,https://www.habitat.org/,Depave,"Help remove pavement and create green spaces for healthier, more climate-resilient communities.",Ayuda a remover el pavimento y a crear espacios verdes para lograr comunidades más saludables y resilientes al clima.,https://depave.org/,Tualatin Riverkeepers,"Join cleanups, restoration projects, and advocacy efforts to protect and restore the Tualatin River and its watershed.","Únete a limpiezas, proyectos de restauración y esfuerzos de defensa para proteger y restaurar el río Tualatin y su cuenca hidrográfica.",https://tualatinriverkeepers.org/,Outdoor Afro,"Join local outings that celebrate and inspire Black leadership in nature through hiking, stewardship, and community events.","Únete a salidas locales que celebran e inspiran el liderazgo de la comunidad negra en la naturaleza a través del senderismo, la gestión responsable y eventos comunitarios.",https://outdoorafro.org/
Build Green Communities,Arts or Hobbies Group,Being Active & Outdoors,Sports,Habitat for Humanity,"Volunteer to help build affordable, sustainable housing in your community.",Participa de forma voluntaria para ayudar a construir viviendas económicas y sostenibles en tu comunidad.,https://www.habitat.org/,Depave,"Help remove pavement and create green spaces for healthier, more climate-resilient communities.",Ayuda a remover el pavimento y a crear espacios verdes para lograr comunidades más saludables y resilientes al clima.,https://depave.org/,Friends of Trees,"Plant and care for urban trees, restore natural areas, and build climate resilience in your community.","Planta y cuida árboles urbanos, restaura áreas naturales y desarrolla resiliencia climática en tu comunidad.",https://friendsoftrees.org/,Outdoor Afro,"Join local outings that celebrate and inspire Black leadership in nature through hiking, stewardship, and community events.","Únete a salidas locales que celebran e inspiran el liderazgo de la comunidad negra en la naturaleza a través del senderismo, la gestión responsable y eventos comunitarios.",https://outdoorafro.org/
Build Green Communities,Arts or Hobbies Group,Being Active & Outdoors,Exploring Outside,Habitat for Humanity,"Volunteer to help build affordable, sustainable housing in your community.",Participa de forma voluntaria para ayudar a construir viviendas económicas y sostenibles en tu comunidad.,https://www.habitat.org/,Depave,"Help remove pavement and create green spaces for healthier, more climate-resilient communities.",Ayuda a remover el pavimento y a crear espacios verdes para lograr comunidades más saludables y resilientes al clima.,https://depave.org/,Friends of Trees,"Plant and care for urban trees, restore natural areas, and build climate resilience in your community.","Planta y cuida árboles urbanos, restaura áreas naturales y desarrolla resiliencia climática en tu comunidad.",https://friendsoftrees.org/,Outdoor Afro,"Join local outings that celebrate and inspire Black leadership in nature through hiking, stewardship, and community events.","Únete a salidas locales que celebran e inspiran el liderazgo de la comunidad negra en la naturaleza a través del senderismo, la gestión responsable y eventos comunitarios.",https://outdoorafro.org/
Build Green Communities,School or Career Group,Being Active & Outdoors,Sports,Habitat for Humanity,"Volunteer to help build affordable, sustainable housing in your community.",Participa de forma voluntaria para ayudar a construir viviendas económicas y sostenibles en tu comunidad.,https://www.habitat.org/,Depave,"Help remove pavement and create green spaces for healthier, more climate-resilient communities.",Ayuda a remover el pavimento y a crear espacios verdes para lograr comunidades más saludables y resilientes al clima.,https://depave.org/,Friends of Trees,"Plant and care for urban trees, restore natural areas, and build climate resilience in your community.","Planta y cuida árboles urbanos, restaura áreas naturales y desarrolla resiliencia climática en tu comunidad.",https://friendsoftrees.org/,Outdoor Afro,"Join local outings that celebrate and inspire Black leadership in nature through hiking, stewardship, and community events.","Únete a salidas locales que celebran e inspiran el liderazgo de la comunidad negra en la naturaleza a través del senderismo, la gestión responsable y eventos comunitarios.",https://outdoorafro.org/
Build Green Communities,School or Career Group,Being Active & Outdoors,Exploring Outside,Habitat for Humanity,"Volunteer to help build affordable, sustainable housing in your community.",Participa de forma voluntaria para ayudar a construir viviendas económicas y sostenibles en tu comunidad.,https://www.habitat.org/,Depave,"Help remove pavement and create green spaces for healthier, more climate-resilient communities.",Ayuda a remover el pavimento y a crear espacios verdes para lograr comunidades más saludables y resilientes al clima.,https://depave.org/,Friends of Trees,"Plant and care for urban trees, restore natural areas, and build climate resilience in your community.","Planta y cuida árboles urbanos, restaura áreas naturales y desarrolla resiliencia climática en tu comunidad.",https://friendsoftrees.org/,Outdoor Afro,"Join local outings that celebrate and inspire Black leadership in nature through hiking, stewardship, and community events.","Únete a salidas locales que celebran e inspiran el liderazgo de la comunidad negra en la naturaleza a través del senderismo, la gestión responsable y eventos comunitarios.",https://outdoorafro.org/
Build Green Communities,Family or Household,Being Active & Outdoors,Sports,Habitat for Humanity,"Volunteer to help build affordable, sustainable housing in your community.",Participa de forma voluntaria para ayudar a construir viviendas económicas y sostenibles en tu comunidad.,https://www.habitat.org/,Depave,"Help remove pavement and create green spaces for healthier, more climate-resilient communities.",Ayuda a remover el pavimento y a crear espacios verdes para lograr comunidades más saludables y resilientes al clima.,https://depave.org/,Friends of Trees,"Plant and care for urban trees, restore natural areas, and build climate resilience in your community.","Planta y cuida árboles urbanos, restaura áreas naturales y desarrolla resiliencia climática en tu comunidad.",https://friendsoftrees.org/,Outdoor Afro,"Join local outings that celebrate and inspire Black leadership in nature through hiking, stewardship, and community events.","Únete a salidas locales que celebran e inspiran el liderazgo de la comunidad negra en la naturaleza a través del senderismo, la gestión responsable y eventos comunitarios.",https://outdoorafro.org/
Build Green Communities,Family or Household,Being Active & Outdoors,Exploring Outside,Habitat for Humanity,"Volunteer to help build affordable, sustainable housing in your community.",Participa de forma voluntaria para ayudar a construir viviendas económicas y sostenibles en tu comunidad.,https://www.habitat.org/,Depave,"Help remove pavement and create green spaces for healthier, more climate-resilient communities.",Ayuda a remover el pavimento y a crear espacios verdes para lograr comunidades más saludables y resilientes al clima.,https://depave.org/,Friends of Trees,"Plant and care for urban trees, restore natural areas, and build climate resilience in your community.","Planta y cuida árboles urbanos, restaura áreas naturales y desarrolla resiliencia climática en tu comunidad.",https://friendsoftrees.org/,Outdoor Afro,"Join local outings that celebrate and inspire Black leadership in nature through hiking, stewardship, and community events.","Únete a salidas locales que celebran e inspiran el liderazgo de la comunidad negra en la naturaleza a través del senderismo, la gestión responsable y eventos comunitarios.",https://outdoorafro.org/
Build Green Communities,Community Group,Being Active & Outdoors,Sports,Habitat for Humanity,"Volunteer to help build affordable, sustainable housing in your community.",Participa de forma voluntaria para ayudar a construir viviendas económicas y sostenibles en tu comunidad.,https://www.habitat.org/,Depave,"Help remove pavement and create green spaces for healthier, more climate-resilient communities.",Ayuda a remover el pavimento y a crear espacios verdes para lograr comunidades más saludables y resilientes al clima.,https://depave.org/,Friends of Trees,"Plant and care for urban trees, restore natural areas, and build climate resilience in your community.","Planta y cuida árboles urbanos, restaura áreas naturales y desarrolla resiliencia climática en tu comunidad.",https://friendsoftrees.org/,Outdoor Afro,"Join local outings that celebrate and inspire Black leadership in nature through hiking, stewardship, and community events.","Únete a salidas locales que celebran e inspiran el liderazgo de la comunidad negra en la naturaleza a través del senderismo, la gestión responsable y eventos comunitarios.",https://outdoorafro.org/
Build Green Communities,Community Group,Being Active & Outdoors,Exploring Outside,Habitat for Humanity,"Volunteer to help build affordable, sustainable housing in your community.",Participa de forma voluntaria para ayudar a construir viviendas económicas y sostenibles en tu comunidad.,https://www.habitat.org/,Depave,"Help remove pavement and create green spaces for healthier, more climate-resilient communities.",Ayuda a remover el pavimento y a crear espacios verdes para lograr comunidades más saludables y resilientes al clima.,https://depave.org/,Friends of Trees,"Plant and care for urban trees, restore natural areas, and build climate resilience in your community.","Planta y cuida árboles urbanos, restaura áreas naturales y desarrolla resiliencia climática en tu comunidad.",https://friendsoftrees.org/,Outdoor Afro,"Join local outings that celebrate and inspire Black leadership in nature through hiking, stewardship, and community events.","Únete a salidas locales que celebran e inspiran el liderazgo de la comunidad negra en la naturaleza a través del senderismo, la gestión responsable y eventos comunitarios.",https://outdoorafro.org/
Build Green Communities,Faith-Based Group,Being Active & Outdoors,Sports,GreenFaith,Take part in global interfaith campaigns that unite moral leadership with grassroots climate action.,Participa en campañas globales  interreligiosas que unen el liderazgo moral con la acción climática comunitaria.,https://greenfaith.org/,Ecumenical Ministries of Oregon (EMO),Advance climate justice and resilience through faith-based networks and Creation Justice programs.,Promueve la justicia climática y la resiliencia a través de redes religiosas y programas de Creation Justice.,https://emoregon.org/creation-justice/,Friends of Trees,"Plant and care for urban trees, restore natural areas, and build climate resilience in your community.","Planta y cuida árboles urbanos, restaura áreas naturales y desarrolla resiliencia climática en tu comunidad.",https://friendsoftrees.org/,Outdoor Afro,"Join local outings that celebrate and inspire Black leadership in nature through hiking, stewardship, and community events.","Únete a salidas locales que celebran e inspiran el liderazgo de la comunidad negra en la naturaleza a través del senderismo, la gestión responsable y eventos comunitarios.",https://outdoorafro.org/
Build Green Communities,Faith-Based Group,Being Active & Outdoors,Exploring Outside,GreenFaith,Take part in global interfaith campaigns that unite moral leadership with grassroots climate action.,Participa en campañas globales  interreligiosas que unen el liderazgo moral con la acción climática comunitaria.,https://greenfaith.org/,Ecumenical Ministries of Oregon (EMO),Advance climate justice and resilience through faith-based networks and Creation Justice programs.,Promueve la justicia climática y la resiliencia a través de redes religiosas y programas de Creation Justice.,https://emoregon.org/creation-justice/,Friends of Trees,"Plant and care for urban trees, restore natural areas, and build climate resilience in your community.","Planta y cuida árboles urbanos, restaura áreas naturales y desarrolla resiliencia climática en tu comunidad.",https://friendsoftrees.org/,Outdoor Afro,"Join local outings that celebrate and inspire Black leadership in nature through hiking, stewardship, and community events.","Únete a salidas locales que celebran e inspiran el liderazgo de la comunidad negra en la naturaleza a través del senderismo, la gestión responsable y eventos comunitarios.",https://outdoorafro.org/
Build Green Communities,Sports or Rec Group,Innovating & Designing,Problem Solving,Engineering Without Borders USA,Volunteer your skills to design and implement community-driven sustainability projects.,Ofrece tus habilidades para diseñar e implementar proyectos de sostenibilidad impulsados ​​por la comunidad.,https://www.ewb-usa.org/,PSU Center for Public Interest Design,"Apply design solutions to support sustainable, equitable communities.",Aplica soluciones de diseño para apoyar comunidades sostenibles y equitativas.,https://www.pdx.edu/public-interest-design/,Albina Vision Trust,Help shape community-led development that centers Portland’s Black community and builds climate-resilient neighborhoods.,Ayuda a impulsar un desarrollo comunitario que se centra en la comunidad negra de Portland que construya vecindarios resilientes al clima.,https://albinavision.org/,Ecotrust,Volunteer at events and support programs that connect people to sustainable regional food systems.,Participa de forma voluntaria en eventos y apoya programas que conectan a las personas con sistemas alimentarios regionales sostenibles.,https://ecotrust.org/
Build Green Communities,Sports or Rec Group,Innovating & Designing,Inventing,Engineering Without Borders USA,Volunteer your skills to design and implement community-driven sustainability projects.,Ofrece tus habilidades para diseñar e implementar proyectos de sostenibilidad impulsados ​​por la comunidad.,https://www.ewb-usa.org/,PSU Center for Public Interest Design,"Apply design solutions to support sustainable, equitable communities.",Aplica soluciones de diseño para apoyar comunidades sostenibles y equitativas.,https://www.pdx.edu/public-interest-design/,Albina Vision Trust,Help shape community-led development that centers Portland’s Black community and builds climate-resilient neighborhoods.,Ayuda a impulsar un desarrollo comunitario que se centra en la comunidad negra de Portland que construya vecindarios resilientes al clima.,https://albinavision.org/,Ecotrust,Volunteer at events and support programs that connect people to sustainable regional food systems.,Participa de forma voluntaria en eventos y apoya programas que conectan a las personas con sistemas alimentarios regionales sostenibles.,https://ecotrust.org/
Build Green Communities,Arts or Hobbies Group,Innovating & Designing,Problem Solving,Engineering Without Borders USA,Volunteer your skills to design and implement community-driven sustainability projects.,Ofrece tus habilidades para diseñar e implementar proyectos de sostenibilidad impulsados ​​por la comunidad.,https://www.ewb-usa.org/,PSU Center for Public Interest Design,"Apply design solutions to support sustainable, equitable communities.",Aplica soluciones de diseño para apoyar comunidades sostenibles y equitativas.,https://www.pdx.edu/public-interest-design/,Albina Vision Trust,Help shape community-led development that centers Portland’s Black community and builds climate-resilient neighborhoods.,Ayuda a impulsar un desarrollo comunitario que se centra en la comunidad negra de Portland que construya vecindarios resilientes al clima.,https://albinavision.org/,Ecotrust,Volunteer at events and support programs that connect people to sustainable regional food systems.,Participa de forma voluntaria en eventos y apoya programas que conectan a las personas con sistemas alimentarios regionales sostenibles.,https://ecotrust.org/
Build Green Communities,Arts or Hobbies Group,Innovating & Designing,Inventing,Engineering Without Borders USA,Volunteer your skills to design and implement community-driven sustainability projects.,Ofrece tus habilidades para diseñar e implementar proyectos de sostenibilidad impulsados ​​por la comunidad.,https://www.ewb-usa.org/,PSU Center for Public Interest Design,"Apply design solutions to support sustainable, equitable communities.",Aplica soluciones de diseño para apoyar comunidades sostenibles y equitativas.,https://www.pdx.edu/public-interest-design/,Albina Vision Trust,Help shape community-led development that centers Portland’s Black community and builds climate-resilient neighborhoods.,Ayuda a impulsar un desarrollo comunitario que se centra en la comunidad negra de Portland que construya vecindarios resilientes al clima.,https://albinavision.org/,Ecotrust,Volunteer at events and support programs that connect people to sustainable regional food systems.,Participa de forma voluntaria en eventos y apoya programas que conectan a las personas con sistemas alimentarios regionales sostenibles.,https://ecotrust.org/
Build Green Communities,School or Career Group,Innovating & Designing,Problem Solving,Engineering Without Borders USA,Volunteer your skills to design and implement community-driven sustainability projects.,Ofrece tus habilidades para diseñar e implementar proyectos de sostenibilidad impulsados ​​por la comunidad.,https://www.ewb-usa.org/,PSU Center for Public Interest Design,"Apply design solutions to support sustainable, equitable communities.",Aplica soluciones de diseño para apoyar comunidades sostenibles y equitativas.,https://www.pdx.edu/public-interest-design/,Albina Vision Trust,Help shape community-led development that centers Portland’s Black community and builds climate-resilient neighborhoods.,Ayuda a impulsar un desarrollo comunitario que se centra en la comunidad negra de Portland que construya vecindarios resilientes al clima.,https://albinavision.org/,Ecotrust,Volunteer at events and support programs that connect people to sustainable regional food systems.,Participa de forma voluntaria en eventos y apoya programas que conectan a las personas con sistemas alimentarios regionales sostenibles.,https://ecotrust.org/
Build Green Communities,School or Career Group,Innovating & Designing,Inventing,Engineering Without Borders USA,Volunteer your skills to design and implement community-driven sustainability projects.,Ofrece tus habilidades para diseñar e implementar proyectos de sostenibilidad impulsados ​​por la comunidad.,https://www.ewb-usa.org/,PSU Center for Public Interest Design,"Apply design solutions to support sustainable, equitable communities.",Aplica soluciones de diseño para apoyar comunidades sostenibles y equitativas.,https://www.pdx.edu/public-interest-design/,Albina Vision Trust,Help shape community-led development that centers Portland’s Black community and builds climate-resilient neighborhoods.,Ayuda a impulsar un desarrollo comunitario que se centra en la comunidad negra de Portland que construya vecindarios resilientes al clima.,https://albinavision.org/,Ecotrust,Volunteer at events and support programs that connect people to sustainable regional food systems.,Participa de forma voluntaria en eventos y apoya programas que conectan a las personas con sistemas alimentarios regionales sostenibles.,https://ecotrust.org/
Build Green Communities,Family or Household,Innovating & Designing,Problem Solving,Engineering Without Borders USA,Volunteer your skills to design and implement community-driven sustainability projects.,Ofrece tus habilidades para diseñar e implementar proyectos de sostenibilidad impulsados ​​por la comunidad.,https://www.ewb-usa.org/,PSU Center for Public Interest Design,"Apply design solutions to support sustainable, equitable communities.",Aplica soluciones de diseño para apoyar comunidades sostenibles y equitativas.,https://www.pdx.edu/public-interest-design/,Albina Vision Trust,Help shape community-led development that centers Portland’s Black community and builds climate-resilient neighborhoods.,Ayuda a impulsar un desarrollo comunitario que se centra en la comunidad negra de Portland que construya vecindarios resilientes al clima.,https://albinavision.org/,Ecotrust,Volunteer at events and support programs that connect people to sustainable regional food systems.,Participa de forma voluntaria en eventos y apoya programas que conectan a las personas con sistemas alimentarios regionales sostenibles.,https://ecotrust.org/
Build Green Communities,Family or Household,Innovating & Designing,Inventing,Engineering Without Borders USA,Volunteer your skills to design and implement community-driven sustainability projects.,Ofrece tus habilidades para diseñar e implementar proyectos de sostenibilidad impulsados ​​por la comunidad.,https://www.ewb-usa.org/,PSU Center for Public Interest Design,"Apply design solutions to support sustainable, equitable communities.",Aplica soluciones de diseño para apoyar comunidades sostenibles y equitativas.,https://www.pdx.edu/public-interest-design/,Albina Vision Trust,Help shape community-led development that centers Portland’s Black community and builds climate-resilient neighborhoods.,Ayuda a impulsar un desarrollo comunitario que se centra en la comunidad negra de Portland que construya vecindarios resilientes al clima.,https://albinavision.org/,Ecotrust,Volunteer at events and support programs that connect people to sustainable regional food systems.,Participa de forma voluntaria en eventos y apoya programas que conectan a las personas con sistemas alimentarios regionales sostenibles.,https://ecotrust.org/
Build Green Communities,Community Group,Innovating & Designing,Problem Solving,Engineering Without Borders USA,Volunteer your skills to design and implement community-driven sustainability projects.,Ofrece tus habilidades para diseñar e implementar proyectos de sostenibilidad impulsados ​​por la comunidad.,https://www.ewb-usa.org/,PSU Center for Public Interest Design,"Apply design solutions to support sustainable, equitable communities.",Aplica soluciones de diseño para apoyar comunidades sostenibles y equitativas.,https://www.pdx.edu/public-interest-design/,Albina Vision Trust,Help shape community-led development that centers Portland’s Black community and builds climate-resilient neighborhoods.,Ayuda a impulsar un desarrollo comunitario que se centra en la comunidad negra de Portland que construya vecindarios resilientes al clima.,https://albinavision.org/,NAYA Family Center,"Support Indigenous-led community building through culture, education, housing, and climate justice initiatives.","Apoya la construcción de comunidades lideradas por indígenas a través de  iniciativas de cultura, educación, vivienda y justicia climática.",https://nayapdx.org/
Build Green Communities,Community Group,Innovating & Designing,Inventing,Engineering Without Borders USA,Volunteer your skills to design and implement community-driven sustainability projects.,Ofrece tus habilidades para diseñar e implementar proyectos de sostenibilidad impulsados ​​por la comunidad.,https://www.ewb-usa.org/,PSU Center for Public Interest Design,"Apply design solutions to support sustainable, equitable communities.",Aplica soluciones de diseño para apoyar comunidades sostenibles y equitativas.,https://www.pdx.edu/public-interest-design/,Albina Vision Trust,Help shape community-led development that centers Portland’s Black community and builds climate-resilient neighborhoods.,Ayuda a impulsar un desarrollo comunitario que se centra en la comunidad negra de Portland que construya vecindarios resilientes al clima.,https://albinavision.org/,NAYA Family Center,"Support Indigenous-led community building through culture, education, housing, and climate justice initiatives.","Apoya la construcción de comunidades lideradas por indígenas a través de  iniciativas de cultura, educación, vivienda y justicia climática.",https://nayapdx.org/
Build Green Communities,Faith-Based Group,Innovating & Designing,Problem Solving,GreenFaith,Take part in global interfaith campaigns that unite moral leadership with grassroots climate action.,Participa en campañas globales  interreligiosas que unen el liderazgo moral con la acción climática comunitaria.,https://greenfaith.org/,PSU Center for Public Interest Design,"Apply design solutions to support sustainable, equitable communities.",Aplica soluciones de diseño para apoyar comunidades sostenibles y equitativas.,https://www.pdx.edu/public-interest-design/,Albina Vision Trust,Help shape community-led development that centers Portland’s Black community and builds climate-resilient neighborhoods.,Ayuda a impulsar un desarrollo comunitario que se centra en la comunidad negra de Portland que construya vecindarios resilientes al clima.,https://albinavision.org/,Ecumenical Ministries of Oregon (EMO),Advance climate justice and resilience through faith-based networks and Creation Justice programs.,Promueve la justicia climática y la resiliencia a través de redes religiosas y programas de Creation Justice.,https://emoregon.org/creation-justice/
Build Green Communities,Faith-Based Group,Innovating & Designing,Inventing,GreenFaith,Take part in global interfaith campaigns that unite moral leadership with grassroots climate action.,Participa en campañas globales  interreligiosas que unen el liderazgo moral con la acción climática comunitaria.,https://greenfaith.org/,PSU Center for Public Interest Design,"Apply design solutions to support sustainable, equitable communities.",Aplica soluciones de diseño para apoyar comunidades sostenibles y equitativas.,https://www.pdx.edu/public-interest-design/,Albina Vision Trust,Help shape community-led development that centers Portland’s Black community and builds climate-resilient neighborhoods.,Ayuda a impulsar un desarrollo comunitario que se centra en la comunidad negra de Portland que construya vecindarios resilientes al clima.,https://albinavision.org/,Ecumenical Ministries of Oregon (EMO),Advance climate justice and resilience through faith-based networks and Creation Justice programs.,Promueve la justicia climática y la resiliencia a través de redes religiosas y programas de Creation Justice.,https://emoregon.org/creation-justice/
Build Green Communities,Sports or Rec Group,Organizing & Leading,Bringing people together,Climate Action Network (CAN),Join a worldwide network of civil society organizations advancing climate action and policy solutions.,Únete a una red mundial de organizaciones de la sociedad civil que promueven la acción climática y soluciones políticas.,https://climatenetwork.org/,YEJA (Youth Environmental Justice Alliance),Organize with youth in Portland to advance environmental and climate justice.,Organízate con jóvenes de Portland para fomentar la justicia ambiental y climática.,https://www.opalpdx.org/yeja/,Rogue Climate,Organize community campaigns for clean energy and climate justice across Southern Oregon.,Organiza campañas comunitarias a favor de la energía limpia y la justicia climática en el sur de Oregón.,https://rogueclimate.org/,Depave,"Help remove pavement and create green spaces for healthier, more climate-resilient communities.",Ayuda a remover el pavimento y a crear espacios verdes para lograr comunidades más saludables y resilientes al clima.,https://depave.org/
Build Green Communities,Sports or Rec Group,Organizing & Leading,Talking to people,Climate Action Network (CAN),Join a worldwide network of civil society organizations advancing climate action and policy solutions.,Únete a una red mundial de organizaciones de la sociedad civil que promueven la acción climática y soluciones políticas.,https://climatenetwork.org/,YEJA (Youth Environmental Justice Alliance),Organize with youth in Portland to advance environmental and climate justice.,Organízate con jóvenes de Portland para fomentar la justicia ambiental y climática.,https://www.opalpdx.org/yeja/,Rogue Climate,Organize community campaigns for clean energy and climate justice across Southern Oregon.,Organiza campañas comunitarias a favor de la energía limpia y la justicia climática en el sur de Oregón.,https://rogueclimate.org/,Depave,"Help remove pavement and create green spaces for healthier, more climate-resilient communities.",Ayuda a remover el pavimento y a crear espacios verdes para lograr comunidades más saludables y resilientes al clima.,https://depave.org/
Build Green Communities,Arts or Hobbies Group,Organizing & Leading,Bringing people together,Climate Action Network (CAN),Join a worldwide network of civil society organizations advancing climate action and policy solutions.,Únete a una red mundial de organizaciones de la sociedad civil que promueven la acción climática y soluciones políticas.,https://climatenetwork.org/,Making Earth Cool,"Create science-based, funny, and creative content and participate in events to inspire climate stewardship.",Crea contenido científico divertido y creativo y participa en eventos para inspirar la administración climática.,https://makingearthcool.com/,350PDX,"Join Portland’s climate justice movement to take part in advocacy, creative art actions, and community learning opportunities.","Únete al movimiento por la justicia climática de Portland para participar en actividades de apoyo, acciones artísticas creativas y oportunidades de aprendizaje comunitario.",https://350pdx.org/,Our Children’s Trust,Support youth-led legal actions that hold governments accountable for protecting a stable climate and a livable future.,Apoya las acciones legales lideradas por jóvenes para hacer que los gobiernos se hagan responsables de proteger un clima estable y un futuro habitable.,https://www.ourchildrenstrust.org/
Build Green Communities,Arts or Hobbies Group,Organizing & Leading,Talking to people,Climate Action Network (CAN),Join a worldwide network of civil society organizations advancing climate action and policy solutions.,Únete a una red mundial de organizaciones de la sociedad civil que promueven la acción climática y soluciones políticas.,https://climatenetwork.org/,Making Earth Cool,"Create science-based, funny, and creative content and participate in events to inspire climate stewardship.",Crea contenido científico divertido y creativo y participa en eventos para inspirar la administración climática.,https://makingearthcool.com/,350PDX,"Join Portland’s climate justice movement to take part in advocacy, creative art actions, and community learning opportunities.","Únete al movimiento por la justicia climática de Portland para participar en actividades de apoyo, acciones artísticas creativas y oportunidades de aprendizaje comunitario.",https://350pdx.org/,Our Children’s Trust,Support youth-led legal actions that hold governments accountable for protecting a stable climate and a livable future.,Apoya las acciones legales lideradas por jóvenes para hacer que los gobiernos se hagan responsables de proteger un clima estable y un futuro habitable.,https://www.ourchildrenstrust.org/
Build Green Communities,School or Career Group,Organizing & Leading,Bringing people together,Climate Action Network (CAN),Join a worldwide network of civil society organizations advancing climate action and policy solutions.,Únete a una red mundial de organizaciones de la sociedad civil que promueven la acción climática y soluciones políticas.,https://climatenetwork.org/,Our Future,"Support youth leaders across Oregon organizing for equity, climate justice, and inclusive climate action.","Apoya a líderes juveniles de Oregón que se organizan por la equidad, la justicia climática y la acción climática inclusiva.",https://www.ourfutureoregon.org/,Rogue Climate,Organize community campaigns for clean energy and climate justice across Southern Oregon.,Organiza campañas comunitarias a favor de la energía limpia y la justicia climática en el sur de Oregón.,https://rogueclimate.org/,Portland Youth Climate Council,Join a student-led coalition organizing campaigns for urgent local climate solutions.,Únete a una coalición liderada por estudiantes que organiza campañas para encontrar soluciones urgentes al cambio climático a nivel local.,https://pdxclimatecouncil.wixsite.com/youth
Build Green Communities,School or Career Group,Organizing & Leading,Talking to people,Climate Action Network (CAN),Join a worldwide network of civil society organizations advancing climate action and policy solutions.,Únete a una red mundial de organizaciones de la sociedad civil que promueven la acción climática y soluciones políticas.,https://climatenetwork.org/,Our Future,"Support youth leaders across Oregon organizing for equity, climate justice, and inclusive climate action.","Apoya a líderes juveniles de Oregón que se organizan por la equidad, la justicia climática y la acción climática inclusiva.",https://www.ourfutureoregon.org/,Rogue Climate,Organize community campaigns for clean energy and climate justice across Southern Oregon.,Organiza campañas comunitarias a favor de la energía limpia y la justicia climática en el sur de Oregón.,https://rogueclimate.org/,Portland Youth Climate Council,Join a student-led coalition organizing campaigns for urgent local climate solutions.,Únete a una coalición liderada por estudiantes que organiza campañas para encontrar soluciones urgentes al cambio climático a nivel local.,https://pdxclimatecouncil.wixsite.com/youth
Build Green Communities,Family or Household,Organizing & Leading,Bringing people together,Climate Action Network (CAN),Join a worldwide network of civil society organizations advancing climate action and policy solutions.,Únete a una red mundial de organizaciones de la sociedad civil que promueven la acción climática y soluciones políticas.,https://climatenetwork.org/,Friends of Trees,"Plant and care for urban trees, restore natural areas, and build climate resilience in your community.","Planta y cuida árboles urbanos, restaura áreas naturales y desarrolla resiliencia climática en tu comunidad.",https://friendsoftrees.org/,Next Up,Empower young Oregonians to engage in democracy and advocate for progressive climate and social justice policies.,Empodera a la juventud de Oregón para que participen en la democracia y aboguen por políticas progresistas de justicia social y climática.,https://nextuporegon.org/,Our Children’s Trust,Support youth-led legal actions that hold governments accountable for protecting a stable climate and a livable future.,Apoya las acciones legales lideradas por jóvenes para hacer que los gobiernos se hagan responsables de proteger un clima estable y un futuro habitable.,https://www.ourchildrenstrust.org/
Build Green Communities,Family or Household,Organizing & Leading,Talking to people,Climate Action Network (CAN),Join a worldwide network of civil society organizations advancing climate action and policy solutions.,Únete a una red mundial de organizaciones de la sociedad civil que promueven la acción climática y soluciones políticas.,https://climatenetwork.org/,Friends of Trees,"Plant and care for urban trees, restore natural areas, and build climate resilience in your community.","Planta y cuida árboles urbanos, restaura áreas naturales y desarrolla resiliencia climática en tu comunidad.",https://friendsoftrees.org/,Next Up,Empower young Oregonians to engage in democracy and advocate for progressive climate and social justice policies.,Empodera a la juventud de Oregón para que participen en la democracia y aboguen por políticas progresistas de justicia social y climática.,https://nextuporegon.org/,Our Children’s Trust,Support youth-led legal actions that hold governments accountable for protecting a stable climate and a livable future.,Apoya las acciones legales lideradas por jóvenes para hacer que los gobiernos se hagan responsables de proteger un clima estable y un futuro habitable.,https://www.ourchildrenstrust.org/
Build Green Communities,Community Group,Organizing & Leading,Bringing people together,Climate Action Network (CAN),Join a worldwide network of civil society organizations advancing climate action and policy solutions.,Únete a una red mundial de organizaciones de la sociedad civil que promueven la acción climática y soluciones políticas.,https://climatenetwork.org/,Our Future,"Support youth leaders across Oregon organizing for equity, climate justice, and inclusive climate action.","Apoya a líderes juveniles de Oregón que se organizan por la equidad, la justicia climática y la acción climática inclusiva.",https://www.ourfutureoregon.org/,Rogue Climate,Organize community campaigns for clean energy and climate justice across Southern Oregon.,Organiza campañas comunitarias a favor de la energía limpia y la justicia climática en el sur de Oregón.,https://rogueclimate.org/,Albina Vision Trust,Help shape community-led development that centers Portland’s Black community and builds climate-resilient neighborhoods.,Ayuda a impulsar un desarrollo comunitario que se centra en la comunidad negra de Portland que construya vecindarios resilientes al clima.,https://albinavision.org/
Build Green Communities,Community Group,Organizing & Leading,Talking to people,Climate Action Network (CAN),Join a worldwide network of civil society organizations advancing climate action and policy solutions.,Únete a una red mundial de organizaciones de la sociedad civil que promueven la acción climática y soluciones políticas.,https://climatenetwork.org/,Our Future,"Support youth leaders across Oregon organizing for equity, climate justice, and inclusive climate action.","Apoya a líderes juveniles de Oregón que se organizan por la equidad, la justicia climática y la acción climática inclusiva.",https://www.ourfutureoregon.org/,Rogue Climate,Organize community campaigns for clean energy and climate justice across Southern Oregon.,Organiza campañas comunitarias a favor de la energía limpia y la justicia climática en el sur de Oregón.,https://rogueclimate.org/,Albina Vision Trust,Help shape community-led development that centers Portland’s Black community and builds climate-resilient neighborhoods.,Ayuda a impulsar un desarrollo comunitario que se centra en la comunidad negra de Portland que construya vecindarios resilientes al clima.,https://albinavision.org/
Build Green Communities,Faith-Based Group,Organizing & Leading,Bringing people together,Society of St. Andrew,Volunteer to glean surplus produce from farms and deliver it to hunger relief agencies.,Participa de forma voluntaria para recolectar excedentes de productos agrícolas y entregarlos a organizaciones de ayuda alimentaria .,https://endhunger.org/,YEJA (Youth Environmental Justice Alliance),Organize with youth in Portland to advance environmental and climate justice.,Organízate con jóvenes de Portland para fomentar la justicia ambiental y climática.,https://www.opalpdx.org/yeja/,Portland Youth Climate Council,Join a student-led coalition organizing campaigns for urgent local climate solutions.,Únete a una coalición liderada por estudiantes que organiza campañas para encontrar soluciones urgentes al cambio climático a nivel local.,https://pdxclimatecouncil.wixsite.com/youth,Ecumenical Ministries of Oregon (EMO),Advance climate justice and resilience through faith-based networks and Creation Justice programs.,Promueve la justicia climática y la resiliencia a través de redes religiosas y programas de Creation Justice.,https://emoregon.org/creation-justice/
Build Green Communities,Faith-Based Group,Organizing & Leading,Talking to people,Society of St. Andrew,Volunteer to glean surplus produce from farms and deliver it to hunger relief agencies.,Participa de forma voluntaria para recolectar excedentes de productos agrícolas y entregarlos a organizaciones de ayuda alimentaria .,https://endhunger.org/,YEJA (Youth Environmental Justice Alliance),Organize with youth in Portland to advance environmental and climate justice.,Organízate con jóvenes de Portland para fomentar la justicia ambiental y climática.,https://www.opalpdx.org/yeja/,Portland Youth Climate Council,Join a student-led coalition organizing campaigns for urgent local climate solutions.,Únete a una coalición liderada por estudiantes que organiza campañas para encontrar soluciones urgentes al cambio climático a nivel local.,https://pdxclimatecouncil.wixsite.com/youth,Ecumenical Ministries of Oregon (EMO),Advance climate justice and resilience through faith-based networks and Creation Justice programs.,Promueve la justicia climática y la resiliencia a través de redes religiosas y programas de Creation Justice.,https://emoregon.org/creation-justice/
Build Green Communities,Sports or Rec Group,Performing & Creating Art,Art,Extinction Rebellion,"Join a global movement using nonviolent direct action, creativity, and art to demand climate justice.","Únete a un movimiento global que utiliza la acción sin violencia, la creatividad y el arte para exigir justicia climática.",https://rebellion.global/,Making Earth Cool,"Create science-based, funny, and creative content and participate in events to inspire climate stewardship.",Crea contenido científico divertido y creativo y participa en eventos para inspirar la administración climática.,https://makingearthcool.com/,350PDX,"Join Portland’s climate justice movement to take part in advocacy, creative art actions, and community learning opportunities.","Únete al movimiento por la justicia climática de Portland para participar en actividades de apoyo, acciones artísticas creativas y oportunidades de aprendizaje comunitario.",https://350pdx.org/,Albina Vision Trust,Help shape community-led development that centers Portland’s Black community and builds climate-resilient neighborhoods.,Ayuda a impulsar un desarrollo comunitario que se centra en la comunidad negra de Portland que construya vecindarios resilientes al clima.,https://albinavision.org/
Build Green Communities,Sports or Rec Group,Performing & Creating Art,Creativity,Extinction Rebellion,"Join a global movement using nonviolent direct action, creativity, and art to demand climate justice.","Únete a un movimiento global que utiliza la acción sin violencia, la creatividad y el arte para exigir justicia climática.",https://rebellion.global/,Making Earth Cool,"Create science-based, funny, and creative content and participate in events to inspire climate stewardship.",Crea contenido científico divertido y creativo y participa en eventos para inspirar la administración climática.,https://makingearthcool.com/,350PDX,"Join Portland’s climate justice movement to take part in advocacy, creative art actions, and community learning opportunities.","Únete al movimiento por la justicia climática de Portland para participar en actividades de apoyo, acciones artísticas creativas y oportunidades de aprendizaje comunitario.",https://350pdx.org/,Albina Vision Trust,Help shape community-led development that centers Portland’s Black community and builds climate-resilient neighborhoods.,Ayuda a impulsar un desarrollo comunitario que se centra en la comunidad negra de Portland que construya vecindarios resilientes al clima.,https://albinavision.org/
Build Green Communities,Arts or Hobbies Group,Performing & Creating Art,Art,350,"Join a global grassroots movement for bold climate action through advocacy, creative campaigns, and community education.","Únete a un movimiento global de base para llevar a cabo acciones climáticas audaces a través del apoyo, campañas creativas y educación comunitaria.",https://350.org/,Making Earth Cool,"Create science-based, funny, and creative content and participate in events to inspire climate stewardship.",Crea contenido científico divertido y creativo y participa en eventos para inspirar la administración climática.,https://makingearthcool.com/,350PDX,"Join Portland’s climate justice movement to take part in advocacy, creative art actions, and community learning opportunities.","Únete al movimiento por la justicia climática de Portland para participar en actividades de apoyo, acciones artísticas creativas y oportunidades de aprendizaje comunitario.",https://350pdx.org/,Albina Vision Trust,Help shape community-led development that centers Portland’s Black community and builds climate-resilient neighborhoods.,Ayuda a impulsar un desarrollo comunitario que se centra en la comunidad negra de Portland que construya vecindarios resilientes al clima.,https://albinavision.org/
Build Green Communities,Arts or Hobbies Group,Performing & Creating Art,Creativity,350,"Join a global grassroots movement for bold climate action through advocacy, creative campaigns, and community education.","Únete a un movimiento global de base para llevar a cabo acciones climáticas audaces a través del apoyo, campañas creativas y educación comunitaria.",https://350.org/,Making Earth Cool,"Create science-based, funny, and creative content and participate in events to inspire climate stewardship.",Crea contenido científico divertido y creativo y participa en eventos para inspirar la administración climática.,https://makingearthcool.com/,350PDX,"Join Portland’s climate justice movement to take part in advocacy, creative art actions, and community learning opportunities.","Únete al movimiento por la justicia climática de Portland para participar en actividades de apoyo, acciones artísticas creativas y oportunidades de aprendizaje comunitario.",https://350pdx.org/,Albina Vision Trust,Help shape community-led development that centers Portland’s Black community and builds climate-resilient neighborhoods.,Ayuda a impulsar un desarrollo comunitario que se centra en la comunidad negra de Portland que construya vecindarios resilientes al clima.,https://albinavision.org/
Build Green Communities,School or Career Group,Performing & Creating Art,Art,Extinction Rebellion,"Join a global movement using nonviolent direct action, creativity, and art to demand climate justice.","Únete a un movimiento global que utiliza la acción sin violencia, la creatividad y el arte para exigir justicia climática.",https://rebellion.global/,Making Earth Cool,"Create science-based, funny, and creative content and participate in events to inspire climate stewardship.",Crea contenido científico divertido y creativo y participa en eventos para inspirar la administración climática.,https://makingearthcool.com/,350PDX,"Join Portland’s climate justice movement to take part in advocacy, creative art actions, and community learning opportunities.","Únete al movimiento por la justicia climática de Portland para participar en actividades de apoyo, acciones artísticas creativas y oportunidades de aprendizaje comunitario.",https://350pdx.org/,Albina Vision Trust,Help shape community-led development that centers Portland’s Black community and builds climate-resilient neighborhoods.,Ayuda a impulsar un desarrollo comunitario que se centra en la comunidad negra de Portland que construya vecindarios resilientes al clima.,https://albinavision.org/
Build Green Communities,School or Career Group,Performing & Creating Art,Creativity,Extinction Rebellion,"Join a global movement using nonviolent direct action, creativity, and art to demand climate justice.","Únete a un movimiento global que utiliza la acción sin violencia, la creatividad y el arte para exigir justicia climática.",https://rebellion.global/,Making Earth Cool,"Create science-based, funny, and creative content and participate in events to inspire climate stewardship.",Crea contenido científico divertido y creativo y participa en eventos para inspirar la administración climática.,https://makingearthcool.com/,350PDX,"Join Portland’s climate justice movement to take part in advocacy, creative art actions, and community learning opportunities.","Únete al movimiento por la justicia climática de Portland para participar en actividades de apoyo, acciones artísticas creativas y oportunidades de aprendizaje comunitario.",https://350pdx.org/,Albina Vision Trust,Help shape community-led development that centers Portland’s Black community and builds climate-resilient neighborhoods.,Ayuda a impulsar un desarrollo comunitario que se centra en la comunidad negra de Portland que construya vecindarios resilientes al clima.,https://albinavision.org/
Build Green Communities,Family or Household,Performing & Creating Art,Art,350,"Join a global grassroots movement for bold climate action through advocacy, creative campaigns, and community education.","Únete a un movimiento global de base para llevar a cabo acciones climáticas audaces a través del apoyo, campañas creativas y educación comunitaria.",https://350.org/,Making Earth Cool,"Create science-based, funny, and creative content and participate in events to inspire climate stewardship.",Crea contenido científico divertido y creativo y participa en eventos para inspirar la administración climática.,https://makingearthcool.com/,350PDX,"Join Portland’s climate justice movement to take part in advocacy, creative art actions, and community learning opportunities.","Únete al movimiento por la justicia climática de Portland para participar en actividades de apoyo, acciones artísticas creativas y oportunidades de aprendizaje comunitario.",https://350pdx.org/,Albina Vision Trust,Help shape community-led development that centers Portland’s Black community and builds climate-resilient neighborhoods.,Ayuda a impulsar un desarrollo comunitario que se centra en la comunidad negra de Portland que construya vecindarios resilientes al clima.,https://albinavision.org/
Build Green Communities,Family or Household,Performing & Creating Art,Creativity,350,"Join a global grassroots movement for bold climate action through advocacy, creative campaigns, and community education.","Únete a un movimiento global de base para llevar a cabo acciones climáticas audaces a través del apoyo, campañas creativas y educación comunitaria.",https://350.org/,Making Earth Cool,"Create science-based, funny, and creative content and participate in events to inspire climate stewardship.",Crea contenido científico divertido y creativo y participa en eventos para inspirar la administración climática.,https://makingearthcool.com/,350PDX,"Join Portland’s climate justice movement to take part in advocacy, creative art actions, and community learning opportunities.","Únete al movimiento por la justicia climática de Portland para participar en actividades de apoyo, acciones artísticas creativas y oportunidades de aprendizaje comunitario.",https://350pdx.org/,Albina Vision Trust,Help shape community-led development that centers Portland’s Black community and builds climate-resilient neighborhoods.,Ayuda a impulsar un desarrollo comunitario que se centra en la comunidad negra de Portland que construya vecindarios resilientes al clima.,https://albinavision.org/
Build Green Communities,Community Group,Performing & Creating Art,Art,350,"Join a global grassroots movement for bold climate action through advocacy, creative campaigns, and community education.","Únete a un movimiento global de base para llevar a cabo acciones climáticas audaces a través del apoyo, campañas creativas y educación comunitaria.",https://350.org/,Making Earth Cool,"Create science-based, funny, and creative content and participate in events to inspire climate stewardship.",Crea contenido científico divertido y creativo y participa en eventos para inspirar la administración climática.,https://makingearthcool.com/,350PDX,"Join Portland’s climate justice movement to take part in advocacy, creative art actions, and community learning opportunities.","Únete al movimiento por la justicia climática de Portland para participar en actividades de apoyo, acciones artísticas creativas y oportunidades de aprendizaje comunitario.",https://350pdx.org/,Albina Vision Trust,Help shape community-led development that centers Portland’s Black community and builds climate-resilient neighborhoods.,Ayuda a impulsar un desarrollo comunitario que se centra en la comunidad negra de Portland que construya vecindarios resilientes al clima.,https://albinavision.org/
Build Green Communities,Community Group,Performing & Creating Art,Creativity,350,"Join a global grassroots movement for bold climate action through advocacy, creative campaigns, and community education.","Únete a un movimiento global de base para llevar a cabo acciones climáticas audaces a través del apoyo, campañas creativas y educación comunitaria.",https://350.org/,Making Earth Cool,"Create science-based, funny, and creative content and participate in events to inspire climate stewardship.",Crea contenido científico divertido y creativo y participa en eventos para inspirar la administración climática.,https://makingearthcool.com/,350PDX,"Join Portland’s climate justice movement to take part in advocacy, creative art actions, and community learning opportunities.","Únete al movimiento por la justicia climática de Portland para participar en actividades de apoyo, acciones artísticas creativas y oportunidades de aprendizaje comunitario.",https://350pdx.org/,Albina Vision Trust,Help shape community-led development that centers Portland’s Black community and builds climate-resilient neighborhoods.,Ayuda a impulsar un desarrollo comunitario que se centra en la comunidad negra de Portland que construya vecindarios resilientes al clima.,https://albinavision.org/
Build Green Communities,Faith-Based Group,Performing & Creating Art,Art,GreenFaith,Take part in global interfaith campaigns that unite moral leadership with grassroots climate action.,Participa en campañas globales  interreligiosas que unen el liderazgo moral con la acción climática comunitaria.,https://greenfaith.org/,Making Earth Cool,"Create science-based, funny, and creative content and participate in events to inspire climate stewardship.",Crea contenido científico divertido y creativo y participa en eventos para inspirar la administración climática.,https://makingearthcool.com/,350PDX,"Join Portland’s climate justice movement to take part in advocacy, creative art actions, and community learning opportunities.","Únete al movimiento por la justicia climática de Portland para participar en actividades de apoyo, acciones artísticas creativas y oportunidades de aprendizaje comunitario.",https://350pdx.org/,Ecumenical Ministries of Oregon (EMO),Advance climate justice and resilience through faith-based networks and Creation Justice programs.,Promueve la justicia climática y la resiliencia a través de redes religiosas y programas de Creation Justice.,https://emoregon.org/creation-justice/
Build Green Communities,Faith-Based Group,Performing & Creating Art,Creativity,GreenFaith,Take part in global interfaith campaigns that unite moral leadership with grassroots climate action.,Participa en campañas globales  interreligiosas que unen el liderazgo moral con la acción climática comunitaria.,https://greenfaith.org/,Making Earth Cool,"Create science-based, funny, and creative content and participate in events to inspire climate stewardship.",Crea contenido científico divertido y creativo y participa en eventos para inspirar la administración climática.,https://makingearthcool.com/,350PDX,"Join Portland’s climate justice movement to take part in advocacy, creative art actions, and community learning opportunities.","Únete al movimiento por la justicia climática de Portland para participar en actividades de apoyo, acciones artísticas creativas y oportunidades de aprendizaje comunitario.",https://350pdx.org/,Ecumenical Ministries of Oregon (EMO),Advance climate justice and resilience through faith-based networks and Creation Justice programs.,Promueve la justicia climática y la resiliencia a través de redes religiosas y programas de Creation Justice.,https://emoregon.org/creation-justice/
Build Green Communities,Sports or Rec Group,Researching & Learning,Reading,Project Drawdown,Explore the Drawdown Solutions Library and learn from leading research on proven ways to cut emissions and speed climate solutions.,Explora la Drawdown Solutions Library y aprende de las investigaciones importantes sobre formas comprobadas de reducir las emisiones y acelerar las soluciones climáticas.,https://drawdown.org/,Depave,"Help remove pavement and create green spaces for healthier, more climate-resilient communities.",Ayuda a remover el pavimento y a crear espacios verdes para lograr comunidades más saludables y resilientes al clima.,https://depave.org/,NAYA Family Center,"Support Indigenous-led community building through culture, education, housing, and climate justice initiatives.","Apoya la construcción de comunidades lideradas por indígenas a través de  iniciativas de cultura, educación, vivienda y justicia climática.",https://nayapdx.org/,NAYA Family Center,"Support Indigenous-led community building through culture, education, housing, and climate justice initiatives.","Apoya la construcción de comunidades lideradas por indígenas a través de  iniciativas de cultura, educación, vivienda y justicia climática.",https://nayapdx.org/
Build Green Communities,Sports or Rec Group,Researching & Learning,Exploring New Topics,Project Drawdown,Explore the Drawdown Solutions Library and learn from leading research on proven ways to cut emissions and speed climate solutions.,Explora la Drawdown Solutions Library y aprende de las investigaciones importantes sobre formas comprobadas de reducir las emisiones y acelerar las soluciones climáticas.,https://drawdown.org/,Depave,"Help remove pavement and create green spaces for healthier, more climate-resilient communities.",Ayuda a remover el pavimento y a crear espacios verdes para lograr comunidades más saludables y resilientes al clima.,https://depave.org/,NAYA Family Center,"Support Indigenous-led community building through culture, education, housing, and climate justice initiatives.","Apoya la construcción de comunidades lideradas por indígenas a través de  iniciativas de cultura, educación, vivienda y justicia climática.",https://nayapdx.org/,NAYA Family Center,"Support Indigenous-led community building through culture, education, housing, and climate justice initiatives.","Apoya la construcción de comunidades lideradas por indígenas a través de  iniciativas de cultura, educación, vivienda y justicia climática.",https://nayapdx.org/
Build Green Communities,Arts or Hobbies Group,Researching & Learning,Reading,Project Drawdown,Explore the Drawdown Solutions Library and learn from leading research on proven ways to cut emissions and speed climate solutions.,Explora la Drawdown Solutions Library y aprende de las investigaciones importantes sobre formas comprobadas de reducir las emisiones y acelerar las soluciones climáticas.,https://drawdown.org/,Depave,"Help remove pavement and create green spaces for healthier, more climate-resilient communities.",Ayuda a remover el pavimento y a crear espacios verdes para lograr comunidades más saludables y resilientes al clima.,https://depave.org/,NAYA Family Center,"Support Indigenous-led community building through culture, education, housing, and climate justice initiatives.","Apoya la construcción de comunidades lideradas por indígenas a través de  iniciativas de cultura, educación, vivienda y justicia climática.",https://nayapdx.org/,NAYA Family Center,"Support Indigenous-led community building through culture, education, housing, and climate justice initiatives.","Apoya la construcción de comunidades lideradas por indígenas a través de  iniciativas de cultura, educación, vivienda y justicia climática.",https://nayapdx.org/
Build Green Communities,Arts or Hobbies Group,Researching & Learning,Exploring New Topics,Project Drawdown,Explore the Drawdown Solutions Library and learn from leading research on proven ways to cut emissions and speed climate solutions.,Explora la Drawdown Solutions Library y aprende de las investigaciones importantes sobre formas comprobadas de reducir las emisiones y acelerar las soluciones climáticas.,https://drawdown.org/,Depave,"Help remove pavement and create green spaces for healthier, more climate-resilient communities.",Ayuda a remover el pavimento y a crear espacios verdes para lograr comunidades más saludables y resilientes al clima.,https://depave.org/,NAYA Family Center,"Support Indigenous-led community building through culture, education, housing, and climate justice initiatives.","Apoya la construcción de comunidades lideradas por indígenas a través de  iniciativas de cultura, educación, vivienda y justicia climática.",https://nayapdx.org/,NAYA Family Center,"Support Indigenous-led community building through culture, education, housing, and climate justice initiatives.","Apoya la construcción de comunidades lideradas por indígenas a través de  iniciativas de cultura, educación, vivienda y justicia climática.",https://nayapdx.org/
Build Green Communities,School or Career Group,Researching & Learning,Reading,Project Drawdown,Explore the Drawdown Solutions Library and learn from leading research on proven ways to cut emissions and speed climate solutions.,Explora la Drawdown Solutions Library y aprende de las investigaciones importantes sobre formas comprobadas de reducir las emisiones y acelerar las soluciones climáticas.,https://drawdown.org/,Next Up,Empower young Oregonians to engage in democracy and advocate for progressive climate and social justice policies.,Empodera a la juventud de Oregón para que participen en la democracia y aboguen por políticas progresistas de justicia social y climática.,https://nextuporegon.org/,Rogue Climate,Organize community campaigns for clean energy and climate justice across Southern Oregon.,Organiza campañas comunitarias a favor de la energía limpia y la justicia climática en el sur de Oregón.,https://rogueclimate.org/,NAYA Family Center,"Support Indigenous-led community building through culture, education, housing, and climate justice initiatives.","Apoya la construcción de comunidades lideradas por indígenas a través de  iniciativas de cultura, educación, vivienda y justicia climática.",https://nayapdx.org/
Build Green Communities,School or Career Group,Researching & Learning,Exploring New Topics,Project Drawdown,Explore the Drawdown Solutions Library and learn from leading research on proven ways to cut emissions and speed climate solutions.,Explora la Drawdown Solutions Library y aprende de las investigaciones importantes sobre formas comprobadas de reducir las emisiones y acelerar las soluciones climáticas.,https://drawdown.org/,Next Up,Empower young Oregonians to engage in democracy and advocate for progressive climate and social justice policies.,Empodera a la juventud de Oregón para que participen en la democracia y aboguen por políticas progresistas de justicia social y climática.,https://nextuporegon.org/,Rogue Climate,Organize community campaigns for clean energy and climate justice across Southern Oregon.,Organiza campañas comunitarias a favor de la energía limpia y la justicia climática en el sur de Oregón.,https://rogueclimate.org/,NAYA Family Center,"Support Indigenous-led community building through culture, education, housing, and climate justice initiatives.","Apoya la construcción de comunidades lideradas por indígenas a través de  iniciativas de cultura, educación, vivienda y justicia climática.",https://nayapdx.org/
Build Green Communities,Family or Household,Researching & Learning,Reading,Project Drawdown,Explore the Drawdown Solutions Library and learn from leading research on proven ways to cut emissions and speed climate solutions.,Explora la Drawdown Solutions Library y aprende de las investigaciones importantes sobre formas comprobadas de reducir las emisiones y acelerar las soluciones climáticas.,https://drawdown.org/,Depave,"Help remove pavement and create green spaces for healthier, more climate-resilient communities.",Ayuda a remover el pavimento y a crear espacios verdes para lograr comunidades más saludables y resilientes al clima.,https://depave.org/,NAYA Family Center,"Support Indigenous-led community building through culture, education, housing, and climate justice initiatives.","Apoya la construcción de comunidades lideradas por indígenas a través de  iniciativas de cultura, educación, vivienda y justicia climática.",https://nayapdx.org/,NAYA Family Center,"Support Indigenous-led community building through culture, education, housing, and climate justice initiatives.","Apoya la construcción de comunidades lideradas por indígenas a través de  iniciativas de cultura, educación, vivienda y justicia climática.",https://nayapdx.org/
Build Green Communities,Family or Household,Researching & Learning,Exploring New Topics,Project Drawdown,Explore the Drawdown Solutions Library and learn from leading research on proven ways to cut emissions and speed climate solutions.,Explora la Drawdown Solutions Library y aprende de las investigaciones importantes sobre formas comprobadas de reducir las emisiones y acelerar las soluciones climáticas.,https://drawdown.org/,Depave,"Help remove pavement and create green spaces for healthier, more climate-resilient communities.",Ayuda a remover el pavimento y a crear espacios verdes para lograr comunidades más saludables y resilientes al clima.,https://depave.org/,NAYA Family Center,"Support Indigenous-led community building through culture, education, housing, and climate justice initiatives.","Apoya la construcción de comunidades lideradas por indígenas a través de  iniciativas de cultura, educación, vivienda y justicia climática.",https://nayapdx.org/,NAYA Family Center,"Support Indigenous-led community building through culture, education, housing, and climate justice initiatives.","Apoya la construcción de comunidades lideradas por indígenas a través de  iniciativas de cultura, educación, vivienda y justicia climática.",https://nayapdx.org/
Build Green Communities,Community Group,Researching & Learning,Reading,Project Drawdown,Explore the Drawdown Solutions Library and learn from leading research on proven ways to cut emissions and speed climate solutions.,Explora la Drawdown Solutions Library y aprende de las investigaciones importantes sobre formas comprobadas de reducir las emisiones y acelerar las soluciones climáticas.,https://drawdown.org/,Next Up,Empower young Oregonians to engage in democracy and advocate for progressive climate and social justice policies.,Empodera a la juventud de Oregón para que participen en la democracia y aboguen por políticas progresistas de justicia social y climática.,https://nextuporegon.org/,Rogue Climate,Organize community campaigns for clean energy and climate justice across Southern Oregon.,Organiza campañas comunitarias a favor de la energía limpia y la justicia climática en el sur de Oregón.,https://rogueclimate.org/,NAYA Family Center,"Support Indigenous-led community building through culture, education, housing, and climate justice initiatives.","Apoya la construcción de comunidades lideradas por indígenas a través de  iniciativas de cultura, educación, vivienda y justicia climática.",https://nayapdx.org/
Build Green Communities,Community Group,Researching & Learning,Exploring New Topics,Project Drawdown,Explore the Drawdown Solutions Library and learn from leading research on proven ways to cut emissions and speed climate solutions.,Explora la Drawdown Solutions Library y aprende de las investigaciones importantes sobre formas comprobadas de reducir las emisiones y acelerar las soluciones climáticas.,https://drawdown.org/,Next Up,Empower young Oregonians to engage in democracy and advocate for progressive climate and social justice policies.,Empodera a la juventud de Oregón para que participen en la democracia y aboguen por políticas progresistas de justicia social y climática.,https://nextuporegon.org/,Rogue Climate,Organize community campaigns for clean energy and climate justice across Southern Oregon.,Organiza campañas comunitarias a favor de la energía limpia y la justicia climática en el sur de Oregón.,https://rogueclimate.org/,NAYA Family Center,"Support Indigenous-led community building through culture, education, housing, and climate justice initiatives.","Apoya la construcción de comunidades lideradas por indígenas a través de  iniciativas de cultura, educación, vivienda y justicia climática.",https://nayapdx.org/
Build Green Communities,Faith-Based Group,Researching & Learning,Reading,GreenFaith,Take part in global interfaith campaigns that unite moral leadership with grassroots climate action.,Participa en campañas globales  interreligiosas que unen el liderazgo moral con la acción climática comunitaria.,https://greenfaith.org/,Ecumenical Ministries of Oregon (EMO),Advance climate justice and resilience through faith-based networks and Creation Justice programs.,Promueve la justicia climática y la resiliencia a través de redes religiosas y programas de Creation Justice.,https://emoregon.org/creation-justice/,Ecotrust,Volunteer at events and support programs that connect people to sustainable regional food systems.,Participa de forma voluntaria en eventos y apoya programas que conectan a las personas con sistemas alimentarios regionales sostenibles.,https://ecotrust.org/,Oregon Walks,"Promote walking and advocate for safe, convenient, and accessible pedestrian infrastructure.","Promueve el caminar y aboga por una infraestructura peatonal segura, conveniente y accesible.",https://oregonwalks.org/
Build Green Communities,Faith-Based Group,Researching & Learning,Exploring New Topics,GreenFaith,Take part in global interfaith campaigns that unite moral leadership with grassroots climate action.,Participa en campañas globales  interreligiosas que unen el liderazgo moral con la acción climática comunitaria.,https://greenfaith.org/,Ecumenical Ministries of Oregon (EMO),Advance climate justice and resilience through faith-based networks and Creation Justice programs.,Promueve la justicia climática y la resiliencia a través de redes religiosas y programas de Creation Justice.,https://emoregon.org/creation-justice/,Ecotrust,Volunteer at events and support programs that connect people to sustainable regional food systems.,Participa de forma voluntaria en eventos y apoya programas que conectan a las personas con sistemas alimentarios regionales sostenibles.,https://ecotrust.org/,Oregon Walks,"Promote walking and advocate for safe, convenient, and accessible pedestrian infrastructure.","Promueve el caminar y aboga por una infraestructura peatonal segura, conveniente y accesible.",https://oregonwalks.org/
Build Green Communities,Sports or Rec Group,Teaching & Mentoring,Mentoring,Climate Reality Project,Get trained and join local chapters to lead public education and climate solution projects.,Capacítate y únete a las secciones locales para liderar proyectos de educación pública y soluciones climáticas.,https://www.climaterealityproject.org/,Depave,"Help remove pavement and create green spaces for healthier, more climate-resilient communities.",Ayuda a remover el pavimento y a crear espacios verdes para lograr comunidades más saludables y resilientes al clima.,https://depave.org/,YEJA (Youth Environmental Justice Alliance),Organize with youth in Portland to advance environmental and climate justice.,Organízate con jóvenes de Portland para fomentar la justicia ambiental y climática.,https://www.opalpdx.org/yeja/,Our Children’s Trust,Support youth-led legal actions that hold governments accountable for protecting a stable climate and a livable future.,Apoya las acciones legales lideradas por jóvenes para hacer que los gobiernos se hagan responsables de proteger un clima estable y un futuro habitable.,https://www.ourchildrenstrust.org/
Build Green Communities,Sports or Rec Group,Teaching & Mentoring,Helping others learn,Climate Reality Project,Get trained and join local chapters to lead public education and climate solution projects.,Capacítate y únete a las secciones locales para liderar proyectos de educación pública y soluciones climáticas.,https://www.climaterealityproject.org/,Depave,"Help remove pavement and create green spaces for healthier, more climate-resilient communities.",Ayuda a remover el pavimento y a crear espacios verdes para lograr comunidades más saludables y resilientes al clima.,https://depave.org/,YEJA (Youth Environmental Justice Alliance),Organize with youth in Portland to advance environmental and climate justice.,Organízate con jóvenes de Portland para fomentar la justicia ambiental y climática.,https://www.opalpdx.org/yeja/,Our Children’s Trust,Support youth-led legal actions that hold governments accountable for protecting a stable climate and a livable future.,Apoya las acciones legales lideradas por jóvenes para hacer que los gobiernos se hagan responsables de proteger un clima estable y un futuro habitable.,https://www.ourchildrenstrust.org/
Build Green Communities,Arts or Hobbies Group,Teaching & Mentoring,Mentoring,Climate Reality Project,Get trained and join local chapters to lead public education and climate solution projects.,Capacítate y únete a las secciones locales para liderar proyectos de educación pública y soluciones climáticas.,https://www.climaterealityproject.org/,Our Future,"Support youth leaders across Oregon organizing for equity, climate justice, and inclusive climate action.","Apoya a líderes juveniles de Oregón que se organizan por la equidad, la justicia climática y la acción climática inclusiva.",https://www.ourfutureoregon.org/,YEJA (Youth Environmental Justice Alliance),Organize with youth in Portland to advance environmental and climate justice.,Organízate con jóvenes de Portland para fomentar la justicia ambiental y climática.,https://www.opalpdx.org/yeja/,Our Children’s Trust,Support youth-led legal actions that hold governments accountable for protecting a stable climate and a livable future.,Apoya las acciones legales lideradas por jóvenes para hacer que los gobiernos se hagan responsables de proteger un clima estable y un futuro habitable.,https://www.ourchildrenstrust.org/
Build Green Communities,Arts or Hobbies Group,Teaching & Mentoring,Helping others learn,Climate Reality Project,Get trained and join local chapters to lead public education and climate solution projects.,Capacítate y únete a las secciones locales para liderar proyectos de educación pública y soluciones climáticas.,https://www.climaterealityproject.org/,Our Future,"Support youth leaders across Oregon organizing for equity, climate justice, and inclusive climate action.","Apoya a líderes juveniles de Oregón que se organizan por la equidad, la justicia climática y la acción climática inclusiva.",https://www.ourfutureoregon.org/,YEJA (Youth Environmental Justice Alliance),Organize with youth in Portland to advance environmental and climate justice.,Organízate con jóvenes de Portland para fomentar la justicia ambiental y climática.,https://www.opalpdx.org/yeja/,Our Children’s Trust,Support youth-led legal actions that hold governments accountable for protecting a stable climate and a livable future.,Apoya las acciones legales lideradas por jóvenes para hacer que los gobiernos se hagan responsables de proteger un clima estable y un futuro habitable.,https://www.ourchildrenstrust.org/
Build Green Communities,School or Career Group,Teaching & Mentoring,Mentoring,Climate Reality Project,Get trained and join local chapters to lead public education and climate solution projects.,Capacítate y únete a las secciones locales para liderar proyectos de educación pública y soluciones climáticas.,https://www.climaterealityproject.org/,Portland Youth Climate Council,Join a student-led coalition organizing campaigns for urgent local climate solutions.,Únete a una coalición liderada por estudiantes que organiza campañas para encontrar soluciones urgentes al cambio climático a nivel local.,https://pdxclimatecouncil.wixsite.com/youth,Rogue Climate,Organize community campaigns for clean energy and climate justice across Southern Oregon.,Organiza campañas comunitarias a favor de la energía limpia y la justicia climática en el sur de Oregón.,https://rogueclimate.org/,Our Children’s Trust,Support youth-led legal actions that hold governments accountable for protecting a stable climate and a livable future.,Apoya las acciones legales lideradas por jóvenes para hacer que los gobiernos se hagan responsables de proteger un clima estable y un futuro habitable.,https://www.ourchildrenstrust.org/
Build Green Communities,School or Career Group,Teaching & Mentoring,Helping others learn,Climate Reality Project,Get trained and join local chapters to lead public education and climate solution projects.,Capacítate y únete a las secciones locales para liderar proyectos de educación pública y soluciones climáticas.,https://www.climaterealityproject.org/,Portland Youth Climate Council,Join a student-led coalition organizing campaigns for urgent local climate solutions.,Únete a una coalición liderada por estudiantes que organiza campañas para encontrar soluciones urgentes al cambio climático a nivel local.,https://pdxclimatecouncil.wixsite.com/youth,Rogue Climate,Organize community campaigns for clean energy and climate justice across Southern Oregon.,Organiza campañas comunitarias a favor de la energía limpia y la justicia climática en el sur de Oregón.,https://rogueclimate.org/,Our Children’s Trust,Support youth-led legal actions that hold governments accountable for protecting a stable climate and a livable future.,Apoya las acciones legales lideradas por jóvenes para hacer que los gobiernos se hagan responsables de proteger un clima estable y un futuro habitable.,https://www.ourchildrenstrust.org/
Build Green Communities,Family or Household,Teaching & Mentoring,Mentoring,Climate Reality Project,Get trained and join local chapters to lead public education and climate solution projects.,Capacítate y únete a las secciones locales para liderar proyectos de educación pública y soluciones climáticas.,https://www.climaterealityproject.org/,Depave,"Help remove pavement and create green spaces for healthier, more climate-resilient communities.",Ayuda a remover el pavimento y a crear espacios verdes para lograr comunidades más saludables y resilientes al clima.,https://depave.org/,YEJA (Youth Environmental Justice Alliance),Organize with youth in Portland to advance environmental and climate justice.,Organízate con jóvenes de Portland para fomentar la justicia ambiental y climática.,https://www.opalpdx.org/yeja/,Our Children’s Trust,Support youth-led legal actions that hold governments accountable for protecting a stable climate and a livable future.,Apoya las acciones legales lideradas por jóvenes para hacer que los gobiernos se hagan responsables de proteger un clima estable y un futuro habitable.,https://www.ourchildrenstrust.org/
Build Green Communities,Family or Household,Teaching & Mentoring,Helping others learn,Climate Reality Project,Get trained and join local chapters to lead public education and climate solution projects.,Capacítate y únete a las secciones locales para liderar proyectos de educación pública y soluciones climáticas.,https://www.climaterealityproject.org/,Depave,"Help remove pavement and create green spaces for healthier, more climate-resilient communities.",Ayuda a remover el pavimento y a crear espacios verdes para lograr comunidades más saludables y resilientes al clima.,https://depave.org/,YEJA (Youth Environmental Justice Alliance),Organize with youth in Portland to advance environmental and climate justice.,Organízate con jóvenes de Portland para fomentar la justicia ambiental y climática.,https://www.opalpdx.org/yeja/,Our Children’s Trust,Support youth-led legal actions that hold governments accountable for protecting a stable climate and a livable future.,Apoya las acciones legales lideradas por jóvenes para hacer que los gobiernos se hagan responsables de proteger un clima estable y un futuro habitable.,https://www.ourchildrenstrust.org/
Build Green Communities,Community Group,Teaching & Mentoring,Mentoring,Climate Reality Project,Get trained and join local chapters to lead public education and climate solution projects.,Capacítate y únete a las secciones locales para liderar proyectos de educación pública y soluciones climáticas.,https://www.climaterealityproject.org/,Portland Youth Climate Council,Join a student-led coalition organizing campaigns for urgent local climate solutions.,Únete a una coalición liderada por estudiantes que organiza campañas para encontrar soluciones urgentes al cambio climático a nivel local.,https://pdxclimatecouncil.wixsite.com/youth,Sunrise Movement PDX,Train youth to advocate for just and equitable climate solutions.,Capacita a la juventud para que abogue por soluciones climáticas justas y equitativas.,https://www.sunrisemovement.org/hubs/,Our Children’s Trust,Support youth-led legal actions that hold governments accountable for protecting a stable climate and a livable future.,Apoya las acciones legales lideradas por jóvenes para hacer que los gobiernos se hagan responsables de proteger un clima estable y un futuro habitable.,https://www.ourchildrenstrust.org/
Build Green Communities,Community Group,Teaching & Mentoring,Helping others learn,Climate Reality Project,Get trained and join local chapters to lead public education and climate solution projects.,Capacítate y únete a las secciones locales para liderar proyectos de educación pública y soluciones climáticas.,https://www.climaterealityproject.org/,Portland Youth Climate Council,Join a student-led coalition organizing campaigns for urgent local climate solutions.,Únete a una coalición liderada por estudiantes que organiza campañas para encontrar soluciones urgentes al cambio climático a nivel local.,https://pdxclimatecouncil.wixsite.com/youth,Sunrise Movement PDX,Train youth to advocate for just and equitable climate solutions.,Capacita a la juventud para que abogue por soluciones climáticas justas y equitativas.,https://www.sunrisemovement.org/hubs/,Our Children’s Trust,Support youth-led legal actions that hold governments accountable for protecting a stable climate and a livable future.,Apoya las acciones legales lideradas por jóvenes para hacer que los gobiernos se hagan responsables de proteger un clima estable y un futuro habitable.,https://www.ourchildrenstrust.org/
Build Green Communities,Faith-Based Group,Teaching & Mentoring,Mentoring,GreenFaith,Take part in global interfaith campaigns that unite moral leadership with grassroots climate action.,Participa en campañas globales  interreligiosas que unen el liderazgo moral con la acción climática comunitaria.,https://greenfaith.org/,Ecumenical Ministries of Oregon (EMO),Advance climate justice and resilience through faith-based networks and Creation Justice programs.,Promueve la justicia climática y la resiliencia a través de redes religiosas y programas de Creation Justice.,https://emoregon.org/creation-justice/,Sunrise Movement PDX,Train youth to advocate for just and equitable climate solutions.,Capacita a la juventud para que abogue por soluciones climáticas justas y equitativas.,https://www.sunrisemovement.org/hubs/,Our Children’s Trust,Support youth-led legal actions that hold governments accountable for protecting a stable climate and a livable future.,Apoya las acciones legales lideradas por jóvenes para hacer que los gobiernos se hagan responsables de proteger un clima estable y un futuro habitable.,https://www.ourchildrenstrust.org/
Build Green Communities,Faith-Based Group,Teaching & Mentoring,Helping others learn,GreenFaith,Take part in global interfaith campaigns that unite moral leadership with grassroots climate action.,Participa en campañas globales  interreligiosas que unen el liderazgo moral con la acción climática comunitaria.,https://greenfaith.org/,Ecumenical Ministries of Oregon (EMO),Advance climate justice and resilience through faith-based networks and Creation Justice programs.,Promueve la justicia climática y la resiliencia a través de redes religiosas y programas de Creation Justice.,https://emoregon.org/creation-justice/,Sunrise Movement PDX,Train youth to advocate for just and equitable climate solutions.,Capacita a la juventud para que abogue por soluciones climáticas justas y equitativas.,https://www.sunrisemovement.org/hubs/,Our Children’s Trust,Support youth-led legal actions that hold governments accountable for protecting a stable climate and a livable future.,Apoya las acciones legales lideradas por jóvenes para hacer que los gobiernos se hagan responsables de proteger un clima estable y un futuro habitable.,https://www.ourchildrenstrust.org/
Create Green Transportation,Sports or Rec Group,Being Active & Outdoors,Sports,Cycling Without Age,Volunteer to give free bike rides to seniors and people with limited mobility.,Participa de forma voluntaria para dar paseos gratuitos en bicicleta a personas mayores y personas con movilidad reducida.,https://cyclingwithoutage.org/,The Street Trust,"Promote walking, biking, and transit through community events and advocacy for safe, low-carbon transportation.","Promueve el caminar, el ciclismo y el transporte público mediante eventos comunitarios y la promoción de un transporte seguro y con bajas emisiones de carbono.",https://www.thestreettrust.org/,Bike Loud PDX,Advocate for safer biking infrastructure by helping organize community campaigns.,Aboga por una infraestructura ciclista más segura ayudando a organizar campañas comunitarias.,https://www.bikeloudpdx.org/,Trailkeepers of Oregon,"Volunteer on trail maintenance crews, lead stewardship events, and advocate for better funding and protection for Oregon’s trails.","Participa de forma voluntaria en equipos de mantenimiento de senderos, lidera eventos de gestión y aboga por mejores recursos y protección para los senderos de Oregón.",https://trailkeepersoforegon.org/
Create Green Transportation,Sports or Rec Group,Being Active & Outdoors,Exploring Outside,Cycling Without Age,Volunteer to give free bike rides to seniors and people with limited mobility.,Participa de forma voluntaria para dar paseos gratuitos en bicicleta a personas mayores y personas con movilidad reducida.,https://cyclingwithoutage.org/,The Street Trust,"Promote walking, biking, and transit through community events and advocacy for safe, low-carbon transportation.","Promueve el caminar, el ciclismo y el transporte público mediante eventos comunitarios y la promoción de un transporte seguro y con bajas emisiones de carbono.",https://www.thestreettrust.org/,Bike Loud PDX,Advocate for safer biking infrastructure by helping organize community campaigns.,Aboga por una infraestructura ciclista más segura ayudando a organizar campañas comunitarias.,https://www.bikeloudpdx.org/,Trailkeepers of Oregon,"Volunteer on trail maintenance crews, lead stewardship events, and advocate for better funding and protection for Oregon’s trails.","Participa de forma voluntaria en equipos de mantenimiento de senderos, lidera eventos de gestión y aboga por mejores recursos y protección para los senderos de Oregón.",https://trailkeepersoforegon.org/
Create Green Transportation,Arts or Hobbies Group,Being Active & Outdoors,Sports,Cycling Without Age,Volunteer to give free bike rides to seniors and people with limited mobility.,Participa de forma voluntaria para dar paseos gratuitos en bicicleta a personas mayores y personas con movilidad reducida.,https://cyclingwithoutage.org/,The Street Trust,"Promote walking, biking, and transit through community events and advocacy for safe, low-carbon transportation.","Promueve el caminar, el ciclismo y el transporte público mediante eventos comunitarios y la promoción de un transporte seguro y con bajas emisiones de carbono.",https://www.thestreettrust.org/,Bike Loud PDX,Advocate for safer biking infrastructure by helping organize community campaigns.,Aboga por una infraestructura ciclista más segura ayudando a organizar campañas comunitarias.,https://www.bikeloudpdx.org/,Trailkeepers of Oregon,"Volunteer on trail maintenance crews, lead stewardship events, and advocate for better funding and protection for Oregon’s trails.","Participa de forma voluntaria en equipos de mantenimiento de senderos, lidera eventos de gestión y aboga por mejores recursos y protección para los senderos de Oregón.",https://trailkeepersoforegon.org/
Create Green Transportation,Arts or Hobbies Group,Being Active & Outdoors,Exploring Outside,Cycling Without Age,Volunteer to give free bike rides to seniors and people with limited mobility.,Participa de forma voluntaria para dar paseos gratuitos en bicicleta a personas mayores y personas con movilidad reducida.,https://cyclingwithoutage.org/,The Street Trust,"Promote walking, biking, and transit through community events and advocacy for safe, low-carbon transportation.","Promueve el caminar, el ciclismo y el transporte público mediante eventos comunitarios y la promoción de un transporte seguro y con bajas emisiones de carbono.",https://www.thestreettrust.org/,Bike Loud PDX,Advocate for safer biking infrastructure by helping organize community campaigns.,Aboga por una infraestructura ciclista más segura ayudando a organizar campañas comunitarias.,https://www.bikeloudpdx.org/,Trailkeepers of Oregon,"Volunteer on trail maintenance crews, lead stewardship events, and advocate for better funding and protection for Oregon’s trails.","Participa de forma voluntaria en equipos de mantenimiento de senderos, lidera eventos de gestión y aboga por mejores recursos y protección para los senderos de Oregón.",https://trailkeepersoforegon.org/
Create Green Transportation,School or Career Group,Being Active & Outdoors,Sports,Cycling Without Age,Volunteer to give free bike rides to seniors and people with limited mobility.,Participa de forma voluntaria para dar paseos gratuitos en bicicleta a personas mayores y personas con movilidad reducida.,https://cyclingwithoutage.org/,The Street Trust,"Promote walking, biking, and transit through community events and advocacy for safe, low-carbon transportation.","Promueve el caminar, el ciclismo y el transporte público mediante eventos comunitarios y la promoción de un transporte seguro y con bajas emisiones de carbono.",https://www.thestreettrust.org/,Bike Loud PDX,Advocate for safer biking infrastructure by helping organize community campaigns.,Aboga por una infraestructura ciclista más segura ayudando a organizar campañas comunitarias.,https://www.bikeloudpdx.org/,Trailkeepers of Oregon,"Volunteer on trail maintenance crews, lead stewardship events, and advocate for better funding and protection for Oregon’s trails.","Participa de forma voluntaria en equipos de mantenimiento de senderos, lidera eventos de gestión y aboga por mejores recursos y protección para los senderos de Oregón.",https://trailkeepersoforegon.org/
Create Green Transportation,School or Career Group,Being Active & Outdoors,Exploring Outside,Cycling Without Age,Volunteer to give free bike rides to seniors and people with limited mobility.,Participa de forma voluntaria para dar paseos gratuitos en bicicleta a personas mayores y personas con movilidad reducida.,https://cyclingwithoutage.org/,The Street Trust,"Promote walking, biking, and transit through community events and advocacy for safe, low-carbon transportation.","Promueve el caminar, el ciclismo y el transporte público mediante eventos comunitarios y la promoción de un transporte seguro y con bajas emisiones de carbono.",https://www.thestreettrust.org/,Bike Loud PDX,Advocate for safer biking infrastructure by helping organize community campaigns.,Aboga por una infraestructura ciclista más segura ayudando a organizar campañas comunitarias.,https://www.bikeloudpdx.org/,Trailkeepers of Oregon,"Volunteer on trail maintenance crews, lead stewardship events, and advocate for better funding and protection for Oregon’s trails.","Participa de forma voluntaria en equipos de mantenimiento de senderos, lidera eventos de gestión y aboga por mejores recursos y protección para los senderos de Oregón.",https://trailkeepersoforegon.org/
Create Green Transportation,Family or Household,Being Active & Outdoors,Sports,Cycling Without Age,Volunteer to give free bike rides to seniors and people with limited mobility.,Participa de forma voluntaria para dar paseos gratuitos en bicicleta a personas mayores y personas con movilidad reducida.,https://cyclingwithoutage.org/,The Street Trust,"Promote walking, biking, and transit through community events and advocacy for safe, low-carbon transportation.","Promueve el caminar, el ciclismo y el transporte público mediante eventos comunitarios y la promoción de un transporte seguro y con bajas emisiones de carbono.",https://www.thestreettrust.org/,Bike Loud PDX,Advocate for safer biking infrastructure by helping organize community campaigns.,Aboga por una infraestructura ciclista más segura ayudando a organizar campañas comunitarias.,https://www.bikeloudpdx.org/,Trailkeepers of Oregon,"Volunteer on trail maintenance crews, lead stewardship events, and advocate for better funding and protection for Oregon’s trails.","Participa de forma voluntaria en equipos de mantenimiento de senderos, lidera eventos de gestión y aboga por mejores recursos y protección para los senderos de Oregón.",https://trailkeepersoforegon.org/
Create Green Transportation,Family or Household,Being Active & Outdoors,Exploring Outside,Cycling Without Age,Volunteer to give free bike rides to seniors and people with limited mobility.,Participa de forma voluntaria para dar paseos gratuitos en bicicleta a personas mayores y personas con movilidad reducida.,https://cyclingwithoutage.org/,The Street Trust,"Promote walking, biking, and transit through community events and advocacy for safe, low-carbon transportation.","Promueve el caminar, el ciclismo y el transporte público mediante eventos comunitarios y la promoción de un transporte seguro y con bajas emisiones de carbono.",https://www.thestreettrust.org/,Bike Loud PDX,Advocate for safer biking infrastructure by helping organize community campaigns.,Aboga por una infraestructura ciclista más segura ayudando a organizar campañas comunitarias.,https://www.bikeloudpdx.org/,Trailkeepers of Oregon,"Volunteer on trail maintenance crews, lead stewardship events, and advocate for better funding and protection for Oregon’s trails.","Participa de forma voluntaria en equipos de mantenimiento de senderos, lidera eventos de gestión y aboga por mejores recursos y protección para los senderos de Oregón.",https://trailkeepersoforegon.org/
Create Green Transportation,Community Group,Being Active & Outdoors,Sports,Cycling Without Age,Volunteer to give free bike rides to seniors and people with limited mobility.,Participa de forma voluntaria para dar paseos gratuitos en bicicleta a personas mayores y personas con movilidad reducida.,https://cyclingwithoutage.org/,The Street Trust,"Promote walking, biking, and transit through community events and advocacy for safe, low-carbon transportation.","Promueve el caminar, el ciclismo y el transporte público mediante eventos comunitarios y la promoción de un transporte seguro y con bajas emisiones de carbono.",https://www.thestreettrust.org/,Bike Loud PDX,Advocate for safer biking infrastructure by helping organize community campaigns.,Aboga por una infraestructura ciclista más segura ayudando a organizar campañas comunitarias.,https://www.bikeloudpdx.org/,Trailkeepers of Oregon,"Volunteer on trail maintenance crews, lead stewardship events, and advocate for better funding and protection for Oregon’s trails.","Participa de forma voluntaria en equipos de mantenimiento de senderos, lidera eventos de gestión y aboga por mejores recursos y protección para los senderos de Oregón.",https://trailkeepersoforegon.org/
Create Green Transportation,Community Group,Being Active & Outdoors,Exploring Outside,Cycling Without Age,Volunteer to give free bike rides to seniors and people with limited mobility.,Participa de forma voluntaria para dar paseos gratuitos en bicicleta a personas mayores y personas con movilidad reducida.,https://cyclingwithoutage.org/,The Street Trust,"Promote walking, biking, and transit through community events and advocacy for safe, low-carbon transportation.","Promueve el caminar, el ciclismo y el transporte público mediante eventos comunitarios y la promoción de un transporte seguro y con bajas emisiones de carbono.",https://www.thestreettrust.org/,Bike Loud PDX,Advocate for safer biking infrastructure by helping organize community campaigns.,Aboga por una infraestructura ciclista más segura ayudando a organizar campañas comunitarias.,https://www.bikeloudpdx.org/,Trailkeepers of Oregon,"Volunteer on trail maintenance crews, lead stewardship events, and advocate for better funding and protection for Oregon’s trails.","Participa de forma voluntaria en equipos de mantenimiento de senderos, lidera eventos de gestión y aboga por mejores recursos y protección para los senderos de Oregón.",https://trailkeepersoforegon.org/
Create Green Transportation,Faith-Based Group,Being Active & Outdoors,Sports,GreenFaith,Take part in global interfaith campaigns that unite moral leadership with grassroots climate action.,Participa en campañas globales  interreligiosas que unen el liderazgo moral con la acción climática comunitaria.,https://greenfaith.org/,Ecumenical Ministries of Oregon (EMO),Advance climate justice and resilience through faith-based networks and Creation Justice programs.,Promueve la justicia climática y la resiliencia a través de redes religiosas y programas de Creation Justice.,https://emoregon.org/creation-justice/,Bike Loud PDX,Advocate for safer biking infrastructure by helping organize community campaigns.,Aboga por una infraestructura ciclista más segura ayudando a organizar campañas comunitarias.,https://www.bikeloudpdx.org/,Trailkeepers of Oregon,"Volunteer on trail maintenance crews, lead stewardship events, and advocate for better funding and protection for Oregon’s trails.","Participa de forma voluntaria en equipos de mantenimiento de senderos, lidera eventos de gestión y aboga por mejores recursos y protección para los senderos de Oregón.",https://trailkeepersoforegon.org/
Create Green Transportation,Faith-Based Group,Being Active & Outdoors,Exploring Outside,GreenFaith,Take part in global interfaith campaigns that unite moral leadership with grassroots climate action.,Participa en campañas globales  interreligiosas que unen el liderazgo moral con la acción climática comunitaria.,https://greenfaith.org/,Ecumenical Ministries of Oregon (EMO),Advance climate justice and resilience through faith-based networks and Creation Justice programs.,Promueve la justicia climática y la resiliencia a través de redes religiosas y programas de Creation Justice.,https://emoregon.org/creation-justice/,Bike Loud PDX,Advocate for safer biking infrastructure by helping organize community campaigns.,Aboga por una infraestructura ciclista más segura ayudando a organizar campañas comunitarias.,https://www.bikeloudpdx.org/,Trailkeepers of Oregon,"Volunteer on trail maintenance crews, lead stewardship events, and advocate for better funding and protection for Oregon’s trails.","Participa de forma voluntaria en equipos de mantenimiento de senderos, lidera eventos de gestión y aboga por mejores recursos y protección para los senderos de Oregón.",https://trailkeepersoforegon.org/
Create Green Transportation,Sports or Rec Group,Innovating & Designing,Problem Solving,OpenStreetMap US,"Contribute open map data like bike lanes and walking routes to support safer, low-carbon travel.","Contribuye con datos cartográficos abiertos, como ciclovías y rutas peatonales, para promover una movilidad más segura y con bajas emisiones de carbono.",https://www.openstreetmap.us/,The Street Trust,"Promote walking, biking, and transit through community events and advocacy for safe, low-carbon transportation.","Promueve el caminar, el ciclismo y el transporte público mediante eventos comunitarios y la promoción de un transporte seguro y con bajas emisiones de carbono.",https://www.thestreettrust.org/,Bike Loud PDX,Advocate for safer biking infrastructure by helping organize community campaigns.,Aboga por una infraestructura ciclista más segura ayudando a organizar campañas comunitarias.,https://www.bikeloudpdx.org/,PSU Center for Public Interest Design,"Apply design solutions to support sustainable, equitable communities.",Aplica soluciones de diseño para apoyar comunidades sostenibles y equitativas.,https://www.pdx.edu/public-interest-design/
Create Green Transportation,Sports or Rec Group,Innovating & Designing,Inventing,OpenStreetMap US,"Contribute open map data like bike lanes and walking routes to support safer, low-carbon travel.","Contribuye con datos cartográficos abiertos, como ciclovías y rutas peatonales, para promover una movilidad más segura y con bajas emisiones de carbono.",https://www.openstreetmap.us/,The Street Trust,"Promote walking, biking, and transit through community events and advocacy for safe, low-carbon transportation.","Promueve el caminar, el ciclismo y el transporte público mediante eventos comunitarios y la promoción de un transporte seguro y con bajas emisiones de carbono.",https://www.thestreettrust.org/,Bike Loud PDX,Advocate for safer biking infrastructure by helping organize community campaigns.,Aboga por una infraestructura ciclista más segura ayudando a organizar campañas comunitarias.,https://www.bikeloudpdx.org/,PSU Center for Public Interest Design,"Apply design solutions to support sustainable, equitable communities.",Aplica soluciones de diseño para apoyar comunidades sostenibles y equitativas.,https://www.pdx.edu/public-interest-design/
Create Green Transportation,Arts or Hobbies Group,Innovating & Designing,Problem Solving,OpenStreetMap US,"Contribute open map data like bike lanes and walking routes to support safer, low-carbon travel.","Contribuye con datos cartográficos abiertos, como ciclovías y rutas peatonales, para promover una movilidad más segura y con bajas emisiones de carbono.",https://www.openstreetmap.us/,The Street Trust,"Promote walking, biking, and transit through community events and advocacy for safe, low-carbon transportation.","Promueve el caminar, el ciclismo y el transporte público mediante eventos comunitarios y la promoción de un transporte seguro y con bajas emisiones de carbono.",https://www.thestreettrust.org/,Bike Loud PDX,Advocate for safer biking infrastructure by helping organize community campaigns.,Aboga por una infraestructura ciclista más segura ayudando a organizar campañas comunitarias.,https://www.bikeloudpdx.org/,PSU Center for Public Interest Design,"Apply design solutions to support sustainable, equitable communities.",Aplica soluciones de diseño para apoyar comunidades sostenibles y equitativas.,https://www.pdx.edu/public-interest-design/
Create Green Transportation,Arts or Hobbies Group,Innovating & Designing,Inventing,OpenStreetMap US,"Contribute open map data like bike lanes and walking routes to support safer, low-carbon travel.","Contribuye con datos cartográficos abiertos, como ciclovías y rutas peatonales, para promover una movilidad más segura y con bajas emisiones de carbono.",https://www.openstreetmap.us/,The Street Trust,"Promote walking, biking, and transit through community events and advocacy for safe, low-carbon transportation.","Promueve el caminar, el ciclismo y el transporte público mediante eventos comunitarios y la promoción de un transporte seguro y con bajas emisiones de carbono.",https://www.thestreettrust.org/,Bike Loud PDX,Advocate for safer biking infrastructure by helping organize community campaigns.,Aboga por una infraestructura ciclista más segura ayudando a organizar campañas comunitarias.,https://www.bikeloudpdx.org/,PSU Center for Public Interest Design,"Apply design solutions to support sustainable, equitable communities.",Aplica soluciones de diseño para apoyar comunidades sostenibles y equitativas.,https://www.pdx.edu/public-interest-design/
Create Green Transportation,School or Career Group,Innovating & Designing,Problem Solving,OpenStreetMap US,"Contribute open map data like bike lanes and walking routes to support safer, low-carbon travel.","Contribuye con datos cartográficos abiertos, como ciclovías y rutas peatonales, para promover una movilidad más segura y con bajas emisiones de carbono.",https://www.openstreetmap.us/,The Street Trust,"Promote walking, biking, and transit through community events and advocacy for safe, low-carbon transportation.","Promueve el caminar, el ciclismo y el transporte público mediante eventos comunitarios y la promoción de un transporte seguro y con bajas emisiones de carbono.",https://www.thestreettrust.org/,Bike Loud PDX,Advocate for safer biking infrastructure by helping organize community campaigns.,Aboga por una infraestructura ciclista más segura ayudando a organizar campañas comunitarias.,https://www.bikeloudpdx.org/,PSU Center for Public Interest Design,"Apply design solutions to support sustainable, equitable communities.",Aplica soluciones de diseño para apoyar comunidades sostenibles y equitativas.,https://www.pdx.edu/public-interest-design/
Create Green Transportation,School or Career Group,Innovating & Designing,Inventing,OpenStreetMap US,"Contribute open map data like bike lanes and walking routes to support safer, low-carbon travel.","Contribuye con datos cartográficos abiertos, como ciclovías y rutas peatonales, para promover una movilidad más segura y con bajas emisiones de carbono.",https://www.openstreetmap.us/,The Street Trust,"Promote walking, biking, and transit through community events and advocacy for safe, low-carbon transportation.","Promueve el caminar, el ciclismo y el transporte público mediante eventos comunitarios y la promoción de un transporte seguro y con bajas emisiones de carbono.",https://www.thestreettrust.org/,Bike Loud PDX,Advocate for safer biking infrastructure by helping organize community campaigns.,Aboga por una infraestructura ciclista más segura ayudando a organizar campañas comunitarias.,https://www.bikeloudpdx.org/,PSU Center for Public Interest Design,"Apply design solutions to support sustainable, equitable communities.",Aplica soluciones de diseño para apoyar comunidades sostenibles y equitativas.,https://www.pdx.edu/public-interest-design/
Create Green Transportation,Family or Household,Innovating & Designing,Problem Solving,OpenStreetMap US,"Contribute open map data like bike lanes and walking routes to support safer, low-carbon travel.","Contribuye con datos cartográficos abiertos, como ciclovías y rutas peatonales, para promover una movilidad más segura y con bajas emisiones de carbono.",https://www.openstreetmap.us/,The Street Trust,"Promote walking, biking, and transit through community events and advocacy for safe, low-carbon transportation.","Promueve el caminar, el ciclismo y el transporte público mediante eventos comunitarios y la promoción de un transporte seguro y con bajas emisiones de carbono.",https://www.thestreettrust.org/,Bike Loud PDX,Advocate for safer biking infrastructure by helping organize community campaigns.,Aboga por una infraestructura ciclista más segura ayudando a organizar campañas comunitarias.,https://www.bikeloudpdx.org/,PSU Center for Public Interest Design,"Apply design solutions to support sustainable, equitable communities.",Aplica soluciones de diseño para apoyar comunidades sostenibles y equitativas.,https://www.pdx.edu/public-interest-design/
Create Green Transportation,Family or Household,Innovating & Designing,Inventing,OpenStreetMap US,"Contribute open map data like bike lanes and walking routes to support safer, low-carbon travel.","Contribuye con datos cartográficos abiertos, como ciclovías y rutas peatonales, para promover una movilidad más segura y con bajas emisiones de carbono.",https://www.openstreetmap.us/,The Street Trust,"Promote walking, biking, and transit through community events and advocacy for safe, low-carbon transportation.","Promueve el caminar, el ciclismo y el transporte público mediante eventos comunitarios y la promoción de un transporte seguro y con bajas emisiones de carbono.",https://www.thestreettrust.org/,Bike Loud PDX,Advocate for safer biking infrastructure by helping organize community campaigns.,Aboga por una infraestructura ciclista más segura ayudando a organizar campañas comunitarias.,https://www.bikeloudpdx.org/,PSU Center for Public Interest Design,"Apply design solutions to support sustainable, equitable communities.",Aplica soluciones de diseño para apoyar comunidades sostenibles y equitativas.,https://www.pdx.edu/public-interest-design/
Create Green Transportation,Community Group,Innovating & Designing,Problem Solving,OpenStreetMap US,"Contribute open map data like bike lanes and walking routes to support safer, low-carbon travel.","Contribuye con datos cartográficos abiertos, como ciclovías y rutas peatonales, para promover una movilidad más segura y con bajas emisiones de carbono.",https://www.openstreetmap.us/,The Street Trust,"Promote walking, biking, and transit through community events and advocacy for safe, low-carbon transportation.","Promueve el caminar, el ciclismo y el transporte público mediante eventos comunitarios y la promoción de un transporte seguro y con bajas emisiones de carbono.",https://www.thestreettrust.org/,Bike Loud PDX,Advocate for safer biking infrastructure by helping organize community campaigns.,Aboga por una infraestructura ciclista más segura ayudando a organizar campañas comunitarias.,https://www.bikeloudpdx.org/,PSU Center for Public Interest Design,"Apply design solutions to support sustainable, equitable communities.",Aplica soluciones de diseño para apoyar comunidades sostenibles y equitativas.,https://www.pdx.edu/public-interest-design/
Create Green Transportation,Community Group,Innovating & Designing,Inventing,OpenStreetMap US,"Contribute open map data like bike lanes and walking routes to support safer, low-carbon travel.","Contribuye con datos cartográficos abiertos, como ciclovías y rutas peatonales, para promover una movilidad más segura y con bajas emisiones de carbono.",https://www.openstreetmap.us/,The Street Trust,"Promote walking, biking, and transit through community events and advocacy for safe, low-carbon transportation.","Promueve el caminar, el ciclismo y el transporte público mediante eventos comunitarios y la promoción de un transporte seguro y con bajas emisiones de carbono.",https://www.thestreettrust.org/,Bike Loud PDX,Advocate for safer biking infrastructure by helping organize community campaigns.,Aboga por una infraestructura ciclista más segura ayudando a organizar campañas comunitarias.,https://www.bikeloudpdx.org/,PSU Center for Public Interest Design,"Apply design solutions to support sustainable, equitable communities.",Aplica soluciones de diseño para apoyar comunidades sostenibles y equitativas.,https://www.pdx.edu/public-interest-design/
Create Green Transportation,Faith-Based Group,Innovating & Designing,Problem Solving,GreenFaith,Take part in global interfaith campaigns that unite moral leadership with grassroots climate action.,Participa en campañas globales  interreligiosas que unen el liderazgo moral con la acción climática comunitaria.,https://greenfaith.org/,Ecumenical Ministries of Oregon (EMO),Advance climate justice and resilience through faith-based networks and Creation Justice programs.,Promueve la justicia climática y la resiliencia a través de redes religiosas y programas de Creation Justice.,https://emoregon.org/creation-justice/,Bike Loud PDX,Advocate for safer biking infrastructure by helping organize community campaigns.,Aboga por una infraestructura ciclista más segura ayudando a organizar campañas comunitarias.,https://www.bikeloudpdx.org/,PSU Center for Public Interest Design,"Apply design solutions to support sustainable, equitable communities.",Aplica soluciones de diseño para apoyar comunidades sostenibles y equitativas.,https://www.pdx.edu/public-interest-design/
Create Green Transportation,Faith-Based Group,Innovating & Designing,Inventing,GreenFaith,Take part in global interfaith campaigns that unite moral leadership with grassroots climate action.,Participa en campañas globales  interreligiosas que unen el liderazgo moral con la acción climática comunitaria.,https://greenfaith.org/,Ecumenical Ministries of Oregon (EMO),Advance climate justice and resilience through faith-based networks and Creation Justice programs.,Promueve la justicia climática y la resiliencia a través de redes religiosas y programas de Creation Justice.,https://emoregon.org/creation-justice/,Bike Loud PDX,Advocate for safer biking infrastructure by helping organize community campaigns.,Aboga por una infraestructura ciclista más segura ayudando a organizar campañas comunitarias.,https://www.bikeloudpdx.org/,PSU Center for Public Interest Design,"Apply design solutions to support sustainable, equitable communities.",Aplica soluciones de diseño para apoyar comunidades sostenibles y equitativas.,https://www.pdx.edu/public-interest-design/
Create Green Transportation,Sports or Rec Group,Organizing & Leading,Bringing people together,Cycling Without Age,Volunteer to give free bike rides to seniors and people with limited mobility.,Participa de forma voluntaria para dar paseos gratuitos en bicicleta a personas mayores y personas con movilidad reducida.,https://cyclingwithoutage.org/,Bike Loud PDX,Advocate for safer biking infrastructure by helping organize community campaigns.,Aboga por una infraestructura ciclista más segura ayudando a organizar campañas comunitarias.,https://www.bikeloudpdx.org/,Deschutes Youth Climate Coalition,"Join youth in Central Oregon organizing for climate justice through education, advocacy, and community action.","Únete a la juventud del centro de Oregón que se organiza por la justicia climática a través de la educación, la promoción y la acción comunitaria.",https://linktr.ee/dycc,Our Future,"Support youth leaders across Oregon organizing for equity, climate justice, and inclusive climate action.","Apoya a líderes juveniles de Oregón que se organizan por la equidad, la justicia climática y la acción climática inclusiva.",https://www.ourfutureoregon.org/
Create Green Transportation,Sports or Rec Group,Organizing & Leading,Talking to people,Cycling Without Age,Volunteer to give free bike rides to seniors and people with limited mobility.,Participa de forma voluntaria para dar paseos gratuitos en bicicleta a personas mayores y personas con movilidad reducida.,https://cyclingwithoutage.org/,Bike Loud PDX,Advocate for safer biking infrastructure by helping organize community campaigns.,Aboga por una infraestructura ciclista más segura ayudando a organizar campañas comunitarias.,https://www.bikeloudpdx.org/,Deschutes Youth Climate Coalition,"Join youth in Central Oregon organizing for climate justice through education, advocacy, and community action.","Únete a la juventud del centro de Oregón que se organiza por la justicia climática a través de la educación, la promoción y la acción comunitaria.",https://linktr.ee/dycc,Our Future,"Support youth leaders across Oregon organizing for equity, climate justice, and inclusive climate action.","Apoya a líderes juveniles de Oregón que se organizan por la equidad, la justicia climática y la acción climática inclusiva.",https://www.ourfutureoregon.org/
Create Green Transportation,Arts or Hobbies Group,Organizing & Leading,Bringing people together,Cycling Without Age,Volunteer to give free bike rides to seniors and people with limited mobility.,Participa de forma voluntaria para dar paseos gratuitos en bicicleta a personas mayores y personas con movilidad reducida.,https://cyclingwithoutage.org/,Bike Loud PDX,Advocate for safer biking infrastructure by helping organize community campaigns.,Aboga por una infraestructura ciclista más segura ayudando a organizar campañas comunitarias.,https://www.bikeloudpdx.org/,Deschutes Youth Climate Coalition,"Join youth in Central Oregon organizing for climate justice through education, advocacy, and community action.","Únete a la juventud del centro de Oregón que se organiza por la justicia climática a través de la educación, la promoción y la acción comunitaria.",https://linktr.ee/dycc,Our Future,"Support youth leaders across Oregon organizing for equity, climate justice, and inclusive climate action.","Apoya a líderes juveniles de Oregón que se organizan por la equidad, la justicia climática y la acción climática inclusiva.",https://www.ourfutureoregon.org/
Create Green Transportation,Arts or Hobbies Group,Organizing & Leading,Talking to people,Cycling Without Age,Volunteer to give free bike rides to seniors and people with limited mobility.,Participa de forma voluntaria para dar paseos gratuitos en bicicleta a personas mayores y personas con movilidad reducida.,https://cyclingwithoutage.org/,Bike Loud PDX,Advocate for safer biking infrastructure by helping organize community campaigns.,Aboga por una infraestructura ciclista más segura ayudando a organizar campañas comunitarias.,https://www.bikeloudpdx.org/,Deschutes Youth Climate Coalition,"Join youth in Central Oregon organizing for climate justice through education, advocacy, and community action.","Únete a la juventud del centro de Oregón que se organiza por la justicia climática a través de la educación, la promoción y la acción comunitaria.",https://linktr.ee/dycc,Our Future,"Support youth leaders across Oregon organizing for equity, climate justice, and inclusive climate action.","Apoya a líderes juveniles de Oregón que se organizan por la equidad, la justicia climática y la acción climática inclusiva.",https://www.ourfutureoregon.org/
Create Green Transportation,School or Career Group,Organizing & Leading,Bringing people together,Cycling Without Age,Volunteer to give free bike rides to seniors and people with limited mobility.,Participa de forma voluntaria para dar paseos gratuitos en bicicleta a personas mayores y personas con movilidad reducida.,https://cyclingwithoutage.org/,Bike Loud PDX,Advocate for safer biking infrastructure by helping organize community campaigns.,Aboga por una infraestructura ciclista más segura ayudando a organizar campañas comunitarias.,https://www.bikeloudpdx.org/,Deschutes Youth Climate Coalition,"Join youth in Central Oregon organizing for climate justice through education, advocacy, and community action.","Únete a la juventud del centro de Oregón que se organiza por la justicia climática a través de la educación, la promoción y la acción comunitaria.",https://linktr.ee/dycc,Our Future,"Support youth leaders across Oregon organizing for equity, climate justice, and inclusive climate action.","Apoya a líderes juveniles de Oregón que se organizan por la equidad, la justicia climática y la acción climática inclusiva.",https://www.ourfutureoregon.org/
Create Green Transportation,School or Career Group,Organizing & Leading,Talking to people,Cycling Without Age,Volunteer to give free bike rides to seniors and people with limited mobility.,Participa de forma voluntaria para dar paseos gratuitos en bicicleta a personas mayores y personas con movilidad reducida.,https://cyclingwithoutage.org/,Bike Loud PDX,Advocate for safer biking infrastructure by helping organize community campaigns.,Aboga por una infraestructura ciclista más segura ayudando a organizar campañas comunitarias.,https://www.bikeloudpdx.org/,Deschutes Youth Climate Coalition,"Join youth in Central Oregon organizing for climate justice through education, advocacy, and community action.","Únete a la juventud del centro de Oregón que se organiza por la justicia climática a través de la educación, la promoción y la acción comunitaria.",https://linktr.ee/dycc,Our Future,"Support youth leaders across Oregon organizing for equity, climate justice, and inclusive climate action.","Apoya a líderes juveniles de Oregón que se organizan por la equidad, la justicia climática y la acción climática inclusiva.",https://www.ourfutureoregon.org/
Create Green Transportation,Family or Household,Organizing & Leading,Bringing people together,Cycling Without Age,Volunteer to give free bike rides to seniors and people with limited mobility.,Participa de forma voluntaria para dar paseos gratuitos en bicicleta a personas mayores y personas con movilidad reducida.,https://cyclingwithoutage.org/,Bike Loud PDX,Advocate for safer biking infrastructure by helping organize community campaigns.,Aboga por una infraestructura ciclista más segura ayudando a organizar campañas comunitarias.,https://www.bikeloudpdx.org/,Oregon Walks,"Promote walking and advocate for safe, convenient, and accessible pedestrian infrastructure.","Promueve el caminar y aboga por una infraestructura peatonal segura, conveniente y accesible.",https://oregonwalks.org/,Our Future,"Support youth leaders across Oregon organizing for equity, climate justice, and inclusive climate action.","Apoya a líderes juveniles de Oregón que se organizan por la equidad, la justicia climática y la acción climática inclusiva.",https://www.ourfutureoregon.org/
Create Green Transportation,Family or Household,Organizing & Leading,Talking to people,Cycling Without Age,Volunteer to give free bike rides to seniors and people with limited mobility.,Participa de forma voluntaria para dar paseos gratuitos en bicicleta a personas mayores y personas con movilidad reducida.,https://cyclingwithoutage.org/,Bike Loud PDX,Advocate for safer biking infrastructure by helping organize community campaigns.,Aboga por una infraestructura ciclista más segura ayudando a organizar campañas comunitarias.,https://www.bikeloudpdx.org/,Oregon Walks,"Promote walking and advocate for safe, convenient, and accessible pedestrian infrastructure.","Promueve el caminar y aboga por una infraestructura peatonal segura, conveniente y accesible.",https://oregonwalks.org/,Our Future,"Support youth leaders across Oregon organizing for equity, climate justice, and inclusive climate action.","Apoya a líderes juveniles de Oregón que se organizan por la equidad, la justicia climática y la acción climática inclusiva.",https://www.ourfutureoregon.org/
Create Green Transportation,Community Group,Organizing & Leading,Bringing people together,Cycling Without Age,Volunteer to give free bike rides to seniors and people with limited mobility.,Participa de forma voluntaria para dar paseos gratuitos en bicicleta a personas mayores y personas con movilidad reducida.,https://cyclingwithoutage.org/,Bike Loud PDX,Advocate for safer biking infrastructure by helping organize community campaigns.,Aboga por una infraestructura ciclista más segura ayudando a organizar campañas comunitarias.,https://www.bikeloudpdx.org/,Oregon Walks,"Promote walking and advocate for safe, convenient, and accessible pedestrian infrastructure.","Promueve el caminar y aboga por una infraestructura peatonal segura, conveniente y accesible.",https://oregonwalks.org/,Our Future,"Support youth leaders across Oregon organizing for equity, climate justice, and inclusive climate action.","Apoya a líderes juveniles de Oregón que se organizan por la equidad, la justicia climática y la acción climática inclusiva.",https://www.ourfutureoregon.org/
Create Green Transportation,Community Group,Organizing & Leading,Talking to people,Cycling Without Age,Volunteer to give free bike rides to seniors and people with limited mobility.,Participa de forma voluntaria para dar paseos gratuitos en bicicleta a personas mayores y personas con movilidad reducida.,https://cyclingwithoutage.org/,Bike Loud PDX,Advocate for safer biking infrastructure by helping organize community campaigns.,Aboga por una infraestructura ciclista más segura ayudando a organizar campañas comunitarias.,https://www.bikeloudpdx.org/,Oregon Walks,"Promote walking and advocate for safe, convenient, and accessible pedestrian infrastructure.","Promueve el caminar y aboga por una infraestructura peatonal segura, conveniente y accesible.",https://oregonwalks.org/,Our Future,"Support youth leaders across Oregon organizing for equity, climate justice, and inclusive climate action.","Apoya a líderes juveniles de Oregón que se organizan por la equidad, la justicia climática y la acción climática inclusiva.",https://www.ourfutureoregon.org/
Create Green Transportation,Faith-Based Group,Organizing & Leading,Bringing people together,GreenFaith,Take part in global interfaith campaigns that unite moral leadership with grassroots climate action.,Participa en campañas globales  interreligiosas que unen el liderazgo moral con la acción climática comunitaria.,https://greenfaith.org/,Ecumenical Ministries of Oregon (EMO),Advance climate justice and resilience through faith-based networks and Creation Justice programs.,Promueve la justicia climática y la resiliencia a través de redes religiosas y programas de Creation Justice.,https://emoregon.org/creation-justice/,Oregon Walks,"Promote walking and advocate for safe, convenient, and accessible pedestrian infrastructure.","Promueve el caminar y aboga por una infraestructura peatonal segura, conveniente y accesible.",https://oregonwalks.org/,Our Future,"Support youth leaders across Oregon organizing for equity, climate justice, and inclusive climate action.","Apoya a líderes juveniles de Oregón que se organizan por la equidad, la justicia climática y la acción climática inclusiva.",https://www.ourfutureoregon.org/
Create Green Transportation,Faith-Based Group,Organizing & Leading,Talking to people,GreenFaith,Take part in global interfaith campaigns that unite moral leadership with grassroots climate action.,Participa en campañas globales  interreligiosas que unen el liderazgo moral con la acción climática comunitaria.,https://greenfaith.org/,Ecumenical Ministries of Oregon (EMO),Advance climate justice and resilience through faith-based networks and Creation Justice programs.,Promueve la justicia climática y la resiliencia a través de redes religiosas y programas de Creation Justice.,https://emoregon.org/creation-justice/,Oregon Walks,"Promote walking and advocate for safe, convenient, and accessible pedestrian infrastructure.","Promueve el caminar y aboga por una infraestructura peatonal segura, conveniente y accesible.",https://oregonwalks.org/,Our Future,"Support youth leaders across Oregon organizing for equity, climate justice, and inclusive climate action.","Apoya a líderes juveniles de Oregón que se organizan por la equidad, la justicia climática y la acción climática inclusiva.",https://www.ourfutureoregon.org/
Create Green Transportation,Sports or Rec Group,Performing & Creating Art,Art,Extinction Rebellion,"Join a global movement using nonviolent direct action, creativity, and art to demand climate justice.","Únete a un movimiento global que utiliza la acción sin violencia, la creatividad y el arte para exigir justicia climática.",https://rebellion.global/,The Street Trust,"Promote walking, biking, and transit through community events and advocacy for safe, low-carbon transportation.","Promueve el caminar, el ciclismo y el transporte público mediante eventos comunitarios y la promoción de un transporte seguro y con bajas emisiones de carbono.",https://www.thestreettrust.org/,Making Earth Cool,"Create science-based, funny, and creative content and participate in events to inspire climate stewardship.",Crea contenido científico divertido y creativo y participa en eventos para inspirar la administración climática.,https://makingearthcool.com/,350PDX,"Join Portland’s climate justice movement to take part in advocacy, creative art actions, and community learning opportunities.","Únete al movimiento por la justicia climática de Portland para participar en actividades de apoyo, acciones artísticas creativas y oportunidades de aprendizaje comunitario.",https://350pdx.org/
Create Green Transportation,Sports or Rec Group,Performing & Creating Art,Creativity,Extinction Rebellion,"Join a global movement using nonviolent direct action, creativity, and art to demand climate justice.","Únete a un movimiento global que utiliza la acción sin violencia, la creatividad y el arte para exigir justicia climática.",https://rebellion.global/,The Street Trust,"Promote walking, biking, and transit through community events and advocacy for safe, low-carbon transportation.","Promueve el caminar, el ciclismo y el transporte público mediante eventos comunitarios y la promoción de un transporte seguro y con bajas emisiones de carbono.",https://www.thestreettrust.org/,Making Earth Cool,"Create science-based, funny, and creative content and participate in events to inspire climate stewardship.",Crea contenido científico divertido y creativo y participa en eventos para inspirar la administración climática.,https://makingearthcool.com/,350PDX,"Join Portland’s climate justice movement to take part in advocacy, creative art actions, and community learning opportunities.","Únete al movimiento por la justicia climática de Portland para participar en actividades de apoyo, acciones artísticas creativas y oportunidades de aprendizaje comunitario.",https://350pdx.org/
Create Green Transportation,Arts or Hobbies Group,Performing & Creating Art,Art,350,"Join a global grassroots movement for bold climate action through advocacy, creative campaigns, and community education.","Únete a un movimiento global de base para llevar a cabo acciones climáticas audaces a través del apoyo, campañas creativas y educación comunitaria.",https://350.org/,The Street Trust,"Promote walking, biking, and transit through community events and advocacy for safe, low-carbon transportation.","Promueve el caminar, el ciclismo y el transporte público mediante eventos comunitarios y la promoción de un transporte seguro y con bajas emisiones de carbono.",https://www.thestreettrust.org/,Making Earth Cool,"Create science-based, funny, and creative content and participate in events to inspire climate stewardship.",Crea contenido científico divertido y creativo y participa en eventos para inspirar la administración climática.,https://makingearthcool.com/,350PDX,"Join Portland’s climate justice movement to take part in advocacy, creative art actions, and community learning opportunities.","Únete al movimiento por la justicia climática de Portland para participar en actividades de apoyo, acciones artísticas creativas y oportunidades de aprendizaje comunitario.",https://350pdx.org/
Create Green Transportation,Arts or Hobbies Group,Performing & Creating Art,Creativity,350,"Join a global grassroots movement for bold climate action through advocacy, creative campaigns, and community education.","Únete a un movimiento global de base para llevar a cabo acciones climáticas audaces a través del apoyo, campañas creativas y educación comunitaria.",https://350.org/,The Street Trust,"Promote walking, biking, and transit through community events and advocacy for safe, low-carbon transportation.","Promueve el caminar, el ciclismo y el transporte público mediante eventos comunitarios y la promoción de un transporte seguro y con bajas emisiones de carbono.",https://www.thestreettrust.org/,Making Earth Cool,"Create science-based, funny, and creative content and participate in events to inspire climate stewardship.",Crea contenido científico divertido y creativo y participa en eventos para inspirar la administración climática.,https://makingearthcool.com/,350PDX,"Join Portland’s climate justice movement to take part in advocacy, creative art actions, and community learning opportunities.","Únete al movimiento por la justicia climática de Portland para participar en actividades de apoyo, acciones artísticas creativas y oportunidades de aprendizaje comunitario.",https://350pdx.org/
Create Green Transportation,School or Career Group,Performing & Creating Art,Art,Extinction Rebellion,"Join a global movement using nonviolent direct action, creativity, and art to demand climate justice.","Únete a un movimiento global que utiliza la acción sin violencia, la creatividad y el arte para exigir justicia climática.",https://rebellion.global/,The Street Trust,"Promote walking, biking, and transit through community events and advocacy for safe, low-carbon transportation.","Promueve el caminar, el ciclismo y el transporte público mediante eventos comunitarios y la promoción de un transporte seguro y con bajas emisiones de carbono.",https://www.thestreettrust.org/,Making Earth Cool,"Create science-based, funny, and creative content and participate in events to inspire climate stewardship.",Crea contenido científico divertido y creativo y participa en eventos para inspirar la administración climática.,https://makingearthcool.com/,350PDX,"Join Portland’s climate justice movement to take part in advocacy, creative art actions, and community learning opportunities.","Únete al movimiento por la justicia climática de Portland para participar en actividades de apoyo, acciones artísticas creativas y oportunidades de aprendizaje comunitario.",https://350pdx.org/
Create Green Transportation,School or Career Group,Performing & Creating Art,Creativity,Extinction Rebellion,"Join a global movement using nonviolent direct action, creativity, and art to demand climate justice.","Únete a un movimiento global que utiliza la acción sin violencia, la creatividad y el arte para exigir justicia climática.",https://rebellion.global/,The Street Trust,"Promote walking, biking, and transit through community events and advocacy for safe, low-carbon transportation.","Promueve el caminar, el ciclismo y el transporte público mediante eventos comunitarios y la promoción de un transporte seguro y con bajas emisiones de carbono.",https://www.thestreettrust.org/,Making Earth Cool,"Create science-based, funny, and creative content and participate in events to inspire climate stewardship.",Crea contenido científico divertido y creativo y participa en eventos para inspirar la administración climática.,https://makingearthcool.com/,350PDX,"Join Portland’s climate justice movement to take part in advocacy, creative art actions, and community learning opportunities.","Únete al movimiento por la justicia climática de Portland para participar en actividades de apoyo, acciones artísticas creativas y oportunidades de aprendizaje comunitario.",https://350pdx.org/
Create Green Transportation,Family or Household,Performing & Creating Art,Art,Extinction Rebellion,"Join a global movement using nonviolent direct action, creativity, and art to demand climate justice.","Únete a un movimiento global que utiliza la acción sin violencia, la creatividad y el arte para exigir justicia climática.",https://rebellion.global/,The Street Trust,"Promote walking, biking, and transit through community events and advocacy for safe, low-carbon transportation.","Promueve el caminar, el ciclismo y el transporte público mediante eventos comunitarios y la promoción de un transporte seguro y con bajas emisiones de carbono.",https://www.thestreettrust.org/,Making Earth Cool,"Create science-based, funny, and creative content and participate in events to inspire climate stewardship.",Crea contenido científico divertido y creativo y participa en eventos para inspirar la administración climática.,https://makingearthcool.com/,350PDX,"Join Portland’s climate justice movement to take part in advocacy, creative art actions, and community learning opportunities.","Únete al movimiento por la justicia climática de Portland para participar en actividades de apoyo, acciones artísticas creativas y oportunidades de aprendizaje comunitario.",https://350pdx.org/
Create Green Transportation,Family or Household,Performing & Creating Art,Creativity,Extinction Rebellion,"Join a global movement using nonviolent direct action, creativity, and art to demand climate justice.","Únete a un movimiento global que utiliza la acción sin violencia, la creatividad y el arte para exigir justicia climática.",https://rebellion.global/,The Street Trust,"Promote walking, biking, and transit through community events and advocacy for safe, low-carbon transportation.","Promueve el caminar, el ciclismo y el transporte público mediante eventos comunitarios y la promoción de un transporte seguro y con bajas emisiones de carbono.",https://www.thestreettrust.org/,Making Earth Cool,"Create science-based, funny, and creative content and participate in events to inspire climate stewardship.",Crea contenido científico divertido y creativo y participa en eventos para inspirar la administración climática.,https://makingearthcool.com/,350PDX,"Join Portland’s climate justice movement to take part in advocacy, creative art actions, and community learning opportunities.","Únete al movimiento por la justicia climática de Portland para participar en actividades de apoyo, acciones artísticas creativas y oportunidades de aprendizaje comunitario.",https://350pdx.org/
Create Green Transportation,Community Group,Performing & Creating Art,Art,Extinction Rebellion,"Join a global movement using nonviolent direct action, creativity, and art to demand climate justice.","Únete a un movimiento global que utiliza la acción sin violencia, la creatividad y el arte para exigir justicia climática.",https://rebellion.global/,The Street Trust,"Promote walking, biking, and transit through community events and advocacy for safe, low-carbon transportation.","Promueve el caminar, el ciclismo y el transporte público mediante eventos comunitarios y la promoción de un transporte seguro y con bajas emisiones de carbono.",https://www.thestreettrust.org/,Making Earth Cool,"Create science-based, funny, and creative content and participate in events to inspire climate stewardship.",Crea contenido científico divertido y creativo y participa en eventos para inspirar la administración climática.,https://makingearthcool.com/,Albina Vision Trust,Help shape community-led development that centers Portland’s Black community and builds climate-resilient neighborhoods.,Ayuda a impulsar un desarrollo comunitario que se centra en la comunidad negra de Portland que construya vecindarios resilientes al clima.,https://albinavision.org/
Create Green Transportation,Community Group,Performing & Creating Art,Creativity,Extinction Rebellion,"Join a global movement using nonviolent direct action, creativity, and art to demand climate justice.","Únete a un movimiento global que utiliza la acción sin violencia, la creatividad y el arte para exigir justicia climática.",https://rebellion.global/,The Street Trust,"Promote walking, biking, and transit through community events and advocacy for safe, low-carbon transportation.","Promueve el caminar, el ciclismo y el transporte público mediante eventos comunitarios y la promoción de un transporte seguro y con bajas emisiones de carbono.",https://www.thestreettrust.org/,Making Earth Cool,"Create science-based, funny, and creative content and participate in events to inspire climate stewardship.",Crea contenido científico divertido y creativo y participa en eventos para inspirar la administración climática.,https://makingearthcool.com/,Albina Vision Trust,Help shape community-led development that centers Portland’s Black community and builds climate-resilient neighborhoods.,Ayuda a impulsar un desarrollo comunitario que se centra en la comunidad negra de Portland que construya vecindarios resilientes al clima.,https://albinavision.org/
Create Green Transportation,Faith-Based Group,Performing & Creating Art,Art,GreenFaith,Take part in global interfaith campaigns that unite moral leadership with grassroots climate action.,Participa en campañas globales  interreligiosas que unen el liderazgo moral con la acción climática comunitaria.,https://greenfaith.org/,The Street Trust,"Promote walking, biking, and transit through community events and advocacy for safe, low-carbon transportation.","Promueve el caminar, el ciclismo y el transporte público mediante eventos comunitarios y la promoción de un transporte seguro y con bajas emisiones de carbono.",https://www.thestreettrust.org/,Ecumenical Ministries of Oregon (EMO),Advance climate justice and resilience through faith-based networks and Creation Justice programs.,Promueve la justicia climática y la resiliencia a través de redes religiosas y programas de Creation Justice.,https://emoregon.org/creation-justice/,Albina Vision Trust,Help shape community-led development that centers Portland’s Black community and builds climate-resilient neighborhoods.,Ayuda a impulsar un desarrollo comunitario que se centra en la comunidad negra de Portland que construya vecindarios resilientes al clima.,https://albinavision.org/
Create Green Transportation,Faith-Based Group,Performing & Creating Art,Creativity,GreenFaith,Take part in global interfaith campaigns that unite moral leadership with grassroots climate action.,Participa en campañas globales  interreligiosas que unen el liderazgo moral con la acción climática comunitaria.,https://greenfaith.org/,The Street Trust,"Promote walking, biking, and transit through community events and advocacy for safe, low-carbon transportation.","Promueve el caminar, el ciclismo y el transporte público mediante eventos comunitarios y la promoción de un transporte seguro y con bajas emisiones de carbono.",https://www.thestreettrust.org/,Ecumenical Ministries of Oregon (EMO),Advance climate justice and resilience through faith-based networks and Creation Justice programs.,Promueve la justicia climática y la resiliencia a través de redes religiosas y programas de Creation Justice.,https://emoregon.org/creation-justice/,Albina Vision Trust,Help shape community-led development that centers Portland’s Black community and builds climate-resilient neighborhoods.,Ayuda a impulsar un desarrollo comunitario que se centra en la comunidad negra de Portland que construya vecindarios resilientes al clima.,https://albinavision.org/
Create Green Transportation,Sports or Rec Group,Researching & Learning,Reading,America Walks,Learn and advocate for walkable communities through a national network of local leaders.,Aprende y aboga por comunidades transitables a través de una red nacional de líderes locales.,https://americawalks.org/,The Street Trust,"Promote walking, biking, and transit through community events and advocacy for safe, low-carbon transportation.","Promueve el caminar, el ciclismo y el transporte público mediante eventos comunitarios y la promoción de un transporte seguro y con bajas emisiones de carbono.",https://www.thestreettrust.org/,Oregon Walks,"Promote walking and advocate for safe, convenient, and accessible pedestrian infrastructure.","Promueve el caminar y aboga por una infraestructura peatonal segura, conveniente y accesible.",https://oregonwalks.org/,,,,
Create Green Transportation,Sports or Rec Group,Researching & Learning,Exploring New Topics,America Walks,Learn and advocate for walkable communities through a national network of local leaders.,Aprende y aboga por comunidades transitables a través de una red nacional de líderes locales.,https://americawalks.org/,The Street Trust,"Promote walking, biking, and transit through community events and advocacy for safe, low-carbon transportation.","Promueve el caminar, el ciclismo y el transporte público mediante eventos comunitarios y la promoción de un transporte seguro y con bajas emisiones de carbono.",https://www.thestreettrust.org/,Oregon Walks,"Promote walking and advocate for safe, convenient, and accessible pedestrian infrastructure.","Promueve el caminar y aboga por una infraestructura peatonal segura, conveniente y accesible.",https://oregonwalks.org/,,,,
Create Green Transportation,Arts or Hobbies Group,Researching & Learning,Reading,America Walks,Learn and advocate for walkable communities through a national network of local leaders.,Aprende y aboga por comunidades transitables a través de una red nacional de líderes locales.,https://americawalks.org/,The Street Trust,"Promote walking, biking, and transit through community events and advocacy for safe, low-carbon transportation.","Promueve el caminar, el ciclismo y el transporte público mediante eventos comunitarios y la promoción de un transporte seguro y con bajas emisiones de carbono.",https://www.thestreettrust.org/,Oregon Walks,"Promote walking and advocate for safe, convenient, and accessible pedestrian infrastructure.","Promueve el caminar y aboga por una infraestructura peatonal segura, conveniente y accesible.",https://oregonwalks.org/,,,,
Create Green Transportation,Arts or Hobbies Group,Researching & Learning,Exploring New Topics,America Walks,Learn and advocate for walkable communities through a national network of local leaders.,Aprende y aboga por comunidades transitables a través de una red nacional de líderes locales.,https://americawalks.org/,The Street Trust,"Promote walking, biking, and transit through community events and advocacy for safe, low-carbon transportation.","Promueve el caminar, el ciclismo y el transporte público mediante eventos comunitarios y la promoción de un transporte seguro y con bajas emisiones de carbono.",https://www.thestreettrust.org/,Oregon Walks,"Promote walking and advocate for safe, convenient, and accessible pedestrian infrastructure.","Promueve el caminar y aboga por una infraestructura peatonal segura, conveniente y accesible.",https://oregonwalks.org/,,,,
Create Green Transportation,School or Career Group,Researching & Learning,Reading,America Walks,Learn and advocate for walkable communities through a national network of local leaders.,Aprende y aboga por comunidades transitables a través de una red nacional de líderes locales.,https://americawalks.org/,Portland Youth Climate Council,Join a student-led coalition organizing campaigns for urgent local climate solutions.,Únete a una coalición liderada por estudiantes que organiza campañas para encontrar soluciones urgentes al cambio climático a nivel local.,https://pdxclimatecouncil.wixsite.com/youth,Oregon Walks,"Promote walking and advocate for safe, convenient, and accessible pedestrian infrastructure.","Promueve el caminar y aboga por una infraestructura peatonal segura, conveniente y accesible.",https://oregonwalks.org/,Rogue Climate,Organize community campaigns for clean energy and climate justice across Southern Oregon.,Organiza campañas comunitarias a favor de la energía limpia y la justicia climática en el sur de Oregón.,https://rogueclimate.org/
Create Green Transportation,School or Career Group,Researching & Learning,Exploring New Topics,America Walks,Learn and advocate for walkable communities through a national network of local leaders.,Aprende y aboga por comunidades transitables a través de una red nacional de líderes locales.,https://americawalks.org/,Portland Youth Climate Council,Join a student-led coalition organizing campaigns for urgent local climate solutions.,Únete a una coalición liderada por estudiantes que organiza campañas para encontrar soluciones urgentes al cambio climático a nivel local.,https://pdxclimatecouncil.wixsite.com/youth,Oregon Walks,"Promote walking and advocate for safe, convenient, and accessible pedestrian infrastructure.","Promueve el caminar y aboga por una infraestructura peatonal segura, conveniente y accesible.",https://oregonwalks.org/,Rogue Climate,Organize community campaigns for clean energy and climate justice across Southern Oregon.,Organiza campañas comunitarias a favor de la energía limpia y la justicia climática en el sur de Oregón.,https://rogueclimate.org/
Create Green Transportation,Family or Household,Researching & Learning,Reading,America Walks,Learn and advocate for walkable communities through a national network of local leaders.,Aprende y aboga por comunidades transitables a través de una red nacional de líderes locales.,https://americawalks.org/,The Street Trust,"Promote walking, biking, and transit through community events and advocacy for safe, low-carbon transportation.","Promueve el caminar, el ciclismo y el transporte público mediante eventos comunitarios y la promoción de un transporte seguro y con bajas emisiones de carbono.",https://www.thestreettrust.org/,Oregon Walks,"Promote walking and advocate for safe, convenient, and accessible pedestrian infrastructure.","Promueve el caminar y aboga por una infraestructura peatonal segura, conveniente y accesible.",https://oregonwalks.org/,,,,
Create Green Transportation,Family or Household,Researching & Learning,Exploring New Topics,America Walks,Learn and advocate for walkable communities through a national network of local leaders.,Aprende y aboga por comunidades transitables a través de una red nacional de líderes locales.,https://americawalks.org/,The Street Trust,"Promote walking, biking, and transit through community events and advocacy for safe, low-carbon transportation.","Promueve el caminar, el ciclismo y el transporte público mediante eventos comunitarios y la promoción de un transporte seguro y con bajas emisiones de carbono.",https://www.thestreettrust.org/,Oregon Walks,"Promote walking and advocate for safe, convenient, and accessible pedestrian infrastructure.","Promueve el caminar y aboga por una infraestructura peatonal segura, conveniente y accesible.",https://oregonwalks.org/,,,,
Create Green Transportation,Community Group,Researching & Learning,Reading,America Walks,Learn and advocate for walkable communities through a national network of local leaders.,Aprende y aboga por comunidades transitables a través de una red nacional de líderes locales.,https://americawalks.org/,Portland Youth Climate Council,Join a student-led coalition organizing campaigns for urgent local climate solutions.,Únete a una coalición liderada por estudiantes que organiza campañas para encontrar soluciones urgentes al cambio climático a nivel local.,https://pdxclimatecouncil.wixsite.com/youth,Oregon Walks,"Promote walking and advocate for safe, convenient, and accessible pedestrian infrastructure.","Promueve el caminar y aboga por una infraestructura peatonal segura, conveniente y accesible.",https://oregonwalks.org/,Rogue Climate,Organize community campaigns for clean energy and climate justice across Southern Oregon.,Organiza campañas comunitarias a favor de la energía limpia y la justicia climática en el sur de Oregón.,https://rogueclimate.org/
Create Green Transportation,Community Group,Researching & Learning,Exploring New Topics,America Walks,Learn and advocate for walkable communities through a national network of local leaders.,Aprende y aboga por comunidades transitables a través de una red nacional de líderes locales.,https://americawalks.org/,Portland Youth Climate Council,Join a student-led coalition organizing campaigns for urgent local climate solutions.,Únete a una coalición liderada por estudiantes que organiza campañas para encontrar soluciones urgentes al cambio climático a nivel local.,https://pdxclimatecouncil.wixsite.com/youth,Oregon Walks,"Promote walking and advocate for safe, convenient, and accessible pedestrian infrastructure.","Promueve el caminar y aboga por una infraestructura peatonal segura, conveniente y accesible.",https://oregonwalks.org/,Rogue Climate,Organize community campaigns for clean energy and climate justice across Southern Oregon.,Organiza campañas comunitarias a favor de la energía limpia y la justicia climática en el sur de Oregón.,https://rogueclimate.org/
Create Green Transportation,Faith-Based Group,Researching & Learning,Reading,GreenFaith,Take part in global interfaith campaigns that unite moral leadership with grassroots climate action.,Participa en campañas globales  interreligiosas que unen el liderazgo moral con la acción climática comunitaria.,https://greenfaith.org/,Ecumenical Ministries of Oregon (EMO),Advance climate justice and resilience through faith-based networks and Creation Justice programs.,Promueve la justicia climática y la resiliencia a través de redes religiosas y programas de Creation Justice.,https://emoregon.org/creation-justice/,Oregon Walks,"Promote walking and advocate for safe, convenient, and accessible pedestrian infrastructure.","Promueve el caminar y aboga por una infraestructura peatonal segura, conveniente y accesible.",https://oregonwalks.org/,,,,
Create Green Transportation,Faith-Based Group,Researching & Learning,Exploring New Topics,GreenFaith,Take part in global interfaith campaigns that unite moral leadership with grassroots climate action.,Participa en campañas globales  interreligiosas que unen el liderazgo moral con la acción climática comunitaria.,https://greenfaith.org/,Ecumenical Ministries of Oregon (EMO),Advance climate justice and resilience through faith-based networks and Creation Justice programs.,Promueve la justicia climática y la resiliencia a través de redes religiosas y programas de Creation Justice.,https://emoregon.org/creation-justice/,Oregon Walks,"Promote walking and advocate for safe, convenient, and accessible pedestrian infrastructure.","Promueve el caminar y aboga por una infraestructura peatonal segura, conveniente y accesible.",https://oregonwalks.org/,,,,
Create Green Transportation,Sports or Rec Group,Teaching & Mentoring,Mentoring,Safe Routes Partnership,"Advance safe walking and biking to school with programs, policy, and community support.","Fomenta el uso seguro de caminar y usar bicicleta para ir a la escuela con programas, políticas y apoyo comunitario.",https://www.saferoutespartnership.org/,Sunrise Movement PDX,Train youth to advocate for just and equitable climate solutions.,Capacita a la juventud para que abogue por soluciones climáticas justas y equitativas.,https://www.sunrisemovement.org/hubs/,Our Children’s Trust,Support youth-led legal actions that hold governments accountable for protecting a stable climate and a livable future.,Apoya las acciones legales lideradas por jóvenes para hacer que los gobiernos se hagan responsables de proteger un clima estable y un futuro habitable.,https://www.ourchildrenstrust.org/,Our Future,"Support youth leaders across Oregon organizing for equity, climate justice, and inclusive climate action.","Apoya a líderes juveniles de Oregón que se organizan por la equidad, la justicia climática y la acción climática inclusiva.",https://www.ourfutureoregon.org/
Create Green Transportation,Sports or Rec Group,Teaching & Mentoring,Helping others learn,Safe Routes Partnership,"Advance safe walking and biking to school with programs, policy, and community support.","Fomenta el uso seguro de caminar y usar bicicleta para ir a la escuela con programas, políticas y apoyo comunitario.",https://www.saferoutespartnership.org/,Sunrise Movement PDX,Train youth to advocate for just and equitable climate solutions.,Capacita a la juventud para que abogue por soluciones climáticas justas y equitativas.,https://www.sunrisemovement.org/hubs/,Our Children’s Trust,Support youth-led legal actions that hold governments accountable for protecting a stable climate and a livable future.,Apoya las acciones legales lideradas por jóvenes para hacer que los gobiernos se hagan responsables de proteger un clima estable y un futuro habitable.,https://www.ourchildrenstrust.org/,Our Future,"Support youth leaders across Oregon organizing for equity, climate justice, and inclusive climate action.","Apoya a líderes juveniles de Oregón que se organizan por la equidad, la justicia climática y la acción climática inclusiva.",https://www.ourfutureoregon.org/
Create Green Transportation,Arts or Hobbies Group,Teaching & Mentoring,Mentoring,Safe Routes Partnership,"Advance safe walking and biking to school with programs, policy, and community support.","Fomenta el uso seguro de caminar y usar bicicleta para ir a la escuela con programas, políticas y apoyo comunitario.",https://www.saferoutespartnership.org/,Sunrise Movement PDX,Train youth to advocate for just and equitable climate solutions.,Capacita a la juventud para que abogue por soluciones climáticas justas y equitativas.,https://www.sunrisemovement.org/hubs/,Our Children’s Trust,Support youth-led legal actions that hold governments accountable for protecting a stable climate and a livable future.,Apoya las acciones legales lideradas por jóvenes para hacer que los gobiernos se hagan responsables de proteger un clima estable y un futuro habitable.,https://www.ourchildrenstrust.org/,Our Future,"Support youth leaders across Oregon organizing for equity, climate justice, and inclusive climate action.","Apoya a líderes juveniles de Oregón que se organizan por la equidad, la justicia climática y la acción climática inclusiva.",https://www.ourfutureoregon.org/
Create Green Transportation,Arts or Hobbies Group,Teaching & Mentoring,Helping others learn,Safe Routes Partnership,"Advance safe walking and biking to school with programs, policy, and community support.","Fomenta el uso seguro de caminar y usar bicicleta para ir a la escuela con programas, políticas y apoyo comunitario.",https://www.saferoutespartnership.org/,Sunrise Movement PDX,Train youth to advocate for just and equitable climate solutions.,Capacita a la juventud para que abogue por soluciones climáticas justas y equitativas.,https://www.sunrisemovement.org/hubs/,Our Children’s Trust,Support youth-led legal actions that hold governments accountable for protecting a stable climate and a livable future.,Apoya las acciones legales lideradas por jóvenes para hacer que los gobiernos se hagan responsables de proteger un clima estable y un futuro habitable.,https://www.ourchildrenstrust.org/,Our Future,"Support youth leaders across Oregon organizing for equity, climate justice, and inclusive climate action.","Apoya a líderes juveniles de Oregón que se organizan por la equidad, la justicia climática y la acción climática inclusiva.",https://www.ourfutureoregon.org/
Create Green Transportation,School or Career Group,Teaching & Mentoring,Mentoring,Safe Routes Partnership,"Advance safe walking and biking to school with programs, policy, and community support.","Fomenta el uso seguro de caminar y usar bicicleta para ir a la escuela con programas, políticas y apoyo comunitario.",https://www.saferoutespartnership.org/,Sunrise Movement PDX,Train youth to advocate for just and equitable climate solutions.,Capacita a la juventud para que abogue por soluciones climáticas justas y equitativas.,https://www.sunrisemovement.org/hubs/,Our Children’s Trust,Support youth-led legal actions that hold governments accountable for protecting a stable climate and a livable future.,Apoya las acciones legales lideradas por jóvenes para hacer que los gobiernos se hagan responsables de proteger un clima estable y un futuro habitable.,https://www.ourchildrenstrust.org/,Our Future,"Support youth leaders across Oregon organizing for equity, climate justice, and inclusive climate action.","Apoya a líderes juveniles de Oregón que se organizan por la equidad, la justicia climática y la acción climática inclusiva.",https://www.ourfutureoregon.org/
Create Green Transportation,School or Career Group,Teaching & Mentoring,Helping others learn,Safe Routes Partnership,"Advance safe walking and biking to school with programs, policy, and community support.","Fomenta el uso seguro de caminar y usar bicicleta para ir a la escuela con programas, políticas y apoyo comunitario.",https://www.saferoutespartnership.org/,Sunrise Movement PDX,Train youth to advocate for just and equitable climate solutions.,Capacita a la juventud para que abogue por soluciones climáticas justas y equitativas.,https://www.sunrisemovement.org/hubs/,Our Children’s Trust,Support youth-led legal actions that hold governments accountable for protecting a stable climate and a livable future.,Apoya las acciones legales lideradas por jóvenes para hacer que los gobiernos se hagan responsables de proteger un clima estable y un futuro habitable.,https://www.ourchildrenstrust.org/,Our Future,"Support youth leaders across Oregon organizing for equity, climate justice, and inclusive climate action.","Apoya a líderes juveniles de Oregón que se organizan por la equidad, la justicia climática y la acción climática inclusiva.",https://www.ourfutureoregon.org/
Create Green Transportation,Family or Household,Teaching & Mentoring,Mentoring,Safe Routes Partnership,"Advance safe walking and biking to school with programs, policy, and community support.","Fomenta el uso seguro de caminar y usar bicicleta para ir a la escuela con programas, políticas y apoyo comunitario.",https://www.saferoutespartnership.org/,Sunrise Movement PDX,Train youth to advocate for just and equitable climate solutions.,Capacita a la juventud para que abogue por soluciones climáticas justas y equitativas.,https://www.sunrisemovement.org/hubs/,Our Children’s Trust,Support youth-led legal actions that hold governments accountable for protecting a stable climate and a livable future.,Apoya las acciones legales lideradas por jóvenes para hacer que los gobiernos se hagan responsables de proteger un clima estable y un futuro habitable.,https://www.ourchildrenstrust.org/,Our Future,"Support youth leaders across Oregon organizing for equity, climate justice, and inclusive climate action.","Apoya a líderes juveniles de Oregón que se organizan por la equidad, la justicia climática y la acción climática inclusiva.",https://www.ourfutureoregon.org/
Create Green Transportation,Family or Household,Teaching & Mentoring,Helping others learn,Safe Routes Partnership,"Advance safe walking and biking to school with programs, policy, and community support.","Fomenta el uso seguro de caminar y usar bicicleta para ir a la escuela con programas, políticas y apoyo comunitario.",https://www.saferoutespartnership.org/,Sunrise Movement PDX,Train youth to advocate for just and equitable climate solutions.,Capacita a la juventud para que abogue por soluciones climáticas justas y equitativas.,https://www.sunrisemovement.org/hubs/,Our Children’s Trust,Support youth-led legal actions that hold governments accountable for protecting a stable climate and a livable future.,Apoya las acciones legales lideradas por jóvenes para hacer que los gobiernos se hagan responsables de proteger un clima estable y un futuro habitable.,https://www.ourchildrenstrust.org/,Our Future,"Support youth leaders across Oregon organizing for equity, climate justice, and inclusive climate action.","Apoya a líderes juveniles de Oregón que se organizan por la equidad, la justicia climática y la acción climática inclusiva.",https://www.ourfutureoregon.org/
Create Green Transportation,Community Group,Teaching & Mentoring,Mentoring,Safe Routes Partnership,"Advance safe walking and biking to school with programs, policy, and community support.","Fomenta el uso seguro de caminar y usar bicicleta para ir a la escuela con programas, políticas y apoyo comunitario.",https://www.saferoutespartnership.org/,Sunrise Movement PDX,Train youth to advocate for just and equitable climate solutions.,Capacita a la juventud para que abogue por soluciones climáticas justas y equitativas.,https://www.sunrisemovement.org/hubs/,Our Children’s Trust,Support youth-led legal actions that hold governments accountable for protecting a stable climate and a livable future.,Apoya las acciones legales lideradas por jóvenes para hacer que los gobiernos se hagan responsables de proteger un clima estable y un futuro habitable.,https://www.ourchildrenstrust.org/,Our Future,"Support youth leaders across Oregon organizing for equity, climate justice, and inclusive climate action.","Apoya a líderes juveniles de Oregón que se organizan por la equidad, la justicia climática y la acción climática inclusiva.",https://www.ourfutureoregon.org/
Create Green Transportation,Community Group,Teaching & Mentoring,Helping others learn,Safe Routes Partnership,"Advance safe walking and biking to school with programs, policy, and community support.","Fomenta el uso seguro de caminar y usar bicicleta para ir a la escuela con programas, políticas y apoyo comunitario.",https://www.saferoutespartnership.org/,Sunrise Movement PDX,Train youth to advocate for just and equitable climate solutions.,Capacita a la juventud para que abogue por soluciones climáticas justas y equitativas.,https://www.sunrisemovement.org/hubs/,Our Children’s Trust,Support youth-led legal actions that hold governments accountable for protecting a stable climate and a livable future.,Apoya las acciones legales lideradas por jóvenes para hacer que los gobiernos se hagan responsables de proteger un clima estable y un futuro habitable.,https://www.ourchildrenstrust.org/,Our Future,"Support youth leaders across Oregon organizing for equity, climate justice, and inclusive climate action.","Apoya a líderes juveniles de Oregón que se organizan por la equidad, la justicia climática y la acción climática inclusiva.",https://www.ourfutureoregon.org/
Create Green Transportation,Faith-Based Group,Teaching & Mentoring,Mentoring,GreenFaith,Take part in global interfaith campaigns that unite moral leadership with grassroots climate action.,Participa en campañas globales  interreligiosas que unen el liderazgo moral con la acción climática comunitaria.,https://greenfaith.org/,Ecumenical Ministries of Oregon (EMO),Advance climate justice and resilience through faith-based networks and Creation Justice programs.,Promueve la justicia climática y la resiliencia a través de redes religiosas y programas de Creation Justice.,https://emoregon.org/creation-justice/,Our Children’s Trust,Support youth-led legal actions that hold governments accountable for protecting a stable climate and a livable future.,Apoya las acciones legales lideradas por jóvenes para hacer que los gobiernos se hagan responsables de proteger un clima estable y un futuro habitable.,https://www.ourchildrenstrust.org/,Our Future,"Support youth leaders across Oregon organizing for equity, climate justice, and inclusive climate action.","Apoya a líderes juveniles de Oregón que se organizan por la equidad, la justicia climática y la acción climática inclusiva.",https://www.ourfutureoregon.org/
Create Green Transportation,Faith-Based Group,Teaching & Mentoring,Helping others learn,GreenFaith,Take part in global interfaith campaigns that unite moral leadership with grassroots climate action.,Participa en campañas globales  interreligiosas que unen el liderazgo moral con la acción climática comunitaria.,https://greenfaith.org/,Ecumenical Ministries of Oregon (EMO),Advance climate justice and resilience through faith-based networks and Creation Justice programs.,Promueve la justicia climática y la resiliencia a través de redes religiosas y programas de Creation Justice.,https://emoregon.org/creation-justice/,Our Children’s Trust,Support youth-led legal actions that hold governments accountable for protecting a stable climate and a livable future.,Apoya las acciones legales lideradas por jóvenes para hacer que los gobiernos se hagan responsables de proteger un clima estable y un futuro habitable.,https://www.ourchildrenstrust.org/,Our Future,"Support youth leaders across Oregon organizing for equity, climate justice, and inclusive climate action.","Apoya a líderes juveniles de Oregón que se organizan por la equidad, la justicia climática y la acción climática inclusiva.",https://www.ourfutureoregon.org/
Grow and Eat Sustainable Food,Sports or Rec Group,Being Active & Outdoors,Sports,Society of St. Andrew,Volunteer to glean surplus produce from farms and deliver it to hunger relief agencies.,Participa de forma voluntaria para recolectar excedentes de productos agrícolas y entregarlos a organizaciones de ayuda alimentaria .,https://endhunger.org/,Portland Food Forest Initiative,Help convert lawns into community food forests using permaculture practices.,Ayuda a convertir los jardines en bosques comunitarios para la alimentación de la comunidad utilizando prácticas de permacultura.,https://www.portlandfoodforest.org/,Kindness Farm,"Help grow fresh food using regenerative practices on an urban farm led by immigrant, refugee, and queer communities.","Ayuda a cultivar alimentos frescos usando prácticas regenerativas en una granja urbana liderada por comunidades inmigrantes, refugiadas y queer.",https://www.thekindnessfarm.org/,Zenger Farm,Volunteer at a working urban farm that models sustainable food systems.,Participa de forma voluntaria en una granja urbana que modela sistemas alimentarios sostenibles.,https://zengerfarm.org/
Grow and Eat Sustainable Food,Sports or Rec Group,Being Active & Outdoors,Exploring Outside,Society of St. Andrew,Volunteer to glean surplus produce from farms and deliver it to hunger relief agencies.,Participa de forma voluntaria para recolectar excedentes de productos agrícolas y entregarlos a organizaciones de ayuda alimentaria .,https://endhunger.org/,Portland Food Forest Initiative,Help convert lawns into community food forests using permaculture practices.,Ayuda a convertir los jardines en bosques comunitarios para la alimentación de la comunidad utilizando prácticas de permacultura.,https://www.portlandfoodforest.org/,Kindness Farm,"Help grow fresh food using regenerative practices on an urban farm led by immigrant, refugee, and queer communities.","Ayuda a cultivar alimentos frescos usando prácticas regenerativas en una granja urbana liderada por comunidades inmigrantes, refugiadas y queer.",https://www.thekindnessfarm.org/,Zenger Farm,Volunteer at a working urban farm that models sustainable food systems.,Participa de forma voluntaria en una granja urbana que modela sistemas alimentarios sostenibles.,https://zengerfarm.org/
Grow and Eat Sustainable Food,Arts or Hobbies Group,Being Active & Outdoors,Sports,Society of St. Andrew,Volunteer to glean surplus produce from farms and deliver it to hunger relief agencies.,Participa de forma voluntaria para recolectar excedentes de productos agrícolas y entregarlos a organizaciones de ayuda alimentaria .,https://endhunger.org/,Portland Food Forest Initiative,Help convert lawns into community food forests using permaculture practices.,Ayuda a convertir los jardines en bosques comunitarios para la alimentación de la comunidad utilizando prácticas de permacultura.,https://www.portlandfoodforest.org/,Kindness Farm,"Help grow fresh food using regenerative practices on an urban farm led by immigrant, refugee, and queer communities.","Ayuda a cultivar alimentos frescos usando prácticas regenerativas en una granja urbana liderada por comunidades inmigrantes, refugiadas y queer.",https://www.thekindnessfarm.org/,Zenger Farm,Volunteer at a working urban farm that models sustainable food systems.,Participa de forma voluntaria en una granja urbana que modela sistemas alimentarios sostenibles.,https://zengerfarm.org/
Grow and Eat Sustainable Food,Arts or Hobbies Group,Being Active & Outdoors,Exploring Outside,Society of St. Andrew,Volunteer to glean surplus produce from farms and deliver it to hunger relief agencies.,Participa de forma voluntaria para recolectar excedentes de productos agrícolas y entregarlos a organizaciones de ayuda alimentaria .,https://endhunger.org/,Portland Food Forest Initiative,Help convert lawns into community food forests using permaculture practices.,Ayuda a convertir los jardines en bosques comunitarios para la alimentación de la comunidad utilizando prácticas de permacultura.,https://www.portlandfoodforest.org/,Kindness Farm,"Help grow fresh food using regenerative practices on an urban farm led by immigrant, refugee, and queer communities.","Ayuda a cultivar alimentos frescos usando prácticas regenerativas en una granja urbana liderada por comunidades inmigrantes, refugiadas y queer.",https://www.thekindnessfarm.org/,Zenger Farm,Volunteer at a working urban farm that models sustainable food systems.,Participa de forma voluntaria en una granja urbana que modela sistemas alimentarios sostenibles.,https://zengerfarm.org/
Grow and Eat Sustainable Food,School or Career Group,Being Active & Outdoors,Sports,Society of St. Andrew,Volunteer to glean surplus produce from farms and deliver it to hunger relief agencies.,Participa de forma voluntaria para recolectar excedentes de productos agrícolas y entregarlos a organizaciones de ayuda alimentaria .,https://endhunger.org/,Portland Food Forest Initiative,Help convert lawns into community food forests using permaculture practices.,Ayuda a convertir los jardines en bosques comunitarios para la alimentación de la comunidad utilizando prácticas de permacultura.,https://www.portlandfoodforest.org/,Kindness Farm,"Help grow fresh food using regenerative practices on an urban farm led by immigrant, refugee, and queer communities.","Ayuda a cultivar alimentos frescos usando prácticas regenerativas en una granja urbana liderada por comunidades inmigrantes, refugiadas y queer.",https://www.thekindnessfarm.org/,Zenger Farm,Volunteer at a working urban farm that models sustainable food systems.,Participa de forma voluntaria en una granja urbana que modela sistemas alimentarios sostenibles.,https://zengerfarm.org/
Grow and Eat Sustainable Food,School or Career Group,Being Active & Outdoors,Exploring Outside,Society of St. Andrew,Volunteer to glean surplus produce from farms and deliver it to hunger relief agencies.,Participa de forma voluntaria para recolectar excedentes de productos agrícolas y entregarlos a organizaciones de ayuda alimentaria .,https://endhunger.org/,Portland Food Forest Initiative,Help convert lawns into community food forests using permaculture practices.,Ayuda a convertir los jardines en bosques comunitarios para la alimentación de la comunidad utilizando prácticas de permacultura.,https://www.portlandfoodforest.org/,Kindness Farm,"Help grow fresh food using regenerative practices on an urban farm led by immigrant, refugee, and queer communities.","Ayuda a cultivar alimentos frescos usando prácticas regenerativas en una granja urbana liderada por comunidades inmigrantes, refugiadas y queer.",https://www.thekindnessfarm.org/,Zenger Farm,Volunteer at a working urban farm that models sustainable food systems.,Participa de forma voluntaria en una granja urbana que modela sistemas alimentarios sostenibles.,https://zengerfarm.org/
Grow and Eat Sustainable Food,Family or Household,Being Active & Outdoors,Sports,Society of St. Andrew,Volunteer to glean surplus produce from farms and deliver it to hunger relief agencies.,Participa de forma voluntaria para recolectar excedentes de productos agrícolas y entregarlos a organizaciones de ayuda alimentaria .,https://endhunger.org/,Portland Food Forest Initiative,Help convert lawns into community food forests using permaculture practices.,Ayuda a convertir los jardines en bosques comunitarios para la alimentación de la comunidad utilizando prácticas de permacultura.,https://www.portlandfoodforest.org/,Kindness Farm,"Help grow fresh food using regenerative practices on an urban farm led by immigrant, refugee, and queer communities.","Ayuda a cultivar alimentos frescos usando prácticas regenerativas en una granja urbana liderada por comunidades inmigrantes, refugiadas y queer.",https://www.thekindnessfarm.org/,Zenger Farm,Volunteer at a working urban farm that models sustainable food systems.,Participa de forma voluntaria en una granja urbana que modela sistemas alimentarios sostenibles.,https://zengerfarm.org/
Grow and Eat Sustainable Food,Family or Household,Being Active & Outdoors,Exploring Outside,Society of St. Andrew,Volunteer to glean surplus produce from farms and deliver it to hunger relief agencies.,Participa de forma voluntaria para recolectar excedentes de productos agrícolas y entregarlos a organizaciones de ayuda alimentaria .,https://endhunger.org/,Portland Food Forest Initiative,Help convert lawns into community food forests using permaculture practices.,Ayuda a convertir los jardines en bosques comunitarios para la alimentación de la comunidad utilizando prácticas de permacultura.,https://www.portlandfoodforest.org/,Kindness Farm,"Help grow fresh food using regenerative practices on an urban farm led by immigrant, refugee, and queer communities.","Ayuda a cultivar alimentos frescos usando prácticas regenerativas en una granja urbana liderada por comunidades inmigrantes, refugiadas y queer.",https://www.thekindnessfarm.org/,Zenger Farm,Volunteer at a working urban farm that models sustainable food systems.,Participa de forma voluntaria en una granja urbana que modela sistemas alimentarios sostenibles.,https://zengerfarm.org/
Grow and Eat Sustainable Food,Community Group,Being Active & Outdoors,Sports,Society of St. Andrew,Volunteer to glean surplus produce from farms and deliver it to hunger relief agencies.,Participa de forma voluntaria para recolectar excedentes de productos agrícolas y entregarlos a organizaciones de ayuda alimentaria .,https://endhunger.org/,Portland Food Forest Initiative,Help convert lawns into community food forests using permaculture practices.,Ayuda a convertir los jardines en bosques comunitarios para la alimentación de la comunidad utilizando prácticas de permacultura.,https://www.portlandfoodforest.org/,Kindness Farm,"Help grow fresh food using regenerative practices on an urban farm led by immigrant, refugee, and queer communities.","Ayuda a cultivar alimentos frescos usando prácticas regenerativas en una granja urbana liderada por comunidades inmigrantes, refugiadas y queer.",https://www.thekindnessfarm.org/,OSALT,"Support community access to urban gardens and farmland through education, conservation, and regenerative agriculture.","Apoya el acceso comunitario a jardines urbanos y tierras de cultivo a través de la educación, la conservación y la agricultura regenerativa.",https://osalt.org/
Grow and Eat Sustainable Food,Community Group,Being Active & Outdoors,Exploring Outside,Society of St. Andrew,Volunteer to glean surplus produce from farms and deliver it to hunger relief agencies.,Participa de forma voluntaria para recolectar excedentes de productos agrícolas y entregarlos a organizaciones de ayuda alimentaria .,https://endhunger.org/,Portland Food Forest Initiative,Help convert lawns into community food forests using permaculture practices.,Ayuda a convertir los jardines en bosques comunitarios para la alimentación de la comunidad utilizando prácticas de permacultura.,https://www.portlandfoodforest.org/,Kindness Farm,"Help grow fresh food using regenerative practices on an urban farm led by immigrant, refugee, and queer communities.","Ayuda a cultivar alimentos frescos usando prácticas regenerativas en una granja urbana liderada por comunidades inmigrantes, refugiadas y queer.",https://www.thekindnessfarm.org/,OSALT,"Support community access to urban gardens and farmland through education, conservation, and regenerative agriculture.","Apoya el acceso comunitario a jardines urbanos y tierras de cultivo a través de la educación, la conservación y la agricultura regenerativa.",https://osalt.org/
Grow and Eat Sustainable Food,Faith-Based Group,Being Active & Outdoors,Sports,Society of St. Andrew,Volunteer to glean surplus produce from farms and deliver it to hunger relief agencies.,Participa de forma voluntaria para recolectar excedentes de productos agrícolas y entregarlos a organizaciones de ayuda alimentaria .,https://endhunger.org/,Ecumenical Ministries of Oregon (EMO),Advance climate justice and resilience through faith-based networks and Creation Justice programs.,Promueve la justicia climática y la resiliencia a través de redes religiosas y programas de Creation Justice.,https://emoregon.org/creation-justice/,OSALT,"Support community access to urban gardens and farmland through education, conservation, and regenerative agriculture.","Apoya el acceso comunitario a jardines urbanos y tierras de cultivo a través de la educación, la conservación y la agricultura regenerativa.",https://osalt.org/,Zenger Farm,Volunteer at a working urban farm that models sustainable food systems.,Participa de forma voluntaria en una granja urbana que modela sistemas alimentarios sostenibles.,https://zengerfarm.org/
Grow and Eat Sustainable Food,Faith-Based Group,Being Active & Outdoors,Exploring Outside,Society of St. Andrew,Volunteer to glean surplus produce from farms and deliver it to hunger relief agencies.,Participa de forma voluntaria para recolectar excedentes de productos agrícolas y entregarlos a organizaciones de ayuda alimentaria .,https://endhunger.org/,Ecumenical Ministries of Oregon (EMO),Advance climate justice and resilience through faith-based networks and Creation Justice programs.,Promueve la justicia climática y la resiliencia a través de redes religiosas y programas de Creation Justice.,https://emoregon.org/creation-justice/,OSALT,"Support community access to urban gardens and farmland through education, conservation, and regenerative agriculture.","Apoya el acceso comunitario a jardines urbanos y tierras de cultivo a través de la educación, la conservación y la agricultura regenerativa.",https://osalt.org/,Zenger Farm,Volunteer at a working urban farm that models sustainable food systems.,Participa de forma voluntaria en una granja urbana que modela sistemas alimentarios sostenibles.,https://zengerfarm.org/
Grow and Eat Sustainable Food,Sports or Rec Group,Innovating & Designing,Problem Solving,Engineers for a Sustainable World,Collaborate with student and professional chapters to design and implement sustainability projects in local communities.,Colabora con asociaciones estudiantiles y profesionales para diseñar e implementar proyectos de sostenibilidad en comunidades locales.,https://www.eswglobal.org/,Ecotrust,Volunteer at events and support programs that connect people to sustainable regional food systems.,Participa de forma voluntaria en eventos y apoya programas que conectan a las personas con sistemas alimentarios regionales sostenibles.,https://ecotrust.org/,Portland Food Forest Initiative,Help convert lawns into community food forests using permaculture practices.,Ayuda a convertir los jardines en bosques comunitarios para la alimentación de la comunidad utilizando prácticas de permacultura.,https://www.portlandfoodforest.org/,Kindness Farm,"Help grow fresh food using regenerative practices on an urban farm led by immigrant, refugee, and queer communities.","Ayuda a cultivar alimentos frescos usando prácticas regenerativas en una granja urbana liderada por comunidades inmigrantes, refugiadas y queer.",https://www.thekindnessfarm.org/
Grow and Eat Sustainable Food,Sports or Rec Group,Innovating & Designing,Inventing,Engineers for a Sustainable World,Collaborate with student and professional chapters to design and implement sustainability projects in local communities.,Colabora con asociaciones estudiantiles y profesionales para diseñar e implementar proyectos de sostenibilidad en comunidades locales.,https://www.eswglobal.org/,Ecotrust,Volunteer at events and support programs that connect people to sustainable regional food systems.,Participa de forma voluntaria en eventos y apoya programas que conectan a las personas con sistemas alimentarios regionales sostenibles.,https://ecotrust.org/,Portland Food Forest Initiative,Help convert lawns into community food forests using permaculture practices.,Ayuda a convertir los jardines en bosques comunitarios para la alimentación de la comunidad utilizando prácticas de permacultura.,https://www.portlandfoodforest.org/,Kindness Farm,"Help grow fresh food using regenerative practices on an urban farm led by immigrant, refugee, and queer communities.","Ayuda a cultivar alimentos frescos usando prácticas regenerativas en una granja urbana liderada por comunidades inmigrantes, refugiadas y queer.",https://www.thekindnessfarm.org/
Grow and Eat Sustainable Food,Arts or Hobbies Group,Innovating & Designing,Problem Solving,Engineers for a Sustainable World,Collaborate with student and professional chapters to design and implement sustainability projects in local communities.,Colabora con asociaciones estudiantiles y profesionales para diseñar e implementar proyectos de sostenibilidad en comunidades locales.,https://www.eswglobal.org/,Ecotrust,Volunteer at events and support programs that connect people to sustainable regional food systems.,Participa de forma voluntaria en eventos y apoya programas que conectan a las personas con sistemas alimentarios regionales sostenibles.,https://ecotrust.org/,Portland Food Forest Initiative,Help convert lawns into community food forests using permaculture practices.,Ayuda a convertir los jardines en bosques comunitarios para la alimentación de la comunidad utilizando prácticas de permacultura.,https://www.portlandfoodforest.org/,Kindness Farm,"Help grow fresh food using regenerative practices on an urban farm led by immigrant, refugee, and queer communities.","Ayuda a cultivar alimentos frescos usando prácticas regenerativas en una granja urbana liderada por comunidades inmigrantes, refugiadas y queer.",https://www.thekindnessfarm.org/
Grow and Eat Sustainable Food,Arts or Hobbies Group,Innovating & Designing,Inventing,Engineers for a Sustainable World,Collaborate with student and professional chapters to design and implement sustainability projects in local communities.,Colabora con asociaciones estudiantiles y profesionales para diseñar e implementar proyectos de sostenibilidad en comunidades locales.,https://www.eswglobal.org/,Ecotrust,Volunteer at events and support programs that connect people to sustainable regional food systems.,Participa de forma voluntaria en eventos y apoya programas que conectan a las personas con sistemas alimentarios regionales sostenibles.,https://ecotrust.org/,Portland Food Forest Initiative,Help convert lawns into community food forests using permaculture practices.,Ayuda a convertir los jardines en bosques comunitarios para la alimentación de la comunidad utilizando prácticas de permacultura.,https://www.portlandfoodforest.org/,Kindness Farm,"Help grow fresh food using regenerative practices on an urban farm led by immigrant, refugee, and queer communities.","Ayuda a cultivar alimentos frescos usando prácticas regenerativas en una granja urbana liderada por comunidades inmigrantes, refugiadas y queer.",https://www.thekindnessfarm.org/
Grow and Eat Sustainable Food,School or Career Group,Innovating & Designing,Problem Solving,Engineers for a Sustainable World,Collaborate with student and professional chapters to design and implement sustainability projects in local communities.,Colabora con asociaciones estudiantiles y profesionales para diseñar e implementar proyectos de sostenibilidad en comunidades locales.,https://www.eswglobal.org/,Ecotrust,Volunteer at events and support programs that connect people to sustainable regional food systems.,Participa de forma voluntaria en eventos y apoya programas que conectan a las personas con sistemas alimentarios regionales sostenibles.,https://ecotrust.org/,Portland Food Forest Initiative,Help convert lawns into community food forests using permaculture practices.,Ayuda a convertir los jardines en bosques comunitarios para la alimentación de la comunidad utilizando prácticas de permacultura.,https://www.portlandfoodforest.org/,OSALT,"Support community access to urban gardens and farmland through education, conservation, and regenerative agriculture.","Apoya el acceso comunitario a jardines urbanos y tierras de cultivo a través de la educación, la conservación y la agricultura regenerativa.",https://osalt.org/
Grow and Eat Sustainable Food,School or Career Group,Innovating & Designing,Inventing,Engineers for a Sustainable World,Collaborate with student and professional chapters to design and implement sustainability projects in local communities.,Colabora con asociaciones estudiantiles y profesionales para diseñar e implementar proyectos de sostenibilidad en comunidades locales.,https://www.eswglobal.org/,Ecotrust,Volunteer at events and support programs that connect people to sustainable regional food systems.,Participa de forma voluntaria en eventos y apoya programas que conectan a las personas con sistemas alimentarios regionales sostenibles.,https://ecotrust.org/,Portland Food Forest Initiative,Help convert lawns into community food forests using permaculture practices.,Ayuda a convertir los jardines en bosques comunitarios para la alimentación de la comunidad utilizando prácticas de permacultura.,https://www.portlandfoodforest.org/,OSALT,"Support community access to urban gardens and farmland through education, conservation, and regenerative agriculture.","Apoya el acceso comunitario a jardines urbanos y tierras de cultivo a través de la educación, la conservación y la agricultura regenerativa.",https://osalt.org/
Grow and Eat Sustainable Food,Family or Household,Innovating & Designing,Problem Solving,Engineers for a Sustainable World,Collaborate with student and professional chapters to design and implement sustainability projects in local communities.,Colabora con asociaciones estudiantiles y profesionales para diseñar e implementar proyectos de sostenibilidad en comunidades locales.,https://www.eswglobal.org/,Ecotrust,Volunteer at events and support programs that connect people to sustainable regional food systems.,Participa de forma voluntaria en eventos y apoya programas que conectan a las personas con sistemas alimentarios regionales sostenibles.,https://ecotrust.org/,Portland Food Forest Initiative,Help convert lawns into community food forests using permaculture practices.,Ayuda a convertir los jardines en bosques comunitarios para la alimentación de la comunidad utilizando prácticas de permacultura.,https://www.portlandfoodforest.org/,Kindness Farm,"Help grow fresh food using regenerative practices on an urban farm led by immigrant, refugee, and queer communities.","Ayuda a cultivar alimentos frescos usando prácticas regenerativas en una granja urbana liderada por comunidades inmigrantes, refugiadas y queer.",https://www.thekindnessfarm.org/
Grow and Eat Sustainable Food,Family or Household,Innovating & Designing,Inventing,Engineers for a Sustainable World,Collaborate with student and professional chapters to design and implement sustainability projects in local communities.,Colabora con asociaciones estudiantiles y profesionales para diseñar e implementar proyectos de sostenibilidad en comunidades locales.,https://www.eswglobal.org/,Ecotrust,Volunteer at events and support programs that connect people to sustainable regional food systems.,Participa de forma voluntaria en eventos y apoya programas que conectan a las personas con sistemas alimentarios regionales sostenibles.,https://ecotrust.org/,Portland Food Forest Initiative,Help convert lawns into community food forests using permaculture practices.,Ayuda a convertir los jardines en bosques comunitarios para la alimentación de la comunidad utilizando prácticas de permacultura.,https://www.portlandfoodforest.org/,Kindness Farm,"Help grow fresh food using regenerative practices on an urban farm led by immigrant, refugee, and queer communities.","Ayuda a cultivar alimentos frescos usando prácticas regenerativas en una granja urbana liderada por comunidades inmigrantes, refugiadas y queer.",https://www.thekindnessfarm.org/
Grow and Eat Sustainable Food,Community Group,Innovating & Designing,Problem Solving,Engineers for a Sustainable World,Collaborate with student and professional chapters to design and implement sustainability projects in local communities.,Colabora con asociaciones estudiantiles y profesionales para diseñar e implementar proyectos de sostenibilidad en comunidades locales.,https://www.eswglobal.org/,Ecotrust,Volunteer at events and support programs that connect people to sustainable regional food systems.,Participa de forma voluntaria en eventos y apoya programas que conectan a las personas con sistemas alimentarios regionales sostenibles.,https://ecotrust.org/,Portland Food Forest Initiative,Help convert lawns into community food forests using permaculture practices.,Ayuda a convertir los jardines en bosques comunitarios para la alimentación de la comunidad utilizando prácticas de permacultura.,https://www.portlandfoodforest.org/,OSALT,"Support community access to urban gardens and farmland through education, conservation, and regenerative agriculture.","Apoya el acceso comunitario a jardines urbanos y tierras de cultivo a través de la educación, la conservación y la agricultura regenerativa.",https://osalt.org/
Grow and Eat Sustainable Food,Community Group,Innovating & Designing,Inventing,Engineers for a Sustainable World,Collaborate with student and professional chapters to design and implement sustainability projects in local communities.,Colabora con asociaciones estudiantiles y profesionales para diseñar e implementar proyectos de sostenibilidad en comunidades locales.,https://www.eswglobal.org/,Ecotrust,Volunteer at events and support programs that connect people to sustainable regional food systems.,Participa de forma voluntaria en eventos y apoya programas que conectan a las personas con sistemas alimentarios regionales sostenibles.,https://ecotrust.org/,Portland Food Forest Initiative,Help convert lawns into community food forests using permaculture practices.,Ayuda a convertir los jardines en bosques comunitarios para la alimentación de la comunidad utilizando prácticas de permacultura.,https://www.portlandfoodforest.org/,OSALT,"Support community access to urban gardens and farmland through education, conservation, and regenerative agriculture.","Apoya el acceso comunitario a jardines urbanos y tierras de cultivo a través de la educación, la conservación y la agricultura regenerativa.",https://osalt.org/
Grow and Eat Sustainable Food,Faith-Based Group,Innovating & Designing,Problem Solving,GreenFaith,Take part in global interfaith campaigns that unite moral leadership with grassroots climate action.,Participa en campañas globales  interreligiosas que unen el liderazgo moral con la acción climática comunitaria.,https://greenfaith.org/,Ecumenical Ministries of Oregon (EMO),Advance climate justice and resilience through faith-based networks and Creation Justice programs.,Promueve la justicia climática y la resiliencia a través de redes religiosas y programas de Creation Justice.,https://emoregon.org/creation-justice/,Portland Food Forest Initiative,Help convert lawns into community food forests using permaculture practices.,Ayuda a convertir los jardines en bosques comunitarios para la alimentación de la comunidad utilizando prácticas de permacultura.,https://www.portlandfoodforest.org/,OSALT,"Support community access to urban gardens and farmland through education, conservation, and regenerative agriculture.","Apoya el acceso comunitario a jardines urbanos y tierras de cultivo a través de la educación, la conservación y la agricultura regenerativa.",https://osalt.org/
Grow and Eat Sustainable Food,Faith-Based Group,Innovating & Designing,Inventing,GreenFaith,Take part in global interfaith campaigns that unite moral leadership with grassroots climate action.,Participa en campañas globales  interreligiosas que unen el liderazgo moral con la acción climática comunitaria.,https://greenfaith.org/,Ecumenical Ministries of Oregon (EMO),Advance climate justice and resilience through faith-based networks and Creation Justice programs.,Promueve la justicia climática y la resiliencia a través de redes religiosas y programas de Creation Justice.,https://emoregon.org/creation-justice/,Portland Food Forest Initiative,Help convert lawns into community food forests using permaculture practices.,Ayuda a convertir los jardines en bosques comunitarios para la alimentación de la comunidad utilizando prácticas de permacultura.,https://www.portlandfoodforest.org/,OSALT,"Support community access to urban gardens and farmland through education, conservation, and regenerative agriculture.","Apoya el acceso comunitario a jardines urbanos y tierras de cultivo a través de la educación, la conservación y la agricultura regenerativa.",https://osalt.org/
Grow and Eat Sustainable Food,Sports or Rec Group,Organizing & Leading,Bringing people together,National Young Farmers Coalition,"Advocate for equitable farm policy, support local chapters, and mobilize with a nationwide network of young farmers and food justice leaders.","Aboga por políticas agrícolas equitativas, apoya a las organizaciones locales y movilízate con una red nacional de jóvenes agricultores y líderes en justicia alimentaria.",https://www.youngfarmers.org/,Zenger Farm,Volunteer at a working urban farm that models sustainable food systems.,Participa de forma voluntaria en una granja urbana que modela sistemas alimentarios sostenibles.,https://zengerfarm.org/,Portland Food Forest Initiative,Help convert lawns into community food forests using permaculture practices.,Ayuda a convertir los jardines en bosques comunitarios para la alimentación de la comunidad utilizando prácticas de permacultura.,https://www.portlandfoodforest.org/,OSALT,"Support community access to urban gardens and farmland through education, conservation, and regenerative agriculture.","Apoya el acceso comunitario a jardines urbanos y tierras de cultivo a través de la educación, la conservación y la agricultura regenerativa.",https://osalt.org/
Grow and Eat Sustainable Food,Sports or Rec Group,Organizing & Leading,Talking to people,National Young Farmers Coalition,"Advocate for equitable farm policy, support local chapters, and mobilize with a nationwide network of young farmers and food justice leaders.","Aboga por políticas agrícolas equitativas, apoya a las organizaciones locales y movilízate con una red nacional de jóvenes agricultores y líderes en justicia alimentaria.",https://www.youngfarmers.org/,Zenger Farm,Volunteer at a working urban farm that models sustainable food systems.,Participa de forma voluntaria en una granja urbana que modela sistemas alimentarios sostenibles.,https://zengerfarm.org/,Portland Food Forest Initiative,Help convert lawns into community food forests using permaculture practices.,Ayuda a convertir los jardines en bosques comunitarios para la alimentación de la comunidad utilizando prácticas de permacultura.,https://www.portlandfoodforest.org/,OSALT,"Support community access to urban gardens and farmland through education, conservation, and regenerative agriculture.","Apoya el acceso comunitario a jardines urbanos y tierras de cultivo a través de la educación, la conservación y la agricultura regenerativa.",https://osalt.org/
Grow and Eat Sustainable Food,Arts or Hobbies Group,Organizing & Leading,Bringing people together,National Young Farmers Coalition,"Advocate for equitable farm policy, support local chapters, and mobilize with a nationwide network of young farmers and food justice leaders.","Aboga por políticas agrícolas equitativas, apoya a las organizaciones locales y movilízate con una red nacional de jóvenes agricultores y líderes en justicia alimentaria.",https://www.youngfarmers.org/,Zenger Farm,Volunteer at a working urban farm that models sustainable food systems.,Participa de forma voluntaria en una granja urbana que modela sistemas alimentarios sostenibles.,https://zengerfarm.org/,Portland Food Forest Initiative,Help convert lawns into community food forests using permaculture practices.,Ayuda a convertir los jardines en bosques comunitarios para la alimentación de la comunidad utilizando prácticas de permacultura.,https://www.portlandfoodforest.org/,Kindness Farm,"Help grow fresh food using regenerative practices on an urban farm led by immigrant, refugee, and queer communities.","Ayuda a cultivar alimentos frescos usando prácticas regenerativas en una granja urbana liderada por comunidades inmigrantes, refugiadas y queer.",https://www.thekindnessfarm.org/
Grow and Eat Sustainable Food,Arts or Hobbies Group,Organizing & Leading,Talking to people,National Young Farmers Coalition,"Advocate for equitable farm policy, support local chapters, and mobilize with a nationwide network of young farmers and food justice leaders.","Aboga por políticas agrícolas equitativas, apoya a las organizaciones locales y movilízate con una red nacional de jóvenes agricultores y líderes en justicia alimentaria.",https://www.youngfarmers.org/,Zenger Farm,Volunteer at a working urban farm that models sustainable food systems.,Participa de forma voluntaria en una granja urbana que modela sistemas alimentarios sostenibles.,https://zengerfarm.org/,Portland Food Forest Initiative,Help convert lawns into community food forests using permaculture practices.,Ayuda a convertir los jardines en bosques comunitarios para la alimentación de la comunidad utilizando prácticas de permacultura.,https://www.portlandfoodforest.org/,Kindness Farm,"Help grow fresh food using regenerative practices on an urban farm led by immigrant, refugee, and queer communities.","Ayuda a cultivar alimentos frescos usando prácticas regenerativas en una granja urbana liderada por comunidades inmigrantes, refugiadas y queer.",https://www.thekindnessfarm.org/
Grow and Eat Sustainable Food,School or Career Group,Organizing & Leading,Bringing people together,National Young Farmers Coalition,"Advocate for equitable farm policy, support local chapters, and mobilize with a nationwide network of young farmers and food justice leaders.","Aboga por políticas agrícolas equitativas, apoya a las organizaciones locales y movilízate con una red nacional de jóvenes agricultores y líderes en justicia alimentaria.",https://www.youngfarmers.org/,Zenger Farm,Volunteer at a working urban farm that models sustainable food systems.,Participa de forma voluntaria en una granja urbana que modela sistemas alimentarios sostenibles.,https://zengerfarm.org/,Portland Food Forest Initiative,Help convert lawns into community food forests using permaculture practices.,Ayuda a convertir los jardines en bosques comunitarios para la alimentación de la comunidad utilizando prácticas de permacultura.,https://www.portlandfoodforest.org/,OSALT,"Support community access to urban gardens and farmland through education, conservation, and regenerative agriculture.","Apoya el acceso comunitario a jardines urbanos y tierras de cultivo a través de la educación, la conservación y la agricultura regenerativa.",https://osalt.org/
Grow and Eat Sustainable Food,School or Career Group,Organizing & Leading,Talking to people,National Young Farmers Coalition,"Advocate for equitable farm policy, support local chapters, and mobilize with a nationwide network of young farmers and food justice leaders.","Aboga por políticas agrícolas equitativas, apoya a las organizaciones locales y movilízate con una red nacional de jóvenes agricultores y líderes en justicia alimentaria.",https://www.youngfarmers.org/,Zenger Farm,Volunteer at a working urban farm that models sustainable food systems.,Participa de forma voluntaria en una granja urbana que modela sistemas alimentarios sostenibles.,https://zengerfarm.org/,Portland Food Forest Initiative,Help convert lawns into community food forests using permaculture practices.,Ayuda a convertir los jardines en bosques comunitarios para la alimentación de la comunidad utilizando prácticas de permacultura.,https://www.portlandfoodforest.org/,OSALT,"Support community access to urban gardens and farmland through education, conservation, and regenerative agriculture.","Apoya el acceso comunitario a jardines urbanos y tierras de cultivo a través de la educación, la conservación y la agricultura regenerativa.",https://osalt.org/
Grow and Eat Sustainable Food,Family or Household,Organizing & Leading,Bringing people together,National Young Farmers Coalition,"Advocate for equitable farm policy, support local chapters, and mobilize with a nationwide network of young farmers and food justice leaders.","Aboga por políticas agrícolas equitativas, apoya a las organizaciones locales y movilízate con una red nacional de jóvenes agricultores y líderes en justicia alimentaria.",https://www.youngfarmers.org/,Zenger Farm,Volunteer at a working urban farm that models sustainable food systems.,Participa de forma voluntaria en una granja urbana que modela sistemas alimentarios sostenibles.,https://zengerfarm.org/,Portland Food Forest Initiative,Help convert lawns into community food forests using permaculture practices.,Ayuda a convertir los jardines en bosques comunitarios para la alimentación de la comunidad utilizando prácticas de permacultura.,https://www.portlandfoodforest.org/,OSALT,"Support community access to urban gardens and farmland through education, conservation, and regenerative agriculture.","Apoya el acceso comunitario a jardines urbanos y tierras de cultivo a través de la educación, la conservación y la agricultura regenerativa.",https://osalt.org/
Grow and Eat Sustainable Food,Family or Household,Organizing & Leading,Talking to people,National Young Farmers Coalition,"Advocate for equitable farm policy, support local chapters, and mobilize with a nationwide network of young farmers and food justice leaders.","Aboga por políticas agrícolas equitativas, apoya a las organizaciones locales y movilízate con una red nacional de jóvenes agricultores y líderes en justicia alimentaria.",https://www.youngfarmers.org/,Zenger Farm,Volunteer at a working urban farm that models sustainable food systems.,Participa de forma voluntaria en una granja urbana que modela sistemas alimentarios sostenibles.,https://zengerfarm.org/,Portland Food Forest Initiative,Help convert lawns into community food forests using permaculture practices.,Ayuda a convertir los jardines en bosques comunitarios para la alimentación de la comunidad utilizando prácticas de permacultura.,https://www.portlandfoodforest.org/,OSALT,"Support community access to urban gardens and farmland through education, conservation, and regenerative agriculture.","Apoya el acceso comunitario a jardines urbanos y tierras de cultivo a través de la educación, la conservación y la agricultura regenerativa.",https://osalt.org/
Grow and Eat Sustainable Food,Community Group,Organizing & Leading,Bringing people together,National Young Farmers Coalition,"Advocate for equitable farm policy, support local chapters, and mobilize with a nationwide network of young farmers and food justice leaders.","Aboga por políticas agrícolas equitativas, apoya a las organizaciones locales y movilízate con una red nacional de jóvenes agricultores y líderes en justicia alimentaria.",https://www.youngfarmers.org/,Zenger Farm,Volunteer at a working urban farm that models sustainable food systems.,Participa de forma voluntaria en una granja urbana que modela sistemas alimentarios sostenibles.,https://zengerfarm.org/,Portland Food Forest Initiative,Help convert lawns into community food forests using permaculture practices.,Ayuda a convertir los jardines en bosques comunitarios para la alimentación de la comunidad utilizando prácticas de permacultura.,https://www.portlandfoodforest.org/,OSALT,"Support community access to urban gardens and farmland through education, conservation, and regenerative agriculture.","Apoya el acceso comunitario a jardines urbanos y tierras de cultivo a través de la educación, la conservación y la agricultura regenerativa.",https://osalt.org/
Grow and Eat Sustainable Food,Community Group,Organizing & Leading,Talking to people,National Young Farmers Coalition,"Advocate for equitable farm policy, support local chapters, and mobilize with a nationwide network of young farmers and food justice leaders.","Aboga por políticas agrícolas equitativas, apoya a las organizaciones locales y movilízate con una red nacional de jóvenes agricultores y líderes en justicia alimentaria.",https://www.youngfarmers.org/,Zenger Farm,Volunteer at a working urban farm that models sustainable food systems.,Participa de forma voluntaria en una granja urbana que modela sistemas alimentarios sostenibles.,https://zengerfarm.org/,Portland Food Forest Initiative,Help convert lawns into community food forests using permaculture practices.,Ayuda a convertir los jardines en bosques comunitarios para la alimentación de la comunidad utilizando prácticas de permacultura.,https://www.portlandfoodforest.org/,OSALT,"Support community access to urban gardens and farmland through education, conservation, and regenerative agriculture.","Apoya el acceso comunitario a jardines urbanos y tierras de cultivo a través de la educación, la conservación y la agricultura regenerativa.",https://osalt.org/
Grow and Eat Sustainable Food,Faith-Based Group,Organizing & Leading,Bringing people together,GreenFaith,Take part in global interfaith campaigns that unite moral leadership with grassroots climate action.,Participa en campañas globales  interreligiosas que unen el liderazgo moral con la acción climática comunitaria.,https://greenfaith.org/,Ecumenical Ministries of Oregon (EMO),Advance climate justice and resilience through faith-based networks and Creation Justice programs.,Promueve la justicia climática y la resiliencia a través de redes religiosas y programas de Creation Justice.,https://emoregon.org/creation-justice/,Portland Food Forest Initiative,Help convert lawns into community food forests using permaculture practices.,Ayuda a convertir los jardines en bosques comunitarios para la alimentación de la comunidad utilizando prácticas de permacultura.,https://www.portlandfoodforest.org/,OSALT,"Support community access to urban gardens and farmland through education, conservation, and regenerative agriculture.","Apoya el acceso comunitario a jardines urbanos y tierras de cultivo a través de la educación, la conservación y la agricultura regenerativa.",https://osalt.org/
Grow and Eat Sustainable Food,Faith-Based Group,Organizing & Leading,Talking to people,GreenFaith,Take part in global interfaith campaigns that unite moral leadership with grassroots climate action.,Participa en campañas globales  interreligiosas que unen el liderazgo moral con la acción climática comunitaria.,https://greenfaith.org/,Ecumenical Ministries of Oregon (EMO),Advance climate justice and resilience through faith-based networks and Creation Justice programs.,Promueve la justicia climática y la resiliencia a través de redes religiosas y programas de Creation Justice.,https://emoregon.org/creation-justice/,Portland Food Forest Initiative,Help convert lawns into community food forests using permaculture practices.,Ayuda a convertir los jardines en bosques comunitarios para la alimentación de la comunidad utilizando prácticas de permacultura.,https://www.portlandfoodforest.org/,OSALT,"Support community access to urban gardens and farmland through education, conservation, and regenerative agriculture.","Apoya el acceso comunitario a jardines urbanos y tierras de cultivo a través de la educación, la conservación y la agricultura regenerativa.",https://osalt.org/
Grow and Eat Sustainable Food,Sports or Rec Group,Performing & Creating Art,Art,350,"Join a global grassroots movement for bold climate action through advocacy, creative campaigns, and community education.","Únete a un movimiento global de base para llevar a cabo acciones climáticas audaces a través del apoyo, campañas creativas y educación comunitaria.",https://350.org/,Zenger Farm,Volunteer at a working urban farm that models sustainable food systems.,Participa de forma voluntaria en una granja urbana que modela sistemas alimentarios sostenibles.,https://zengerfarm.org/,Portland Food Forest Initiative,Help convert lawns into community food forests using permaculture practices.,Ayuda a convertir los jardines en bosques comunitarios para la alimentación de la comunidad utilizando prácticas de permacultura.,https://www.portlandfoodforest.org/,Kindness Farm,"Help grow fresh food using regenerative practices on an urban farm led by immigrant, refugee, and queer communities.","Ayuda a cultivar alimentos frescos usando prácticas regenerativas en una granja urbana liderada por comunidades inmigrantes, refugiadas y queer.",https://www.thekindnessfarm.org/
Grow and Eat Sustainable Food,Sports or Rec Group,Performing & Creating Art,Creativity,350,"Join a global grassroots movement for bold climate action through advocacy, creative campaigns, and community education.","Únete a un movimiento global de base para llevar a cabo acciones climáticas audaces a través del apoyo, campañas creativas y educación comunitaria.",https://350.org/,Zenger Farm,Volunteer at a working urban farm that models sustainable food systems.,Participa de forma voluntaria en una granja urbana que modela sistemas alimentarios sostenibles.,https://zengerfarm.org/,Portland Food Forest Initiative,Help convert lawns into community food forests using permaculture practices.,Ayuda a convertir los jardines en bosques comunitarios para la alimentación de la comunidad utilizando prácticas de permacultura.,https://www.portlandfoodforest.org/,Kindness Farm,"Help grow fresh food using regenerative practices on an urban farm led by immigrant, refugee, and queer communities.","Ayuda a cultivar alimentos frescos usando prácticas regenerativas en una granja urbana liderada por comunidades inmigrantes, refugiadas y queer.",https://www.thekindnessfarm.org/
Grow and Eat Sustainable Food,Arts or Hobbies Group,Performing & Creating Art,Art,350,"Join a global grassroots movement for bold climate action through advocacy, creative campaigns, and community education.","Únete a un movimiento global de base para llevar a cabo acciones climáticas audaces a través del apoyo, campañas creativas y educación comunitaria.",https://350.org/,Making Earth Cool,"Create science-based, funny, and creative content and participate in events to inspire climate stewardship.",Crea contenido científico divertido y creativo y participa en eventos para inspirar la administración climática.,https://makingearthcool.com/,Portland Food Forest Initiative,Help convert lawns into community food forests using permaculture practices.,Ayuda a convertir los jardines en bosques comunitarios para la alimentación de la comunidad utilizando prácticas de permacultura.,https://www.portlandfoodforest.org/,Kindness Farm,"Help grow fresh food using regenerative practices on an urban farm led by immigrant, refugee, and queer communities.","Ayuda a cultivar alimentos frescos usando prácticas regenerativas en una granja urbana liderada por comunidades inmigrantes, refugiadas y queer.",https://www.thekindnessfarm.org/
Grow and Eat Sustainable Food,Arts or Hobbies Group,Performing & Creating Art,Creativity,350,"Join a global grassroots movement for bold climate action through advocacy, creative campaigns, and community education.","Únete a un movimiento global de base para llevar a cabo acciones climáticas audaces a través del apoyo, campañas creativas y educación comunitaria.",https://350.org/,Making Earth Cool,"Create science-based, funny, and creative content and participate in events to inspire climate stewardship.",Crea contenido científico divertido y creativo y participa en eventos para inspirar la administración climática.,https://makingearthcool.com/,Portland Food Forest Initiative,Help convert lawns into community food forests using permaculture practices.,Ayuda a convertir los jardines en bosques comunitarios para la alimentación de la comunidad utilizando prácticas de permacultura.,https://www.portlandfoodforest.org/,Kindness Farm,"Help grow fresh food using regenerative practices on an urban farm led by immigrant, refugee, and queer communities.","Ayuda a cultivar alimentos frescos usando prácticas regenerativas en una granja urbana liderada por comunidades inmigrantes, refugiadas y queer.",https://www.thekindnessfarm.org/
Grow and Eat Sustainable Food,School or Career Group,Performing & Creating Art,Art,350,"Join a global grassroots movement for bold climate action through advocacy, creative campaigns, and community education.","Únete a un movimiento global de base para llevar a cabo acciones climáticas audaces a través del apoyo, campañas creativas y educación comunitaria.",https://350.org/,Zenger Farm,Volunteer at a working urban farm that models sustainable food systems.,Participa de forma voluntaria en una granja urbana que modela sistemas alimentarios sostenibles.,https://zengerfarm.org/,Portland Food Forest Initiative,Help convert lawns into community food forests using permaculture practices.,Ayuda a convertir los jardines en bosques comunitarios para la alimentación de la comunidad utilizando prácticas de permacultura.,https://www.portlandfoodforest.org/,Kindness Farm,"Help grow fresh food using regenerative practices on an urban farm led by immigrant, refugee, and queer communities.","Ayuda a cultivar alimentos frescos usando prácticas regenerativas en una granja urbana liderada por comunidades inmigrantes, refugiadas y queer.",https://www.thekindnessfarm.org/
Grow and Eat Sustainable Food,School or Career Group,Performing & Creating Art,Creativity,350,"Join a global grassroots movement for bold climate action through advocacy, creative campaigns, and community education.","Únete a un movimiento global de base para llevar a cabo acciones climáticas audaces a través del apoyo, campañas creativas y educación comunitaria.",https://350.org/,Zenger Farm,Volunteer at a working urban farm that models sustainable food systems.,Participa de forma voluntaria en una granja urbana que modela sistemas alimentarios sostenibles.,https://zengerfarm.org/,Portland Food Forest Initiative,Help convert lawns into community food forests using permaculture practices.,Ayuda a convertir los jardines en bosques comunitarios para la alimentación de la comunidad utilizando prácticas de permacultura.,https://www.portlandfoodforest.org/,Kindness Farm,"Help grow fresh food using regenerative practices on an urban farm led by immigrant, refugee, and queer communities.","Ayuda a cultivar alimentos frescos usando prácticas regenerativas en una granja urbana liderada por comunidades inmigrantes, refugiadas y queer.",https://www.thekindnessfarm.org/
Grow and Eat Sustainable Food,Family or Household,Performing & Creating Art,Art,350,"Join a global grassroots movement for bold climate action through advocacy, creative campaigns, and community education.","Únete a un movimiento global de base para llevar a cabo acciones climáticas audaces a través del apoyo, campañas creativas y educación comunitaria.",https://350.org/,Zenger Farm,Volunteer at a working urban farm that models sustainable food systems.,Participa de forma voluntaria en una granja urbana que modela sistemas alimentarios sostenibles.,https://zengerfarm.org/,Portland Food Forest Initiative,Help convert lawns into community food forests using permaculture practices.,Ayuda a convertir los jardines en bosques comunitarios para la alimentación de la comunidad utilizando prácticas de permacultura.,https://www.portlandfoodforest.org/,Kindness Farm,"Help grow fresh food using regenerative practices on an urban farm led by immigrant, refugee, and queer communities.","Ayuda a cultivar alimentos frescos usando prácticas regenerativas en una granja urbana liderada por comunidades inmigrantes, refugiadas y queer.",https://www.thekindnessfarm.org/
Grow and Eat Sustainable Food,Family or Household,Performing & Creating Art,Creativity,350,"Join a global grassroots movement for bold climate action through advocacy, creative campaigns, and community education.","Únete a un movimiento global de base para llevar a cabo acciones climáticas audaces a través del apoyo, campañas creativas y educación comunitaria.",https://350.org/,Zenger Farm,Volunteer at a working urban farm that models sustainable food systems.,Participa de forma voluntaria en una granja urbana que modela sistemas alimentarios sostenibles.,https://zengerfarm.org/,Portland Food Forest Initiative,Help convert lawns into community food forests using permaculture practices.,Ayuda a convertir los jardines en bosques comunitarios para la alimentación de la comunidad utilizando prácticas de permacultura.,https://www.portlandfoodforest.org/,Kindness Farm,"Help grow fresh food using regenerative practices on an urban farm led by immigrant, refugee, and queer communities.","Ayuda a cultivar alimentos frescos usando prácticas regenerativas en una granja urbana liderada por comunidades inmigrantes, refugiadas y queer.",https://www.thekindnessfarm.org/
Grow and Eat Sustainable Food,Community Group,Performing & Creating Art,Art,350,"Join a global grassroots movement for bold climate action through advocacy, creative campaigns, and community education.","Únete a un movimiento global de base para llevar a cabo acciones climáticas audaces a través del apoyo, campañas creativas y educación comunitaria.",https://350.org/,Zenger Farm,Volunteer at a working urban farm that models sustainable food systems.,Participa de forma voluntaria en una granja urbana que modela sistemas alimentarios sostenibles.,https://zengerfarm.org/,Portland Food Forest Initiative,Help convert lawns into community food forests using permaculture practices.,Ayuda a convertir los jardines en bosques comunitarios para la alimentación de la comunidad utilizando prácticas de permacultura.,https://www.portlandfoodforest.org/,Kindness Farm,"Help grow fresh food using regenerative practices on an urban farm led by immigrant, refugee, and queer communities.","Ayuda a cultivar alimentos frescos usando prácticas regenerativas en una granja urbana liderada por comunidades inmigrantes, refugiadas y queer.",https://www.thekindnessfarm.org/
Grow and Eat Sustainable Food,Community Group,Performing & Creating Art,Creativity,350,"Join a global grassroots movement for bold climate action through advocacy, creative campaigns, and community education.","Únete a un movimiento global de base para llevar a cabo acciones climáticas audaces a través del apoyo, campañas creativas y educación comunitaria.",https://350.org/,Zenger Farm,Volunteer at a working urban farm that models sustainable food systems.,Participa de forma voluntaria en una granja urbana que modela sistemas alimentarios sostenibles.,https://zengerfarm.org/,Portland Food Forest Initiative,Help convert lawns into community food forests using permaculture practices.,Ayuda a convertir los jardines en bosques comunitarios para la alimentación de la comunidad utilizando prácticas de permacultura.,https://www.portlandfoodforest.org/,Kindness Farm,"Help grow fresh food using regenerative practices on an urban farm led by immigrant, refugee, and queer communities.","Ayuda a cultivar alimentos frescos usando prácticas regenerativas en una granja urbana liderada por comunidades inmigrantes, refugiadas y queer.",https://www.thekindnessfarm.org/
Grow and Eat Sustainable Food,Faith-Based Group,Performing & Creating Art,Art,GreenFaith,Take part in global interfaith campaigns that unite moral leadership with grassroots climate action.,Participa en campañas globales  interreligiosas que unen el liderazgo moral con la acción climática comunitaria.,https://greenfaith.org/,Ecumenical Ministries of Oregon (EMO),Advance climate justice and resilience through faith-based networks and Creation Justice programs.,Promueve la justicia climática y la resiliencia a través de redes religiosas y programas de Creation Justice.,https://emoregon.org/creation-justice/,Portland Food Forest Initiative,Help convert lawns into community food forests using permaculture practices.,Ayuda a convertir los jardines en bosques comunitarios para la alimentación de la comunidad utilizando prácticas de permacultura.,https://www.portlandfoodforest.org/,Kindness Farm,"Help grow fresh food using regenerative practices on an urban farm led by immigrant, refugee, and queer communities.","Ayuda a cultivar alimentos frescos usando prácticas regenerativas en una granja urbana liderada por comunidades inmigrantes, refugiadas y queer.",https://www.thekindnessfarm.org/
Grow and Eat Sustainable Food,Faith-Based Group,Performing & Creating Art,Creativity,GreenFaith,Take part in global interfaith campaigns that unite moral leadership with grassroots climate action.,Participa en campañas globales  interreligiosas que unen el liderazgo moral con la acción climática comunitaria.,https://greenfaith.org/,Ecumenical Ministries of Oregon (EMO),Advance climate justice and resilience through faith-based networks and Creation Justice programs.,Promueve la justicia climática y la resiliencia a través de redes religiosas y programas de Creation Justice.,https://emoregon.org/creation-justice/,Portland Food Forest Initiative,Help convert lawns into community food forests using permaculture practices.,Ayuda a convertir los jardines en bosques comunitarios para la alimentación de la comunidad utilizando prácticas de permacultura.,https://www.portlandfoodforest.org/,Kindness Farm,"Help grow fresh food using regenerative practices on an urban farm led by immigrant, refugee, and queer communities.","Ayuda a cultivar alimentos frescos usando prácticas regenerativas en una granja urbana liderada por comunidades inmigrantes, refugiadas y queer.",https://www.thekindnessfarm.org/
Grow and Eat Sustainable Food,Sports or Rec Group,Researching & Learning,Reading,Project Drawdown,Explore the Drawdown Solutions Library and learn from leading research on proven ways to cut emissions and speed climate solutions.,Explora la Drawdown Solutions Library y aprende de las investigaciones importantes sobre formas comprobadas de reducir las emisiones y acelerar las soluciones climáticas.,https://drawdown.org/,Deschutes Youth Climate Coalition,"Join youth in Central Oregon organizing for climate justice through education, advocacy, and community action.","Únete a la juventud del centro de Oregón que se organiza por la justicia climática a través de la educación, la promoción y la acción comunitaria.",https://linktr.ee/dycc,Portland Food Forest Initiative,Help convert lawns into community food forests using permaculture practices.,Ayuda a convertir los jardines en bosques comunitarios para la alimentación de la comunidad utilizando prácticas de permacultura.,https://www.portlandfoodforest.org/,OSALT,"Support community access to urban gardens and farmland through education, conservation, and regenerative agriculture.","Apoya el acceso comunitario a jardines urbanos y tierras de cultivo a través de la educación, la conservación y la agricultura regenerativa.",https://osalt.org/
Grow and Eat Sustainable Food,Sports or Rec Group,Researching & Learning,Exploring New Topics,Project Drawdown,Explore the Drawdown Solutions Library and learn from leading research on proven ways to cut emissions and speed climate solutions.,Explora la Drawdown Solutions Library y aprende de las investigaciones importantes sobre formas comprobadas de reducir las emisiones y acelerar las soluciones climáticas.,https://drawdown.org/,Deschutes Youth Climate Coalition,"Join youth in Central Oregon organizing for climate justice through education, advocacy, and community action.","Únete a la juventud del centro de Oregón que se organiza por la justicia climática a través de la educación, la promoción y la acción comunitaria.",https://linktr.ee/dycc,Portland Food Forest Initiative,Help convert lawns into community food forests using permaculture practices.,Ayuda a convertir los jardines en bosques comunitarios para la alimentación de la comunidad utilizando prácticas de permacultura.,https://www.portlandfoodforest.org/,OSALT,"Support community access to urban gardens and farmland through education, conservation, and regenerative agriculture.","Apoya el acceso comunitario a jardines urbanos y tierras de cultivo a través de la educación, la conservación y la agricultura regenerativa.",https://osalt.org/
Grow and Eat Sustainable Food,Arts or Hobbies Group,Researching & Learning,Reading,Project Drawdown,Explore the Drawdown Solutions Library and learn from leading research on proven ways to cut emissions and speed climate solutions.,Explora la Drawdown Solutions Library y aprende de las investigaciones importantes sobre formas comprobadas de reducir las emisiones y acelerar las soluciones climáticas.,https://drawdown.org/,Deschutes Youth Climate Coalition,"Join youth in Central Oregon organizing for climate justice through education, advocacy, and community action.","Únete a la juventud del centro de Oregón que se organiza por la justicia climática a través de la educación, la promoción y la acción comunitaria.",https://linktr.ee/dycc,Portland Food Forest Initiative,Help convert lawns into community food forests using permaculture practices.,Ayuda a convertir los jardines en bosques comunitarios para la alimentación de la comunidad utilizando prácticas de permacultura.,https://www.portlandfoodforest.org/,OSALT,"Support community access to urban gardens and farmland through education, conservation, and regenerative agriculture.","Apoya el acceso comunitario a jardines urbanos y tierras de cultivo a través de la educación, la conservación y la agricultura regenerativa.",https://osalt.org/
Grow and Eat Sustainable Food,Arts or Hobbies Group,Researching & Learning,Exploring New Topics,Project Drawdown,Explore the Drawdown Solutions Library and learn from leading research on proven ways to cut emissions and speed climate solutions.,Explora la Drawdown Solutions Library y aprende de las investigaciones importantes sobre formas comprobadas de reducir las emisiones y acelerar las soluciones climáticas.,https://drawdown.org/,Deschutes Youth Climate Coalition,"Join youth in Central Oregon organizing for climate justice through education, advocacy, and community action.","Únete a la juventud del centro de Oregón que se organiza por la justicia climática a través de la educación, la promoción y la acción comunitaria.",https://linktr.ee/dycc,Portland Food Forest Initiative,Help convert lawns into community food forests using permaculture practices.,Ayuda a convertir los jardines en bosques comunitarios para la alimentación de la comunidad utilizando prácticas de permacultura.,https://www.portlandfoodforest.org/,OSALT,"Support community access to urban gardens and farmland through education, conservation, and regenerative agriculture.","Apoya el acceso comunitario a jardines urbanos y tierras de cultivo a través de la educación, la conservación y la agricultura regenerativa.",https://osalt.org/
Grow and Eat Sustainable Food,School or Career Group,Researching & Learning,Reading,Project Drawdown,Explore the Drawdown Solutions Library and learn from leading research on proven ways to cut emissions and speed climate solutions.,Explora la Drawdown Solutions Library y aprende de las investigaciones importantes sobre formas comprobadas de reducir las emisiones y acelerar las soluciones climáticas.,https://drawdown.org/,Deschutes Youth Climate Coalition,"Join youth in Central Oregon organizing for climate justice through education, advocacy, and community action.","Únete a la juventud del centro de Oregón que se organiza por la justicia climática a través de la educación, la promoción y la acción comunitaria.",https://linktr.ee/dycc,Portland Food Forest Initiative,Help convert lawns into community food forests using permaculture practices.,Ayuda a convertir los jardines en bosques comunitarios para la alimentación de la comunidad utilizando prácticas de permacultura.,https://www.portlandfoodforest.org/,OSALT,"Support community access to urban gardens and farmland through education, conservation, and regenerative agriculture.","Apoya el acceso comunitario a jardines urbanos y tierras de cultivo a través de la educación, la conservación y la agricultura regenerativa.",https://osalt.org/
Grow and Eat Sustainable Food,School or Career Group,Researching & Learning,Exploring New Topics,Project Drawdown,Explore the Drawdown Solutions Library and learn from leading research on proven ways to cut emissions and speed climate solutions.,Explora la Drawdown Solutions Library y aprende de las investigaciones importantes sobre formas comprobadas de reducir las emisiones y acelerar las soluciones climáticas.,https://drawdown.org/,Deschutes Youth Climate Coalition,"Join youth in Central Oregon organizing for climate justice through education, advocacy, and community action.","Únete a la juventud del centro de Oregón que se organiza por la justicia climática a través de la educación, la promoción y la acción comunitaria.",https://linktr.ee/dycc,Portland Food Forest Initiative,Help convert lawns into community food forests using permaculture practices.,Ayuda a convertir los jardines en bosques comunitarios para la alimentación de la comunidad utilizando prácticas de permacultura.,https://www.portlandfoodforest.org/,OSALT,"Support community access to urban gardens and farmland through education, conservation, and regenerative agriculture.","Apoya el acceso comunitario a jardines urbanos y tierras de cultivo a través de la educación, la conservación y la agricultura regenerativa.",https://osalt.org/
Grow and Eat Sustainable Food,Family or Household,Researching & Learning,Reading,Project Drawdown,Explore the Drawdown Solutions Library and learn from leading research on proven ways to cut emissions and speed climate solutions.,Explora la Drawdown Solutions Library y aprende de las investigaciones importantes sobre formas comprobadas de reducir las emisiones y acelerar las soluciones climáticas.,https://drawdown.org/,Deschutes Youth Climate Coalition,"Join youth in Central Oregon organizing for climate justice through education, advocacy, and community action.","Únete a la juventud del centro de Oregón que se organiza por la justicia climática a través de la educación, la promoción y la acción comunitaria.",https://linktr.ee/dycc,Portland Food Forest Initiative,Help convert lawns into community food forests using permaculture practices.,Ayuda a convertir los jardines en bosques comunitarios para la alimentación de la comunidad utilizando prácticas de permacultura.,https://www.portlandfoodforest.org/,OSALT,"Support community access to urban gardens and farmland through education, conservation, and regenerative agriculture.","Apoya el acceso comunitario a jardines urbanos y tierras de cultivo a través de la educación, la conservación y la agricultura regenerativa.",https://osalt.org/
Grow and Eat Sustainable Food,Family or Household,Researching & Learning,Exploring New Topics,Project Drawdown,Explore the Drawdown Solutions Library and learn from leading research on proven ways to cut emissions and speed climate solutions.,Explora la Drawdown Solutions Library y aprende de las investigaciones importantes sobre formas comprobadas de reducir las emisiones y acelerar las soluciones climáticas.,https://drawdown.org/,Deschutes Youth Climate Coalition,"Join youth in Central Oregon organizing for climate justice through education, advocacy, and community action.","Únete a la juventud del centro de Oregón que se organiza por la justicia climática a través de la educación, la promoción y la acción comunitaria.",https://linktr.ee/dycc,Portland Food Forest Initiative,Help convert lawns into community food forests using permaculture practices.,Ayuda a convertir los jardines en bosques comunitarios para la alimentación de la comunidad utilizando prácticas de permacultura.,https://www.portlandfoodforest.org/,OSALT,"Support community access to urban gardens and farmland through education, conservation, and regenerative agriculture.","Apoya el acceso comunitario a jardines urbanos y tierras de cultivo a través de la educación, la conservación y la agricultura regenerativa.",https://osalt.org/
Grow and Eat Sustainable Food,Community Group,Researching & Learning,Reading,Project Drawdown,Explore the Drawdown Solutions Library and learn from leading research on proven ways to cut emissions and speed climate solutions.,Explora la Drawdown Solutions Library y aprende de las investigaciones importantes sobre formas comprobadas de reducir las emisiones y acelerar las soluciones climáticas.,https://drawdown.org/,Deschutes Youth Climate Coalition,"Join youth in Central Oregon organizing for climate justice through education, advocacy, and community action.","Únete a la juventud del centro de Oregón que se organiza por la justicia climática a través de la educación, la promoción y la acción comunitaria.",https://linktr.ee/dycc,Portland Food Forest Initiative,Help convert lawns into community food forests using permaculture practices.,Ayuda a convertir los jardines en bosques comunitarios para la alimentación de la comunidad utilizando prácticas de permacultura.,https://www.portlandfoodforest.org/,OSALT,"Support community access to urban gardens and farmland through education, conservation, and regenerative agriculture.","Apoya el acceso comunitario a jardines urbanos y tierras de cultivo a través de la educación, la conservación y la agricultura regenerativa.",https://osalt.org/
Grow and Eat Sustainable Food,Community Group,Researching & Learning,Exploring New Topics,Project Drawdown,Explore the Drawdown Solutions Library and learn from leading research on proven ways to cut emissions and speed climate solutions.,Explora la Drawdown Solutions Library y aprende de las investigaciones importantes sobre formas comprobadas de reducir las emisiones y acelerar las soluciones climáticas.,https://drawdown.org/,Deschutes Youth Climate Coalition,"Join youth in Central Oregon organizing for climate justice through education, advocacy, and community action.","Únete a la juventud del centro de Oregón que se organiza por la justicia climática a través de la educación, la promoción y la acción comunitaria.",https://linktr.ee/dycc,Portland Food Forest Initiative,Help convert lawns into community food forests using permaculture practices.,Ayuda a convertir los jardines en bosques comunitarios para la alimentación de la comunidad utilizando prácticas de permacultura.,https://www.portlandfoodforest.org/,OSALT,"Support community access to urban gardens and farmland through education, conservation, and regenerative agriculture.","Apoya el acceso comunitario a jardines urbanos y tierras de cultivo a través de la educación, la conservación y la agricultura regenerativa.",https://osalt.org/
Grow and Eat Sustainable Food,Faith-Based Group,Researching & Learning,Reading,GreenFaith,Take part in global interfaith campaigns that unite moral leadership with grassroots climate action.,Participa en campañas globales  interreligiosas que unen el liderazgo moral con la acción climática comunitaria.,https://greenfaith.org/,Ecumenical Ministries of Oregon (EMO),Advance climate justice and resilience through faith-based networks and Creation Justice programs.,Promueve la justicia climática y la resiliencia a través de redes religiosas y programas de Creation Justice.,https://emoregon.org/creation-justice/,Portland Food Forest Initiative,Help convert lawns into community food forests using permaculture practices.,Ayuda a convertir los jardines en bosques comunitarios para la alimentación de la comunidad utilizando prácticas de permacultura.,https://www.portlandfoodforest.org/,OSALT,"Support community access to urban gardens and farmland through education, conservation, and regenerative agriculture.","Apoya el acceso comunitario a jardines urbanos y tierras de cultivo a través de la educación, la conservación y la agricultura regenerativa.",https://osalt.org/
Grow and Eat Sustainable Food,Faith-Based Group,Researching & Learning,Exploring New Topics,GreenFaith,Take part in global interfaith campaigns that unite moral leadership with grassroots climate action.,Participa en campañas globales  interreligiosas que unen el liderazgo moral con la acción climática comunitaria.,https://greenfaith.org/,Ecumenical Ministries of Oregon (EMO),Advance climate justice and resilience through faith-based networks and Creation Justice programs.,Promueve la justicia climática y la resiliencia a través de redes religiosas y programas de Creation Justice.,https://emoregon.org/creation-justice/,Portland Food Forest Initiative,Help convert lawns into community food forests using permaculture practices.,Ayuda a convertir los jardines en bosques comunitarios para la alimentación de la comunidad utilizando prácticas de permacultura.,https://www.portlandfoodforest.org/,OSALT,"Support community access to urban gardens and farmland through education, conservation, and regenerative agriculture.","Apoya el acceso comunitario a jardines urbanos y tierras de cultivo a través de la educación, la conservación y la agricultura regenerativa.",https://osalt.org/
Grow and Eat Sustainable Food,Sports or Rec Group,Teaching & Mentoring,Mentoring,Slow Food USA,"Teach others about sustainable, local, and traditional foodways through community programs.","Enseña a la comunidad sobre alimentación sostenible, local y tradicional a través de programas comunitarios.",https://slowfoodusa.org/,Zenger Farm,Volunteer at a working urban farm that models sustainable food systems.,Participa de forma voluntaria en una granja urbana que modela sistemas alimentarios sostenibles.,https://zengerfarm.org/,OSALT,"Support community access to urban gardens and farmland through education, conservation, and regenerative agriculture.","Apoya el acceso comunitario a jardines urbanos y tierras de cultivo a través de la educación, la conservación y la agricultura regenerativa.",https://osalt.org/,Our Children’s Trust,Support youth-led legal actions that hold governments accountable for protecting a stable climate and a livable future.,Apoya las acciones legales lideradas por jóvenes para hacer que los gobiernos se hagan responsables de proteger un clima estable y un futuro habitable.,https://www.ourchildrenstrust.org/
Grow and Eat Sustainable Food,Sports or Rec Group,Teaching & Mentoring,Helping others learn,Slow Food USA,"Teach others about sustainable, local, and traditional foodways through community programs.","Enseña a la comunidad sobre alimentación sostenible, local y tradicional a través de programas comunitarios.",https://slowfoodusa.org/,Zenger Farm,Volunteer at a working urban farm that models sustainable food systems.,Participa de forma voluntaria en una granja urbana que modela sistemas alimentarios sostenibles.,https://zengerfarm.org/,OSALT,"Support community access to urban gardens and farmland through education, conservation, and regenerative agriculture.","Apoya el acceso comunitario a jardines urbanos y tierras de cultivo a través de la educación, la conservación y la agricultura regenerativa.",https://osalt.org/,Our Children’s Trust,Support youth-led legal actions that hold governments accountable for protecting a stable climate and a livable future.,Apoya las acciones legales lideradas por jóvenes para hacer que los gobiernos se hagan responsables de proteger un clima estable y un futuro habitable.,https://www.ourchildrenstrust.org/
Grow and Eat Sustainable Food,Arts or Hobbies Group,Teaching & Mentoring,Mentoring,Slow Food USA,"Teach others about sustainable, local, and traditional foodways through community programs.","Enseña a la comunidad sobre alimentación sostenible, local y tradicional a través de programas comunitarios.",https://slowfoodusa.org/,Zenger Farm,Volunteer at a working urban farm that models sustainable food systems.,Participa de forma voluntaria en una granja urbana que modela sistemas alimentarios sostenibles.,https://zengerfarm.org/,Kindness Farm,"Help grow fresh food using regenerative practices on an urban farm led by immigrant, refugee, and queer communities.","Ayuda a cultivar alimentos frescos usando prácticas regenerativas en una granja urbana liderada por comunidades inmigrantes, refugiadas y queer.",https://www.thekindnessfarm.org/,Our Children’s Trust,Support youth-led legal actions that hold governments accountable for protecting a stable climate and a livable future.,Apoya las acciones legales lideradas por jóvenes para hacer que los gobiernos se hagan responsables de proteger un clima estable y un futuro habitable.,https://www.ourchildrenstrust.org/
Grow and Eat Sustainable Food,Arts or Hobbies Group,Teaching & Mentoring,Helping others learn,Slow Food USA,"Teach others about sustainable, local, and traditional foodways through community programs.","Enseña a la comunidad sobre alimentación sostenible, local y tradicional a través de programas comunitarios.",https://slowfoodusa.org/,Zenger Farm,Volunteer at a working urban farm that models sustainable food systems.,Participa de forma voluntaria en una granja urbana que modela sistemas alimentarios sostenibles.,https://zengerfarm.org/,Kindness Farm,"Help grow fresh food using regenerative practices on an urban farm led by immigrant, refugee, and queer communities.","Ayuda a cultivar alimentos frescos usando prácticas regenerativas en una granja urbana liderada por comunidades inmigrantes, refugiadas y queer.",https://www.thekindnessfarm.org/,Our Children’s Trust,Support youth-led legal actions that hold governments accountable for protecting a stable climate and a livable future.,Apoya las acciones legales lideradas por jóvenes para hacer que los gobiernos se hagan responsables de proteger un clima estable y un futuro habitable.,https://www.ourchildrenstrust.org/
Grow and Eat Sustainable Food,School or Career Group,Teaching & Mentoring,Mentoring,Slow Food USA,"Teach others about sustainable, local, and traditional foodways through community programs.","Enseña a la comunidad sobre alimentación sostenible, local y tradicional a través de programas comunitarios.",https://slowfoodusa.org/,Our Future,"Support youth leaders across Oregon organizing for equity, climate justice, and inclusive climate action.","Apoya a líderes juveniles de Oregón que se organizan por la equidad, la justicia climática y la acción climática inclusiva.",https://www.ourfutureoregon.org/,OSALT,"Support community access to urban gardens and farmland through education, conservation, and regenerative agriculture.","Apoya el acceso comunitario a jardines urbanos y tierras de cultivo a través de la educación, la conservación y la agricultura regenerativa.",https://osalt.org/,Our Children’s Trust,Support youth-led legal actions that hold governments accountable for protecting a stable climate and a livable future.,Apoya las acciones legales lideradas por jóvenes para hacer que los gobiernos se hagan responsables de proteger un clima estable y un futuro habitable.,https://www.ourchildrenstrust.org/
Grow and Eat Sustainable Food,School or Career Group,Teaching & Mentoring,Helping others learn,Slow Food USA,"Teach others about sustainable, local, and traditional foodways through community programs.","Enseña a la comunidad sobre alimentación sostenible, local y tradicional a través de programas comunitarios.",https://slowfoodusa.org/,Our Future,"Support youth leaders across Oregon organizing for equity, climate justice, and inclusive climate action.","Apoya a líderes juveniles de Oregón que se organizan por la equidad, la justicia climática y la acción climática inclusiva.",https://www.ourfutureoregon.org/,OSALT,"Support community access to urban gardens and farmland through education, conservation, and regenerative agriculture.","Apoya el acceso comunitario a jardines urbanos y tierras de cultivo a través de la educación, la conservación y la agricultura regenerativa.",https://osalt.org/,Our Children’s Trust,Support youth-led legal actions that hold governments accountable for protecting a stable climate and a livable future.,Apoya las acciones legales lideradas por jóvenes para hacer que los gobiernos se hagan responsables de proteger un clima estable y un futuro habitable.,https://www.ourchildrenstrust.org/
Grow and Eat Sustainable Food,Family or Household,Teaching & Mentoring,Mentoring,Slow Food USA,"Teach others about sustainable, local, and traditional foodways through community programs.","Enseña a la comunidad sobre alimentación sostenible, local y tradicional a través de programas comunitarios.",https://slowfoodusa.org/,Zenger Farm,Volunteer at a working urban farm that models sustainable food systems.,Participa de forma voluntaria en una granja urbana que modela sistemas alimentarios sostenibles.,https://zengerfarm.org/,Kindness Farm,"Help grow fresh food using regenerative practices on an urban farm led by immigrant, refugee, and queer communities.","Ayuda a cultivar alimentos frescos usando prácticas regenerativas en una granja urbana liderada por comunidades inmigrantes, refugiadas y queer.",https://www.thekindnessfarm.org/,Our Children’s Trust,Support youth-led legal actions that hold governments accountable for protecting a stable climate and a livable future.,Apoya las acciones legales lideradas por jóvenes para hacer que los gobiernos se hagan responsables de proteger un clima estable y un futuro habitable.,https://www.ourchildrenstrust.org/
Grow and Eat Sustainable Food,Family or Household,Teaching & Mentoring,Helping others learn,Slow Food USA,"Teach others about sustainable, local, and traditional foodways through community programs.","Enseña a la comunidad sobre alimentación sostenible, local y tradicional a través de programas comunitarios.",https://slowfoodusa.org/,Zenger Farm,Volunteer at a working urban farm that models sustainable food systems.,Participa de forma voluntaria en una granja urbana que modela sistemas alimentarios sostenibles.,https://zengerfarm.org/,Kindness Farm,"Help grow fresh food using regenerative practices on an urban farm led by immigrant, refugee, and queer communities.","Ayuda a cultivar alimentos frescos usando prácticas regenerativas en una granja urbana liderada por comunidades inmigrantes, refugiadas y queer.",https://www.thekindnessfarm.org/,Our Children’s Trust,Support youth-led legal actions that hold governments accountable for protecting a stable climate and a livable future.,Apoya las acciones legales lideradas por jóvenes para hacer que los gobiernos se hagan responsables de proteger un clima estable y un futuro habitable.,https://www.ourchildrenstrust.org/
Grow and Eat Sustainable Food,Community Group,Teaching & Mentoring,Mentoring,Slow Food USA,"Teach others about sustainable, local, and traditional foodways through community programs.","Enseña a la comunidad sobre alimentación sostenible, local y tradicional a través de programas comunitarios.",https://slowfoodusa.org/,Our Future,"Support youth leaders across Oregon organizing for equity, climate justice, and inclusive climate action.","Apoya a líderes juveniles de Oregón que se organizan por la equidad, la justicia climática y la acción climática inclusiva.",https://www.ourfutureoregon.org/,Portland Food Forest Initiative,Help convert lawns into community food forests using permaculture practices.,Ayuda a convertir los jardines en bosques comunitarios para la alimentación de la comunidad utilizando prácticas de permacultura.,https://www.portlandfoodforest.org/,Our Children’s Trust,Support youth-led legal actions that hold governments accountable for protecting a stable climate and a livable future.,Apoya las acciones legales lideradas por jóvenes para hacer que los gobiernos se hagan responsables de proteger un clima estable y un futuro habitable.,https://www.ourchildrenstrust.org/
Grow and Eat Sustainable Food,Community Group,Teaching & Mentoring,Helping others learn,Slow Food USA,"Teach others about sustainable, local, and traditional foodways through community programs.","Enseña a la comunidad sobre alimentación sostenible, local y tradicional a través de programas comunitarios.",https://slowfoodusa.org/,Our Future,"Support youth leaders across Oregon organizing for equity, climate justice, and inclusive climate action.","Apoya a líderes juveniles de Oregón que se organizan por la equidad, la justicia climática y la acción climática inclusiva.",https://www.ourfutureoregon.org/,Portland Food Forest Initiative,Help convert lawns into community food forests using permaculture practices.,Ayuda a convertir los jardines en bosques comunitarios para la alimentación de la comunidad utilizando prácticas de permacultura.,https://www.portlandfoodforest.org/,Our Children’s Trust,Support youth-led legal actions that hold governments accountable for protecting a stable climate and a livable future.,Apoya las acciones legales lideradas por jóvenes para hacer que los gobiernos se hagan responsables de proteger un clima estable y un futuro habitable.,https://www.ourchildrenstrust.org/
Grow and Eat Sustainable Food,Faith-Based Group,Teaching & Mentoring,Mentoring,GreenFaith,Take part in global interfaith campaigns that unite moral leadership with grassroots climate action.,Participa en campañas globales  interreligiosas que unen el liderazgo moral con la acción climática comunitaria.,https://greenfaith.org/,Zenger Farm,Volunteer at a working urban farm that models sustainable food systems.,Participa de forma voluntaria en una granja urbana que modela sistemas alimentarios sostenibles.,https://zengerfarm.org/,Ecumenical Ministries of Oregon (EMO),Advance climate justice and resilience through faith-based networks and Creation Justice programs.,Promueve la justicia climática y la resiliencia a través de redes religiosas y programas de Creation Justice.,https://emoregon.org/creation-justice/,Our Children’s Trust,Support youth-led legal actions that hold governments accountable for protecting a stable climate and a livable future.,Apoya las acciones legales lideradas por jóvenes para hacer que los gobiernos se hagan responsables de proteger un clima estable y un futuro habitable.,https://www.ourchildrenstrust.org/
Grow and Eat Sustainable Food,Faith-Based Group,Teaching & Mentoring,Helping others learn,GreenFaith,Take part in global interfaith campaigns that unite moral leadership with grassroots climate action.,Participa en campañas globales  interreligiosas que unen el liderazgo moral con la acción climática comunitaria.,https://greenfaith.org/,Zenger Farm,Volunteer at a working urban farm that models sustainable food systems.,Participa de forma voluntaria en una granja urbana que modela sistemas alimentarios sostenibles.,https://zengerfarm.org/,Ecumenical Ministries of Oregon (EMO),Advance climate justice and resilience through faith-based networks and Creation Justice programs.,Promueve la justicia climática y la resiliencia a través de redes religiosas y programas de Creation Justice.,https://emoregon.org/creation-justice/,Our Children’s Trust,Support youth-led legal actions that hold governments accountable for protecting a stable climate and a livable future.,Apoya las acciones legales lideradas por jóvenes para hacer que los gobiernos se hagan responsables de proteger un clima estable y un futuro habitable.,https://www.ourchildrenstrust.org/
Protect and Restore Nature,Sports or Rec Group,Being Active & Outdoors,Sports,Ocean Conservancy,Participate in International Coastal Cleanups and advocate for policies that protect oceans and marine life.,Participa en International Coastal Cleanups y aboga por políticas que protejan los océanos y la vida marina.,https://oceanconservancy.org/,Trailkeepers of Oregon,"Volunteer on trail maintenance crews, lead stewardship events, and advocate for better funding and protection for Oregon’s trails.","Participa de forma voluntaria en equipos de mantenimiento de senderos, lidera eventos de gestión y aboga por mejores recursos y protección para los senderos de Oregón.",https://trailkeepersoforegon.org/,Cascadia Wild,"Volunteer in wildlife tracking, habitat monitoring, and community science projects in the Portland region.","Participa de forma voluntaria en proyectos de seguimiento de vida silvestre, monitoreo de hábitat y ciencia comunitaria en el area de Portland.",https://cascadiawild.org/,Outdoor Afro,"Join local outings that celebrate and inspire Black leadership in nature through hiking, stewardship, and community events.","Únete a salidas locales que celebran e inspiran el liderazgo de la comunidad negra en la naturaleza a través del senderismo, la gestión responsable y eventos comunitarios.",https://outdoorafro.org/
Protect and Restore Nature,Sports or Rec Group,Being Active & Outdoors,Exploring Outside,Ocean Conservancy,Participate in International Coastal Cleanups and advocate for policies that protect oceans and marine life.,Participa en International Coastal Cleanups y aboga por políticas que protejan los océanos y la vida marina.,https://oceanconservancy.org/,Trailkeepers of Oregon,"Volunteer on trail maintenance crews, lead stewardship events, and advocate for better funding and protection for Oregon’s trails.","Participa de forma voluntaria en equipos de mantenimiento de senderos, lidera eventos de gestión y aboga por mejores recursos y protección para los senderos de Oregón.",https://trailkeepersoforegon.org/,Cascadia Wild,"Volunteer in wildlife tracking, habitat monitoring, and community science projects in the Portland region.","Participa de forma voluntaria en proyectos de seguimiento de vida silvestre, monitoreo de hábitat y ciencia comunitaria en el area de Portland.",https://cascadiawild.org/,Outdoor Afro,"Join local outings that celebrate and inspire Black leadership in nature through hiking, stewardship, and community events.","Únete a salidas locales que celebran e inspiran el liderazgo de la comunidad negra en la naturaleza a través del senderismo, la gestión responsable y eventos comunitarios.",https://outdoorafro.org/
Protect and Restore Nature,Arts or Hobbies Group,Being Active & Outdoors,Sports,Ocean Conservancy,Participate in International Coastal Cleanups and advocate for policies that protect oceans and marine life.,Participa en International Coastal Cleanups y aboga por políticas que protejan los océanos y la vida marina.,https://oceanconservancy.org/,Trailkeepers of Oregon,"Volunteer on trail maintenance crews, lead stewardship events, and advocate for better funding and protection for Oregon’s trails.","Participa de forma voluntaria en equipos de mantenimiento de senderos, lidera eventos de gestión y aboga por mejores recursos y protección para los senderos de Oregón.",https://trailkeepersoforegon.org/,Cascadia Wild,"Volunteer in wildlife tracking, habitat monitoring, and community science projects in the Portland region.","Participa de forma voluntaria en proyectos de seguimiento de vida silvestre, monitoreo de hábitat y ciencia comunitaria en el area de Portland.",https://cascadiawild.org/,Outdoor Afro,"Join local outings that celebrate and inspire Black leadership in nature through hiking, stewardship, and community events.","Únete a salidas locales que celebran e inspiran el liderazgo de la comunidad negra en la naturaleza a través del senderismo, la gestión responsable y eventos comunitarios.",https://outdoorafro.org/
Protect and Restore Nature,Arts or Hobbies Group,Being Active & Outdoors,Exploring Outside,Ocean Conservancy,Participate in International Coastal Cleanups and advocate for policies that protect oceans and marine life.,Participa en International Coastal Cleanups y aboga por políticas que protejan los océanos y la vida marina.,https://oceanconservancy.org/,Trailkeepers of Oregon,"Volunteer on trail maintenance crews, lead stewardship events, and advocate for better funding and protection for Oregon’s trails.","Participa de forma voluntaria en equipos de mantenimiento de senderos, lidera eventos de gestión y aboga por mejores recursos y protección para los senderos de Oregón.",https://trailkeepersoforegon.org/,Cascadia Wild,"Volunteer in wildlife tracking, habitat monitoring, and community science projects in the Portland region.","Participa de forma voluntaria en proyectos de seguimiento de vida silvestre, monitoreo de hábitat y ciencia comunitaria en el area de Portland.",https://cascadiawild.org/,Outdoor Afro,"Join local outings that celebrate and inspire Black leadership in nature through hiking, stewardship, and community events.","Únete a salidas locales que celebran e inspiran el liderazgo de la comunidad negra en la naturaleza a través del senderismo, la gestión responsable y eventos comunitarios.",https://outdoorafro.org/
Protect and Restore Nature,School or Career Group,Being Active & Outdoors,Sports,Ocean Conservancy,Participate in International Coastal Cleanups and advocate for policies that protect oceans and marine life.,Participa en International Coastal Cleanups y aboga por políticas que protejan los océanos y la vida marina.,https://oceanconservancy.org/,Trailkeepers of Oregon,"Volunteer on trail maintenance crews, lead stewardship events, and advocate for better funding and protection for Oregon’s trails.","Participa de forma voluntaria en equipos de mantenimiento de senderos, lidera eventos de gestión y aboga por mejores recursos y protección para los senderos de Oregón.",https://trailkeepersoforegon.org/,Cascadia Wild,"Volunteer in wildlife tracking, habitat monitoring, and community science projects in the Portland region.","Participa de forma voluntaria en proyectos de seguimiento de vida silvestre, monitoreo de hábitat y ciencia comunitaria en el area de Portland.",https://cascadiawild.org/,Outdoor Afro,"Join local outings that celebrate and inspire Black leadership in nature through hiking, stewardship, and community events.","Únete a salidas locales que celebran e inspiran el liderazgo de la comunidad negra en la naturaleza a través del senderismo, la gestión responsable y eventos comunitarios.",https://outdoorafro.org/
Protect and Restore Nature,School or Career Group,Being Active & Outdoors,Exploring Outside,Ocean Conservancy,Participate in International Coastal Cleanups and advocate for policies that protect oceans and marine life.,Participa en International Coastal Cleanups y aboga por políticas que protejan los océanos y la vida marina.,https://oceanconservancy.org/,Trailkeepers of Oregon,"Volunteer on trail maintenance crews, lead stewardship events, and advocate for better funding and protection for Oregon’s trails.","Participa de forma voluntaria en equipos de mantenimiento de senderos, lidera eventos de gestión y aboga por mejores recursos y protección para los senderos de Oregón.",https://trailkeepersoforegon.org/,Cascadia Wild,"Volunteer in wildlife tracking, habitat monitoring, and community science projects in the Portland region.","Participa de forma voluntaria en proyectos de seguimiento de vida silvestre, monitoreo de hábitat y ciencia comunitaria en el area de Portland.",https://cascadiawild.org/,Outdoor Afro,"Join local outings that celebrate and inspire Black leadership in nature through hiking, stewardship, and community events.","Únete a salidas locales que celebran e inspiran el liderazgo de la comunidad negra en la naturaleza a través del senderismo, la gestión responsable y eventos comunitarios.",https://outdoorafro.org/
Protect and Restore Nature,Family or Household,Being Active & Outdoors,Sports,Ocean Conservancy,Participate in International Coastal Cleanups and advocate for policies that protect oceans and marine life.,Participa en International Coastal Cleanups y aboga por políticas que protejan los océanos y la vida marina.,https://oceanconservancy.org/,Tualatin Riverkeepers,"Join cleanups, restoration projects, and advocacy efforts to protect and restore the Tualatin River and its watershed.","Únete a limpiezas, proyectos de restauración y esfuerzos de defensa para proteger y restaurar el río Tualatin y su cuenca hidrográfica.",https://tualatinriverkeepers.org/,Cascadia Wild,"Volunteer in wildlife tracking, habitat monitoring, and community science projects in the Portland region.","Participa de forma voluntaria en proyectos de seguimiento de vida silvestre, monitoreo de hábitat y ciencia comunitaria en el area de Portland.",https://cascadiawild.org/,Outdoor Afro,"Join local outings that celebrate and inspire Black leadership in nature through hiking, stewardship, and community events.","Únete a salidas locales que celebran e inspiran el liderazgo de la comunidad negra en la naturaleza a través del senderismo, la gestión responsable y eventos comunitarios.",https://outdoorafro.org/
Protect and Restore Nature,Family or Household,Being Active & Outdoors,Exploring Outside,Ocean Conservancy,Participate in International Coastal Cleanups and advocate for policies that protect oceans and marine life.,Participa en International Coastal Cleanups y aboga por políticas que protejan los océanos y la vida marina.,https://oceanconservancy.org/,Tualatin Riverkeepers,"Join cleanups, restoration projects, and advocacy efforts to protect and restore the Tualatin River and its watershed.","Únete a limpiezas, proyectos de restauración y esfuerzos de defensa para proteger y restaurar el río Tualatin y su cuenca hidrográfica.",https://tualatinriverkeepers.org/,Cascadia Wild,"Volunteer in wildlife tracking, habitat monitoring, and community science projects in the Portland region.","Participa de forma voluntaria en proyectos de seguimiento de vida silvestre, monitoreo de hábitat y ciencia comunitaria en el area de Portland.",https://cascadiawild.org/,Outdoor Afro,"Join local outings that celebrate and inspire Black leadership in nature through hiking, stewardship, and community events.","Únete a salidas locales que celebran e inspiran el liderazgo de la comunidad negra en la naturaleza a través del senderismo, la gestión responsable y eventos comunitarios.",https://outdoorafro.org/
Protect and Restore Nature,Community Group,Being Active & Outdoors,Sports,Ocean Conservancy,Participate in International Coastal Cleanups and advocate for policies that protect oceans and marine life.,Participa en International Coastal Cleanups y aboga por políticas que protejan los océanos y la vida marina.,https://oceanconservancy.org/,Trailkeepers of Oregon,"Volunteer on trail maintenance crews, lead stewardship events, and advocate for better funding and protection for Oregon’s trails.","Participa de forma voluntaria en equipos de mantenimiento de senderos, lidera eventos de gestión y aboga por mejores recursos y protección para los senderos de Oregón.",https://trailkeepersoforegon.org/,Cascadia Wild,"Volunteer in wildlife tracking, habitat monitoring, and community science projects in the Portland region.","Participa de forma voluntaria en proyectos de seguimiento de vida silvestre, monitoreo de hábitat y ciencia comunitaria en el area de Portland.",https://cascadiawild.org/,Outdoor Afro,"Join local outings that celebrate and inspire Black leadership in nature through hiking, stewardship, and community events.","Únete a salidas locales que celebran e inspiran el liderazgo de la comunidad negra en la naturaleza a través del senderismo, la gestión responsable y eventos comunitarios.",https://outdoorafro.org/
Protect and Restore Nature,Community Group,Being Active & Outdoors,Exploring Outside,Ocean Conservancy,Participate in International Coastal Cleanups and advocate for policies that protect oceans and marine life.,Participa en International Coastal Cleanups y aboga por políticas que protejan los océanos y la vida marina.,https://oceanconservancy.org/,Trailkeepers of Oregon,"Volunteer on trail maintenance crews, lead stewardship events, and advocate for better funding and protection for Oregon’s trails.","Participa de forma voluntaria en equipos de mantenimiento de senderos, lidera eventos de gestión y aboga por mejores recursos y protección para los senderos de Oregón.",https://trailkeepersoforegon.org/,Cascadia Wild,"Volunteer in wildlife tracking, habitat monitoring, and community science projects in the Portland region.","Participa de forma voluntaria en proyectos de seguimiento de vida silvestre, monitoreo de hábitat y ciencia comunitaria en el area de Portland.",https://cascadiawild.org/,Outdoor Afro,"Join local outings that celebrate and inspire Black leadership in nature through hiking, stewardship, and community events.","Únete a salidas locales que celebran e inspiran el liderazgo de la comunidad negra en la naturaleza a través del senderismo, la gestión responsable y eventos comunitarios.",https://outdoorafro.org/
Protect and Restore Nature,Faith-Based Group,Being Active & Outdoors,Sports,Society of St. Andrew,Volunteer to glean surplus produce from farms and deliver it to hunger relief agencies.,Participa de forma voluntaria para recolectar excedentes de productos agrícolas y entregarlos a organizaciones de ayuda alimentaria .,https://endhunger.org/,Trailkeepers of Oregon,"Volunteer on trail maintenance crews, lead stewardship events, and advocate for better funding and protection for Oregon’s trails.","Participa de forma voluntaria en equipos de mantenimiento de senderos, lidera eventos de gestión y aboga por mejores recursos y protección para los senderos de Oregón.",https://trailkeepersoforegon.org/,Cascadia Wild,"Volunteer in wildlife tracking, habitat monitoring, and community science projects in the Portland region.","Participa de forma voluntaria en proyectos de seguimiento de vida silvestre, monitoreo de hábitat y ciencia comunitaria en el area de Portland.",https://cascadiawild.org/,Tualatin Riverkeepers,"Join cleanups, restoration projects, and advocacy efforts to protect and restore the Tualatin River and its watershed.","Únete a limpiezas, proyectos de restauración y esfuerzos de defensa para proteger y restaurar el río Tualatin y su cuenca hidrográfica.",https://tualatinriverkeepers.org/
Protect and Restore Nature,Faith-Based Group,Being Active & Outdoors,Exploring Outside,Society of St. Andrew,Volunteer to glean surplus produce from farms and deliver it to hunger relief agencies.,Participa de forma voluntaria para recolectar excedentes de productos agrícolas y entregarlos a organizaciones de ayuda alimentaria .,https://endhunger.org/,Trailkeepers of Oregon,"Volunteer on trail maintenance crews, lead stewardship events, and advocate for better funding and protection for Oregon’s trails.","Participa de forma voluntaria en equipos de mantenimiento de senderos, lidera eventos de gestión y aboga por mejores recursos y protección para los senderos de Oregón.",https://trailkeepersoforegon.org/,Cascadia Wild,"Volunteer in wildlife tracking, habitat monitoring, and community science projects in the Portland region.","Participa de forma voluntaria en proyectos de seguimiento de vida silvestre, monitoreo de hábitat y ciencia comunitaria en el area de Portland.",https://cascadiawild.org/,Tualatin Riverkeepers,"Join cleanups, restoration projects, and advocacy efforts to protect and restore the Tualatin River and its watershed.","Únete a limpiezas, proyectos de restauración y esfuerzos de defensa para proteger y restaurar el río Tualatin y su cuenca hidrográfica.",https://tualatinriverkeepers.org/
Protect and Restore Nature,Sports or Rec Group,Innovating & Designing,Problem Solving,The Nature Conservancy,Support nature-based climate solutions through restoration and community partnerships.,Apoya soluciones climáticas basadas en la naturaleza mediante la restauración y colaboraciones comunitarias.,https://www.nature.org/,Friends of Trees,"Plant and care for urban trees, restore natural areas, and build climate resilience in your community.","Planta y cuida árboles urbanos, restaura áreas naturales y desarrolla resiliencia climática en tu comunidad.",https://friendsoftrees.org/,PSU Center for Public Interest Design,"Apply design solutions to support sustainable, equitable communities.",Aplica soluciones de diseño para apoyar comunidades sostenibles y equitativas.,https://www.pdx.edu/public-interest-design/,Tualatin Riverkeepers,"Join cleanups, restoration projects, and advocacy efforts to protect and restore the Tualatin River and its watershed.","Únete a limpiezas, proyectos de restauración y esfuerzos de defensa para proteger y restaurar el río Tualatin y su cuenca hidrográfica.",https://tualatinriverkeepers.org/
Protect and Restore Nature,Sports or Rec Group,Innovating & Designing,Inventing,The Nature Conservancy,Support nature-based climate solutions through restoration and community partnerships.,Apoya soluciones climáticas basadas en la naturaleza mediante la restauración y colaboraciones comunitarias.,https://www.nature.org/,Friends of Trees,"Plant and care for urban trees, restore natural areas, and build climate resilience in your community.","Planta y cuida árboles urbanos, restaura áreas naturales y desarrolla resiliencia climática en tu comunidad.",https://friendsoftrees.org/,PSU Center for Public Interest Design,"Apply design solutions to support sustainable, equitable communities.",Aplica soluciones de diseño para apoyar comunidades sostenibles y equitativas.,https://www.pdx.edu/public-interest-design/,Tualatin Riverkeepers,"Join cleanups, restoration projects, and advocacy efforts to protect and restore the Tualatin River and its watershed.","Únete a limpiezas, proyectos de restauración y esfuerzos de defensa para proteger y restaurar el río Tualatin y su cuenca hidrográfica.",https://tualatinriverkeepers.org/
Protect and Restore Nature,Arts or Hobbies Group,Innovating & Designing,Problem Solving,The Nature Conservancy,Support nature-based climate solutions through restoration and community partnerships.,Apoya soluciones climáticas basadas en la naturaleza mediante la restauración y colaboraciones comunitarias.,https://www.nature.org/,Friends of Trees,"Plant and care for urban trees, restore natural areas, and build climate resilience in your community.","Planta y cuida árboles urbanos, restaura áreas naturales y desarrolla resiliencia climática en tu comunidad.",https://friendsoftrees.org/,PSU Center for Public Interest Design,"Apply design solutions to support sustainable, equitable communities.",Aplica soluciones de diseño para apoyar comunidades sostenibles y equitativas.,https://www.pdx.edu/public-interest-design/,350PDX,"Join Portland’s climate justice movement to take part in advocacy, creative art actions, and community learning opportunities.","Únete al movimiento por la justicia climática de Portland para participar en actividades de apoyo, acciones artísticas creativas y oportunidades de aprendizaje comunitario.",https://350pdx.org/
Protect and Restore Nature,Arts or Hobbies Group,Innovating & Designing,Inventing,The Nature Conservancy,Support nature-based climate solutions through restoration and community partnerships.,Apoya soluciones climáticas basadas en la naturaleza mediante la restauración y colaboraciones comunitarias.,https://www.nature.org/,Friends of Trees,"Plant and care for urban trees, restore natural areas, and build climate resilience in your community.","Planta y cuida árboles urbanos, restaura áreas naturales y desarrolla resiliencia climática en tu comunidad.",https://friendsoftrees.org/,PSU Center for Public Interest Design,"Apply design solutions to support sustainable, equitable communities.",Aplica soluciones de diseño para apoyar comunidades sostenibles y equitativas.,https://www.pdx.edu/public-interest-design/,350PDX,"Join Portland’s climate justice movement to take part in advocacy, creative art actions, and community learning opportunities.","Únete al movimiento por la justicia climática de Portland para participar en actividades de apoyo, acciones artísticas creativas y oportunidades de aprendizaje comunitario.",https://350pdx.org/
Protect and Restore Nature,School or Career Group,Innovating & Designing,Problem Solving,The Nature Conservancy,Support nature-based climate solutions through restoration and community partnerships.,Apoya soluciones climáticas basadas en la naturaleza mediante la restauración y colaboraciones comunitarias.,https://www.nature.org/,Friends of Trees,"Plant and care for urban trees, restore natural areas, and build climate resilience in your community.","Planta y cuida árboles urbanos, restaura áreas naturales y desarrolla resiliencia climática en tu comunidad.",https://friendsoftrees.org/,PSU Center for Public Interest Design,"Apply design solutions to support sustainable, equitable communities.",Aplica soluciones de diseño para apoyar comunidades sostenibles y equitativas.,https://www.pdx.edu/public-interest-design/,350PDX,"Join Portland’s climate justice movement to take part in advocacy, creative art actions, and community learning opportunities.","Únete al movimiento por la justicia climática de Portland para participar en actividades de apoyo, acciones artísticas creativas y oportunidades de aprendizaje comunitario.",https://350pdx.org/
Protect and Restore Nature,School or Career Group,Innovating & Designing,Inventing,The Nature Conservancy,Support nature-based climate solutions through restoration and community partnerships.,Apoya soluciones climáticas basadas en la naturaleza mediante la restauración y colaboraciones comunitarias.,https://www.nature.org/,Friends of Trees,"Plant and care for urban trees, restore natural areas, and build climate resilience in your community.","Planta y cuida árboles urbanos, restaura áreas naturales y desarrolla resiliencia climática en tu comunidad.",https://friendsoftrees.org/,PSU Center for Public Interest Design,"Apply design solutions to support sustainable, equitable communities.",Aplica soluciones de diseño para apoyar comunidades sostenibles y equitativas.,https://www.pdx.edu/public-interest-design/,350PDX,"Join Portland’s climate justice movement to take part in advocacy, creative art actions, and community learning opportunities.","Únete al movimiento por la justicia climática de Portland para participar en actividades de apoyo, acciones artísticas creativas y oportunidades de aprendizaje comunitario.",https://350pdx.org/
Protect and Restore Nature,Family or Household,Innovating & Designing,Problem Solving,The Nature Conservancy,Support nature-based climate solutions through restoration and community partnerships.,Apoya soluciones climáticas basadas en la naturaleza mediante la restauración y colaboraciones comunitarias.,https://www.nature.org/,Friends of Trees,"Plant and care for urban trees, restore natural areas, and build climate resilience in your community.","Planta y cuida árboles urbanos, restaura áreas naturales y desarrolla resiliencia climática en tu comunidad.",https://friendsoftrees.org/,PSU Center for Public Interest Design,"Apply design solutions to support sustainable, equitable communities.",Aplica soluciones de diseño para apoyar comunidades sostenibles y equitativas.,https://www.pdx.edu/public-interest-design/,Cascadia Wild,"Volunteer in wildlife tracking, habitat monitoring, and community science projects in the Portland region.","Participa de forma voluntaria en proyectos de seguimiento de vida silvestre, monitoreo de hábitat y ciencia comunitaria en el area de Portland.",https://cascadiawild.org/
Protect and Restore Nature,Family or Household,Innovating & Designing,Inventing,The Nature Conservancy,Support nature-based climate solutions through restoration and community partnerships.,Apoya soluciones climáticas basadas en la naturaleza mediante la restauración y colaboraciones comunitarias.,https://www.nature.org/,Friends of Trees,"Plant and care for urban trees, restore natural areas, and build climate resilience in your community.","Planta y cuida árboles urbanos, restaura áreas naturales y desarrolla resiliencia climática en tu comunidad.",https://friendsoftrees.org/,PSU Center for Public Interest Design,"Apply design solutions to support sustainable, equitable communities.",Aplica soluciones de diseño para apoyar comunidades sostenibles y equitativas.,https://www.pdx.edu/public-interest-design/,Cascadia Wild,"Volunteer in wildlife tracking, habitat monitoring, and community science projects in the Portland region.","Participa de forma voluntaria en proyectos de seguimiento de vida silvestre, monitoreo de hábitat y ciencia comunitaria en el area de Portland.",https://cascadiawild.org/
Protect and Restore Nature,Community Group,Innovating & Designing,Problem Solving,The Nature Conservancy,Support nature-based climate solutions through restoration and community partnerships.,Apoya soluciones climáticas basadas en la naturaleza mediante la restauración y colaboraciones comunitarias.,https://www.nature.org/,Friends of Trees,"Plant and care for urban trees, restore natural areas, and build climate resilience in your community.","Planta y cuida árboles urbanos, restaura áreas naturales y desarrolla resiliencia climática en tu comunidad.",https://friendsoftrees.org/,PSU Center for Public Interest Design,"Apply design solutions to support sustainable, equitable communities.",Aplica soluciones de diseño para apoyar comunidades sostenibles y equitativas.,https://www.pdx.edu/public-interest-design/,Outdoor Afro,"Join local outings that celebrate and inspire Black leadership in nature through hiking, stewardship, and community events.","Únete a salidas locales que celebran e inspiran el liderazgo de la comunidad negra en la naturaleza a través del senderismo, la gestión responsable y eventos comunitarios.",https://outdoorafro.org/
Protect and Restore Nature,Community Group,Innovating & Designing,Inventing,The Nature Conservancy,Support nature-based climate solutions through restoration and community partnerships.,Apoya soluciones climáticas basadas en la naturaleza mediante la restauración y colaboraciones comunitarias.,https://www.nature.org/,Friends of Trees,"Plant and care for urban trees, restore natural areas, and build climate resilience in your community.","Planta y cuida árboles urbanos, restaura áreas naturales y desarrolla resiliencia climática en tu comunidad.",https://friendsoftrees.org/,PSU Center for Public Interest Design,"Apply design solutions to support sustainable, equitable communities.",Aplica soluciones de diseño para apoyar comunidades sostenibles y equitativas.,https://www.pdx.edu/public-interest-design/,Outdoor Afro,"Join local outings that celebrate and inspire Black leadership in nature through hiking, stewardship, and community events.","Únete a salidas locales que celebran e inspiran el liderazgo de la comunidad negra en la naturaleza a través del senderismo, la gestión responsable y eventos comunitarios.",https://outdoorafro.org/
Protect and Restore Nature,Faith-Based Group,Innovating & Designing,Problem Solving,Society of St. Andrew,Volunteer to glean surplus produce from farms and deliver it to hunger relief agencies.,Participa de forma voluntaria para recolectar excedentes de productos agrícolas y entregarlos a organizaciones de ayuda alimentaria .,https://endhunger.org/,Ecumenical Ministries of Oregon (EMO),Advance climate justice and resilience through faith-based networks and Creation Justice programs.,Promueve la justicia climática y la resiliencia a través de redes religiosas y programas de Creation Justice.,https://emoregon.org/creation-justice/,NAYA Family Center,"Support Indigenous-led community building through culture, education, housing, and climate justice initiatives.","Apoya la construcción de comunidades lideradas por indígenas a través de  iniciativas de cultura, educación, vivienda y justicia climática.",https://nayapdx.org/,Trailkeepers of Oregon,"Volunteer on trail maintenance crews, lead stewardship events, and advocate for better funding and protection for Oregon’s trails.","Participa de forma voluntaria en equipos de mantenimiento de senderos, lidera eventos de gestión y aboga por mejores recursos y protección para los senderos de Oregón.",https://trailkeepersoforegon.org/
Protect and Restore Nature,Faith-Based Group,Innovating & Designing,Inventing,Society of St. Andrew,Volunteer to glean surplus produce from farms and deliver it to hunger relief agencies.,Participa de forma voluntaria para recolectar excedentes de productos agrícolas y entregarlos a organizaciones de ayuda alimentaria .,https://endhunger.org/,Ecumenical Ministries of Oregon (EMO),Advance climate justice and resilience through faith-based networks and Creation Justice programs.,Promueve la justicia climática y la resiliencia a través de redes religiosas y programas de Creation Justice.,https://emoregon.org/creation-justice/,NAYA Family Center,"Support Indigenous-led community building through culture, education, housing, and climate justice initiatives.","Apoya la construcción de comunidades lideradas por indígenas a través de  iniciativas de cultura, educación, vivienda y justicia climática.",https://nayapdx.org/,Trailkeepers of Oregon,"Volunteer on trail maintenance crews, lead stewardship events, and advocate for better funding and protection for Oregon’s trails.","Participa de forma voluntaria en equipos de mantenimiento de senderos, lidera eventos de gestión y aboga por mejores recursos y protección para los senderos de Oregón.",https://trailkeepersoforegon.org/
Protect and Restore Nature,Sports or Rec Group,Organizing & Leading,Bringing people together,Ocean Conservancy,Participate in International Coastal Cleanups and advocate for policies that protect oceans and marine life.,Participa en International Coastal Cleanups y aboga por políticas que protejan los océanos y la vida marina.,https://oceanconservancy.org/,Elakha Alliance,"Participate in restoring Oregon’s marine ecosystems by supporting sea otter reintroduction, community education, and coastal resilience work.","Participa en la restauración de los ecosistemas marinos de Oregón apoyando la reintroducción de las nutrias marinas, la educación comunitaria y el trabajo de resiliencia costera.",https://www.elakhaalliance.org/,Tualatin Riverkeepers,"Join cleanups, restoration projects, and advocacy efforts to protect and restore the Tualatin River and its watershed.","Únete a limpiezas, proyectos de restauración y esfuerzos de defensa para proteger y restaurar el río Tualatin y su cuenca hidrográfica.",https://tualatinriverkeepers.org/,Rogue Climate,Organize community campaigns for clean energy and climate justice across Southern Oregon.,Organiza campañas comunitarias a favor de la energía limpia y la justicia climática en el sur de Oregón.,https://rogueclimate.org/
Protect and Restore Nature,Sports or Rec Group,Organizing & Leading,Talking to people,Ocean Conservancy,Participate in International Coastal Cleanups and advocate for policies that protect oceans and marine life.,Participa en International Coastal Cleanups y aboga por políticas que protejan los océanos y la vida marina.,https://oceanconservancy.org/,Elakha Alliance,"Participate in restoring Oregon’s marine ecosystems by supporting sea otter reintroduction, community education, and coastal resilience work.","Participa en la restauración de los ecosistemas marinos de Oregón apoyando la reintroducción de las nutrias marinas, la educación comunitaria y el trabajo de resiliencia costera.",https://www.elakhaalliance.org/,Tualatin Riverkeepers,"Join cleanups, restoration projects, and advocacy efforts to protect and restore the Tualatin River and its watershed.","Únete a limpiezas, proyectos de restauración y esfuerzos de defensa para proteger y restaurar el río Tualatin y su cuenca hidrográfica.",https://tualatinriverkeepers.org/,Rogue Climate,Organize community campaigns for clean energy and climate justice across Southern Oregon.,Organiza campañas comunitarias a favor de la energía limpia y la justicia climática en el sur de Oregón.,https://rogueclimate.org/
Protect and Restore Nature,Arts or Hobbies Group,Organizing & Leading,Bringing people together,Ocean Conservancy,Participate in International Coastal Cleanups and advocate for policies that protect oceans and marine life.,Participa en International Coastal Cleanups y aboga por políticas que protejan los océanos y la vida marina.,https://oceanconservancy.org/,Elakha Alliance,"Participate in restoring Oregon’s marine ecosystems by supporting sea otter reintroduction, community education, and coastal resilience work.","Participa en la restauración de los ecosistemas marinos de Oregón apoyando la reintroducción de las nutrias marinas, la educación comunitaria y el trabajo de resiliencia costera.",https://www.elakhaalliance.org/,Next Up,Empower young Oregonians to engage in democracy and advocate for progressive climate and social justice policies.,Empodera a la juventud de Oregón para que participen en la democracia y aboguen por políticas progresistas de justicia social y climática.,https://nextuporegon.org/,Rogue Climate,Organize community campaigns for clean energy and climate justice across Southern Oregon.,Organiza campañas comunitarias a favor de la energía limpia y la justicia climática en el sur de Oregón.,https://rogueclimate.org/
Protect and Restore Nature,Arts or Hobbies Group,Organizing & Leading,Talking to people,Ocean Conservancy,Participate in International Coastal Cleanups and advocate for policies that protect oceans and marine life.,Participa en International Coastal Cleanups y aboga por políticas que protejan los océanos y la vida marina.,https://oceanconservancy.org/,Elakha Alliance,"Participate in restoring Oregon’s marine ecosystems by supporting sea otter reintroduction, community education, and coastal resilience work.","Participa en la restauración de los ecosistemas marinos de Oregón apoyando la reintroducción de las nutrias marinas, la educación comunitaria y el trabajo de resiliencia costera.",https://www.elakhaalliance.org/,Next Up,Empower young Oregonians to engage in democracy and advocate for progressive climate and social justice policies.,Empodera a la juventud de Oregón para que participen en la democracia y aboguen por políticas progresistas de justicia social y climática.,https://nextuporegon.org/,Rogue Climate,Organize community campaigns for clean energy and climate justice across Southern Oregon.,Organiza campañas comunitarias a favor de la energía limpia y la justicia climática en el sur de Oregón.,https://rogueclimate.org/
Protect and Restore Nature,School or Career Group,Organizing & Leading,Bringing people together,Ocean Conservancy,Participate in International Coastal Cleanups and advocate for policies that protect oceans and marine life.,Participa en International Coastal Cleanups y aboga por políticas que protejan los océanos y la vida marina.,https://oceanconservancy.org/,Elakha Alliance,"Participate in restoring Oregon’s marine ecosystems by supporting sea otter reintroduction, community education, and coastal resilience work.","Participa en la restauración de los ecosistemas marinos de Oregón apoyando la reintroducción de las nutrias marinas, la educación comunitaria y el trabajo de resiliencia costera.",https://www.elakhaalliance.org/,Next Up,Empower young Oregonians to engage in democracy and advocate for progressive climate and social justice policies.,Empodera a la juventud de Oregón para que participen en la democracia y aboguen por políticas progresistas de justicia social y climática.,https://nextuporegon.org/,Rogue Climate,Organize community campaigns for clean energy and climate justice across Southern Oregon.,Organiza campañas comunitarias a favor de la energía limpia y la justicia climática en el sur de Oregón.,https://rogueclimate.org/
Protect and Restore Nature,School or Career Group,Organizing & Leading,Talking to people,Ocean Conservancy,Participate in International Coastal Cleanups and advocate for policies that protect oceans and marine life.,Participa en International Coastal Cleanups y aboga por políticas que protejan los océanos y la vida marina.,https://oceanconservancy.org/,Elakha Alliance,"Participate in restoring Oregon’s marine ecosystems by supporting sea otter reintroduction, community education, and coastal resilience work.","Participa en la restauración de los ecosistemas marinos de Oregón apoyando la reintroducción de las nutrias marinas, la educación comunitaria y el trabajo de resiliencia costera.",https://www.elakhaalliance.org/,Next Up,Empower young Oregonians to engage in democracy and advocate for progressive climate and social justice policies.,Empodera a la juventud de Oregón para que participen en la democracia y aboguen por políticas progresistas de justicia social y climática.,https://nextuporegon.org/,Rogue Climate,Organize community campaigns for clean energy and climate justice across Southern Oregon.,Organiza campañas comunitarias a favor de la energía limpia y la justicia climática en el sur de Oregón.,https://rogueclimate.org/
Protect and Restore Nature,Family or Household,Organizing & Leading,Bringing people together,Ocean Conservancy,Participate in International Coastal Cleanups and advocate for policies that protect oceans and marine life.,Participa en International Coastal Cleanups y aboga por políticas que protejan los océanos y la vida marina.,https://oceanconservancy.org/,Elakha Alliance,"Participate in restoring Oregon’s marine ecosystems by supporting sea otter reintroduction, community education, and coastal resilience work.","Participa en la restauración de los ecosistemas marinos de Oregón apoyando la reintroducción de las nutrias marinas, la educación comunitaria y el trabajo de resiliencia costera.",https://www.elakhaalliance.org/,Next Up,Empower young Oregonians to engage in democracy and advocate for progressive climate and social justice policies.,Empodera a la juventud de Oregón para que participen en la democracia y aboguen por políticas progresistas de justicia social y climática.,https://nextuporegon.org/,Rogue Climate,Organize community campaigns for clean energy and climate justice across Southern Oregon.,Organiza campañas comunitarias a favor de la energía limpia y la justicia climática en el sur de Oregón.,https://rogueclimate.org/
Protect and Restore Nature,Family or Household,Organizing & Leading,Talking to people,Ocean Conservancy,Participate in International Coastal Cleanups and advocate for policies that protect oceans and marine life.,Participa en International Coastal Cleanups y aboga por políticas que protejan los océanos y la vida marina.,https://oceanconservancy.org/,Elakha Alliance,"Participate in restoring Oregon’s marine ecosystems by supporting sea otter reintroduction, community education, and coastal resilience work.","Participa en la restauración de los ecosistemas marinos de Oregón apoyando la reintroducción de las nutrias marinas, la educación comunitaria y el trabajo de resiliencia costera.",https://www.elakhaalliance.org/,Next Up,Empower young Oregonians to engage in democracy and advocate for progressive climate and social justice policies.,Empodera a la juventud de Oregón para que participen en la democracia y aboguen por políticas progresistas de justicia social y climática.,https://nextuporegon.org/,Rogue Climate,Organize community campaigns for clean energy and climate justice across Southern Oregon.,Organiza campañas comunitarias a favor de la energía limpia y la justicia climática en el sur de Oregón.,https://rogueclimate.org/
Protect and Restore Nature,Community Group,Organizing & Leading,Bringing people together,Ocean Conservancy,Participate in International Coastal Cleanups and advocate for policies that protect oceans and marine life.,Participa en International Coastal Cleanups y aboga por políticas que protejan los océanos y la vida marina.,https://oceanconservancy.org/,Elakha Alliance,"Participate in restoring Oregon’s marine ecosystems by supporting sea otter reintroduction, community education, and coastal resilience work.","Participa en la restauración de los ecosistemas marinos de Oregón apoyando la reintroducción de las nutrias marinas, la educación comunitaria y el trabajo de resiliencia costera.",https://www.elakhaalliance.org/,Tualatin Riverkeepers,"Join cleanups, restoration projects, and advocacy efforts to protect and restore the Tualatin River and its watershed.","Únete a limpiezas, proyectos de restauración y esfuerzos de defensa para proteger y restaurar el río Tualatin y su cuenca hidrográfica.",https://tualatinriverkeepers.org/,Rogue Climate,Organize community campaigns for clean energy and climate justice across Southern Oregon.,Organiza campañas comunitarias a favor de la energía limpia y la justicia climática en el sur de Oregón.,https://rogueclimate.org/
Protect and Restore Nature,Community Group,Organizing & Leading,Talking to people,Ocean Conservancy,Participate in International Coastal Cleanups and advocate for policies that protect oceans and marine life.,Participa en International Coastal Cleanups y aboga por políticas que protejan los océanos y la vida marina.,https://oceanconservancy.org/,Elakha Alliance,"Participate in restoring Oregon’s marine ecosystems by supporting sea otter reintroduction, community education, and coastal resilience work.","Participa en la restauración de los ecosistemas marinos de Oregón apoyando la reintroducción de las nutrias marinas, la educación comunitaria y el trabajo de resiliencia costera.",https://www.elakhaalliance.org/,Tualatin Riverkeepers,"Join cleanups, restoration projects, and advocacy efforts to protect and restore the Tualatin River and its watershed.","Únete a limpiezas, proyectos de restauración y esfuerzos de defensa para proteger y restaurar el río Tualatin y su cuenca hidrográfica.",https://tualatinriverkeepers.org/,Rogue Climate,Organize community campaigns for clean energy and climate justice across Southern Oregon.,Organiza campañas comunitarias a favor de la energía limpia y la justicia climática en el sur de Oregón.,https://rogueclimate.org/
Protect and Restore Nature,Faith-Based Group,Organizing & Leading,Bringing people together,Society of St. Andrew,Volunteer to glean surplus produce from farms and deliver it to hunger relief agencies.,Participa de forma voluntaria para recolectar excedentes de productos agrícolas y entregarlos a organizaciones de ayuda alimentaria .,https://endhunger.org/,Ecumenical Ministries of Oregon (EMO),Advance climate justice and resilience through faith-based networks and Creation Justice programs.,Promueve la justicia climática y la resiliencia a través de redes religiosas y programas de Creation Justice.,https://emoregon.org/creation-justice/,Tualatin Riverkeepers,"Join cleanups, restoration projects, and advocacy efforts to protect and restore the Tualatin River and its watershed.","Únete a limpiezas, proyectos de restauración y esfuerzos de defensa para proteger y restaurar el río Tualatin y su cuenca hidrográfica.",https://tualatinriverkeepers.org/,Rogue Climate,Organize community campaigns for clean energy and climate justice across Southern Oregon.,Organiza campañas comunitarias a favor de la energía limpia y la justicia climática en el sur de Oregón.,https://rogueclimate.org/
Protect and Restore Nature,Faith-Based Group,Organizing & Leading,Talking to people,Society of St. Andrew,Volunteer to glean surplus produce from farms and deliver it to hunger relief agencies.,Participa de forma voluntaria para recolectar excedentes de productos agrícolas y entregarlos a organizaciones de ayuda alimentaria .,https://endhunger.org/,Ecumenical Ministries of Oregon (EMO),Advance climate justice and resilience through faith-based networks and Creation Justice programs.,Promueve la justicia climática y la resiliencia a través de redes religiosas y programas de Creation Justice.,https://emoregon.org/creation-justice/,Tualatin Riverkeepers,"Join cleanups, restoration projects, and advocacy efforts to protect and restore the Tualatin River and its watershed.","Únete a limpiezas, proyectos de restauración y esfuerzos de defensa para proteger y restaurar el río Tualatin y su cuenca hidrográfica.",https://tualatinriverkeepers.org/,Rogue Climate,Organize community campaigns for clean energy and climate justice across Southern Oregon.,Organiza campañas comunitarias a favor de la energía limpia y la justicia climática en el sur de Oregón.,https://rogueclimate.org/
Protect and Restore Nature,Sports or Rec Group,Performing & Creating Art,Art,The Nature Conservancy,Support nature-based climate solutions through restoration and community partnerships.,Apoya soluciones climáticas basadas en la naturaleza mediante la restauración y colaboraciones comunitarias.,https://www.nature.org/,Friends of Trees,"Plant and care for urban trees, restore natural areas, and build climate resilience in your community.","Planta y cuida árboles urbanos, restaura áreas naturales y desarrolla resiliencia climática en tu comunidad.",https://friendsoftrees.org/,Making Earth Cool,"Create science-based, funny, and creative content and participate in events to inspire climate stewardship.",Crea contenido científico divertido y creativo y participa en eventos para inspirar la administración climática.,https://makingearthcool.com/,Tualatin Riverkeepers,"Join cleanups, restoration projects, and advocacy efforts to protect and restore the Tualatin River and its watershed.","Únete a limpiezas, proyectos de restauración y esfuerzos de defensa para proteger y restaurar el río Tualatin y su cuenca hidrográfica.",https://tualatinriverkeepers.org/
Protect and Restore Nature,Sports or Rec Group,Performing & Creating Art,Creativity,The Nature Conservancy,Support nature-based climate solutions through restoration and community partnerships.,Apoya soluciones climáticas basadas en la naturaleza mediante la restauración y colaboraciones comunitarias.,https://www.nature.org/,Friends of Trees,"Plant and care for urban trees, restore natural areas, and build climate resilience in your community.","Planta y cuida árboles urbanos, restaura áreas naturales y desarrolla resiliencia climática en tu comunidad.",https://friendsoftrees.org/,Making Earth Cool,"Create science-based, funny, and creative content and participate in events to inspire climate stewardship.",Crea contenido científico divertido y creativo y participa en eventos para inspirar la administración climática.,https://makingearthcool.com/,Tualatin Riverkeepers,"Join cleanups, restoration projects, and advocacy efforts to protect and restore the Tualatin River and its watershed.","Únete a limpiezas, proyectos de restauración y esfuerzos de defensa para proteger y restaurar el río Tualatin y su cuenca hidrográfica.",https://tualatinriverkeepers.org/
Protect and Restore Nature,Arts or Hobbies Group,Performing & Creating Art,Art,The Nature Conservancy,Support nature-based climate solutions through restoration and community partnerships.,Apoya soluciones climáticas basadas en la naturaleza mediante la restauración y colaboraciones comunitarias.,https://www.nature.org/,Friends of Trees,"Plant and care for urban trees, restore natural areas, and build climate resilience in your community.","Planta y cuida árboles urbanos, restaura áreas naturales y desarrolla resiliencia climática en tu comunidad.",https://friendsoftrees.org/,Making Earth Cool,"Create science-based, funny, and creative content and participate in events to inspire climate stewardship.",Crea contenido científico divertido y creativo y participa en eventos para inspirar la administración climática.,https://makingearthcool.com/,350PDX,"Join Portland’s climate justice movement to take part in advocacy, creative art actions, and community learning opportunities.","Únete al movimiento por la justicia climática de Portland para participar en actividades de apoyo, acciones artísticas creativas y oportunidades de aprendizaje comunitario.",https://350pdx.org/
Protect and Restore Nature,Arts or Hobbies Group,Performing & Creating Art,Creativity,The Nature Conservancy,Support nature-based climate solutions through restoration and community partnerships.,Apoya soluciones climáticas basadas en la naturaleza mediante la restauración y colaboraciones comunitarias.,https://www.nature.org/,Friends of Trees,"Plant and care for urban trees, restore natural areas, and build climate resilience in your community.","Planta y cuida árboles urbanos, restaura áreas naturales y desarrolla resiliencia climática en tu comunidad.",https://friendsoftrees.org/,Making Earth Cool,"Create science-based, funny, and creative content and participate in events to inspire climate stewardship.",Crea contenido científico divertido y creativo y participa en eventos para inspirar la administración climática.,https://makingearthcool.com/,350PDX,"Join Portland’s climate justice movement to take part in advocacy, creative art actions, and community learning opportunities.","Únete al movimiento por la justicia climática de Portland para participar en actividades de apoyo, acciones artísticas creativas y oportunidades de aprendizaje comunitario.",https://350pdx.org/
Protect and Restore Nature,School or Career Group,Performing & Creating Art,Art,The Nature Conservancy,Support nature-based climate solutions through restoration and community partnerships.,Apoya soluciones climáticas basadas en la naturaleza mediante la restauración y colaboraciones comunitarias.,https://www.nature.org/,Friends of Trees,"Plant and care for urban trees, restore natural areas, and build climate resilience in your community.","Planta y cuida árboles urbanos, restaura áreas naturales y desarrolla resiliencia climática en tu comunidad.",https://friendsoftrees.org/,Making Earth Cool,"Create science-based, funny, and creative content and participate in events to inspire climate stewardship.",Crea contenido científico divertido y creativo y participa en eventos para inspirar la administración climática.,https://makingearthcool.com/,350PDX,"Join Portland’s climate justice movement to take part in advocacy, creative art actions, and community learning opportunities.","Únete al movimiento por la justicia climática de Portland para participar en actividades de apoyo, acciones artísticas creativas y oportunidades de aprendizaje comunitario.",https://350pdx.org/
Protect and Restore Nature,School or Career Group,Performing & Creating Art,Creativity,The Nature Conservancy,Support nature-based climate solutions through restoration and community partnerships.,Apoya soluciones climáticas basadas en la naturaleza mediante la restauración y colaboraciones comunitarias.,https://www.nature.org/,Friends of Trees,"Plant and care for urban trees, restore natural areas, and build climate resilience in your community.","Planta y cuida árboles urbanos, restaura áreas naturales y desarrolla resiliencia climática en tu comunidad.",https://friendsoftrees.org/,Making Earth Cool,"Create science-based, funny, and creative content and participate in events to inspire climate stewardship.",Crea contenido científico divertido y creativo y participa en eventos para inspirar la administración climática.,https://makingearthcool.com/,350PDX,"Join Portland’s climate justice movement to take part in advocacy, creative art actions, and community learning opportunities.","Únete al movimiento por la justicia climática de Portland para participar en actividades de apoyo, acciones artísticas creativas y oportunidades de aprendizaje comunitario.",https://350pdx.org/
Protect and Restore Nature,Family or Household,Performing & Creating Art,Art,The Nature Conservancy,Support nature-based climate solutions through restoration and community partnerships.,Apoya soluciones climáticas basadas en la naturaleza mediante la restauración y colaboraciones comunitarias.,https://www.nature.org/,Friends of Trees,"Plant and care for urban trees, restore natural areas, and build climate resilience in your community.","Planta y cuida árboles urbanos, restaura áreas naturales y desarrolla resiliencia climática en tu comunidad.",https://friendsoftrees.org/,Making Earth Cool,"Create science-based, funny, and creative content and participate in events to inspire climate stewardship.",Crea contenido científico divertido y creativo y participa en eventos para inspirar la administración climática.,https://makingearthcool.com/,350PDX,"Join Portland’s climate justice movement to take part in advocacy, creative art actions, and community learning opportunities.","Únete al movimiento por la justicia climática de Portland para participar en actividades de apoyo, acciones artísticas creativas y oportunidades de aprendizaje comunitario.",https://350pdx.org/
Protect and Restore Nature,Family or Household,Performing & Creating Art,Creativity,The Nature Conservancy,Support nature-based climate solutions through restoration and community partnerships.,Apoya soluciones climáticas basadas en la naturaleza mediante la restauración y colaboraciones comunitarias.,https://www.nature.org/,Friends of Trees,"Plant and care for urban trees, restore natural areas, and build climate resilience in your community.","Planta y cuida árboles urbanos, restaura áreas naturales y desarrolla resiliencia climática en tu comunidad.",https://friendsoftrees.org/,Making Earth Cool,"Create science-based, funny, and creative content and participate in events to inspire climate stewardship.",Crea contenido científico divertido y creativo y participa en eventos para inspirar la administración climática.,https://makingearthcool.com/,350PDX,"Join Portland’s climate justice movement to take part in advocacy, creative art actions, and community learning opportunities.","Únete al movimiento por la justicia climática de Portland para participar en actividades de apoyo, acciones artísticas creativas y oportunidades de aprendizaje comunitario.",https://350pdx.org/
Protect and Restore Nature,Community Group,Performing & Creating Art,Art,The Nature Conservancy,Support nature-based climate solutions through restoration and community partnerships.,Apoya soluciones climáticas basadas en la naturaleza mediante la restauración y colaboraciones comunitarias.,https://www.nature.org/,Friends of Trees,"Plant and care for urban trees, restore natural areas, and build climate resilience in your community.","Planta y cuida árboles urbanos, restaura áreas naturales y desarrolla resiliencia climática en tu comunidad.",https://friendsoftrees.org/,Making Earth Cool,"Create science-based, funny, and creative content and participate in events to inspire climate stewardship.",Crea contenido científico divertido y creativo y participa en eventos para inspirar la administración climática.,https://makingearthcool.com/,350PDX,"Join Portland’s climate justice movement to take part in advocacy, creative art actions, and community learning opportunities.","Únete al movimiento por la justicia climática de Portland para participar en actividades de apoyo, acciones artísticas creativas y oportunidades de aprendizaje comunitario.",https://350pdx.org/
Protect and Restore Nature,Community Group,Performing & Creating Art,Creativity,The Nature Conservancy,Support nature-based climate solutions through restoration and community partnerships.,Apoya soluciones climáticas basadas en la naturaleza mediante la restauración y colaboraciones comunitarias.,https://www.nature.org/,Friends of Trees,"Plant and care for urban trees, restore natural areas, and build climate resilience in your community.","Planta y cuida árboles urbanos, restaura áreas naturales y desarrolla resiliencia climática en tu comunidad.",https://friendsoftrees.org/,Making Earth Cool,"Create science-based, funny, and creative content and participate in events to inspire climate stewardship.",Crea contenido científico divertido y creativo y participa en eventos para inspirar la administración climática.,https://makingearthcool.com/,350PDX,"Join Portland’s climate justice movement to take part in advocacy, creative art actions, and community learning opportunities.","Únete al movimiento por la justicia climática de Portland para participar en actividades de apoyo, acciones artísticas creativas y oportunidades de aprendizaje comunitario.",https://350pdx.org/
Protect and Restore Nature,Faith-Based Group,Performing & Creating Art,Art,Society of St. Andrew,Volunteer to glean surplus produce from farms and deliver it to hunger relief agencies.,Participa de forma voluntaria para recolectar excedentes de productos agrícolas y entregarlos a organizaciones de ayuda alimentaria .,https://endhunger.org/,Ecumenical Ministries of Oregon (EMO),Advance climate justice and resilience through faith-based networks and Creation Justice programs.,Promueve la justicia climática y la resiliencia a través de redes religiosas y programas de Creation Justice.,https://emoregon.org/creation-justice/,Making Earth Cool,"Create science-based, funny, and creative content and participate in events to inspire climate stewardship.",Crea contenido científico divertido y creativo y participa en eventos para inspirar la administración climática.,https://makingearthcool.com/,NAYA Family Center,"Support Indigenous-led community building through culture, education, housing, and climate justice initiatives.","Apoya la construcción de comunidades lideradas por indígenas a través de  iniciativas de cultura, educación, vivienda y justicia climática.",https://nayapdx.org/
Protect and Restore Nature,Faith-Based Group,Performing & Creating Art,Creativity,Society of St. Andrew,Volunteer to glean surplus produce from farms and deliver it to hunger relief agencies.,Participa de forma voluntaria para recolectar excedentes de productos agrícolas y entregarlos a organizaciones de ayuda alimentaria .,https://endhunger.org/,Ecumenical Ministries of Oregon (EMO),Advance climate justice and resilience through faith-based networks and Creation Justice programs.,Promueve la justicia climática y la resiliencia a través de redes religiosas y programas de Creation Justice.,https://emoregon.org/creation-justice/,Making Earth Cool,"Create science-based, funny, and creative content and participate in events to inspire climate stewardship.",Crea contenido científico divertido y creativo y participa en eventos para inspirar la administración climática.,https://makingearthcool.com/,NAYA Family Center,"Support Indigenous-led community building through culture, education, housing, and climate justice initiatives.","Apoya la construcción de comunidades lideradas por indígenas a través de  iniciativas de cultura, educación, vivienda y justicia climática.",https://nayapdx.org/
Protect and Restore Nature,Sports or Rec Group,Researching & Learning,Reading,Friends of the Earth,Volunteer with campaigns that advance climate justice and protect ecosystems.,Participa de forma voluntaria en campañas que promueven la justicia climática y protegen los ecosistemas.,https://foe.org/,350PDX,"Join Portland’s climate justice movement to take part in advocacy, creative art actions, and community learning opportunities.","Únete al movimiento por la justicia climática de Portland para participar en actividades de apoyo, acciones artísticas creativas y oportunidades de aprendizaje comunitario.",https://350pdx.org/,Cascadia Wild,"Volunteer in wildlife tracking, habitat monitoring, and community science projects in the Portland region.","Participa de forma voluntaria en proyectos de seguimiento de vida silvestre, monitoreo de hábitat y ciencia comunitaria en el area de Portland.",https://cascadiawild.org/,Elakha Alliance,"Participate in restoring Oregon’s marine ecosystems by supporting sea otter reintroduction, community education, and coastal resilience work.","Participa en la restauración de los ecosistemas marinos de Oregón apoyando la reintroducción de las nutrias marinas, la educación comunitaria y el trabajo de resiliencia costera.",https://www.elakhaalliance.org/
Protect and Restore Nature,Sports or Rec Group,Researching & Learning,Exploring New Topics,Friends of the Earth,Volunteer with campaigns that advance climate justice and protect ecosystems.,Participa de forma voluntaria en campañas que promueven la justicia climática y protegen los ecosistemas.,https://foe.org/,350PDX,"Join Portland’s climate justice movement to take part in advocacy, creative art actions, and community learning opportunities.","Únete al movimiento por la justicia climática de Portland para participar en actividades de apoyo, acciones artísticas creativas y oportunidades de aprendizaje comunitario.",https://350pdx.org/,Cascadia Wild,"Volunteer in wildlife tracking, habitat monitoring, and community science projects in the Portland region.","Participa de forma voluntaria en proyectos de seguimiento de vida silvestre, monitoreo de hábitat y ciencia comunitaria en el area de Portland.",https://cascadiawild.org/,Elakha Alliance,"Participate in restoring Oregon’s marine ecosystems by supporting sea otter reintroduction, community education, and coastal resilience work.","Participa en la restauración de los ecosistemas marinos de Oregón apoyando la reintroducción de las nutrias marinas, la educación comunitaria y el trabajo de resiliencia costera.",https://www.elakhaalliance.org/
Protect and Restore Nature,Arts or Hobbies Group,Researching & Learning,Reading,Friends of the Earth,Volunteer with campaigns that advance climate justice and protect ecosystems.,Participa de forma voluntaria en campañas que promueven la justicia climática y protegen los ecosistemas.,https://foe.org/,350PDX,"Join Portland’s climate justice movement to take part in advocacy, creative art actions, and community learning opportunities.","Únete al movimiento por la justicia climática de Portland para participar en actividades de apoyo, acciones artísticas creativas y oportunidades de aprendizaje comunitario.",https://350pdx.org/,Cascadia Wild,"Volunteer in wildlife tracking, habitat monitoring, and community science projects in the Portland region.","Participa de forma voluntaria en proyectos de seguimiento de vida silvestre, monitoreo de hábitat y ciencia comunitaria en el area de Portland.",https://cascadiawild.org/,Elakha Alliance,"Participate in restoring Oregon’s marine ecosystems by supporting sea otter reintroduction, community education, and coastal resilience work.","Participa en la restauración de los ecosistemas marinos de Oregón apoyando la reintroducción de las nutrias marinas, la educación comunitaria y el trabajo de resiliencia costera.",https://www.elakhaalliance.org/
Protect and Restore Nature,Arts or Hobbies Group,Researching & Learning,Exploring New Topics,Friends of the Earth,Volunteer with campaigns that advance climate justice and protect ecosystems.,Participa de forma voluntaria en campañas que promueven la justicia climática y protegen los ecosistemas.,https://foe.org/,350PDX,"Join Portland’s climate justice movement to take part in advocacy, creative art actions, and community learning opportunities.","Únete al movimiento por la justicia climática de Portland para participar en actividades de apoyo, acciones artísticas creativas y oportunidades de aprendizaje comunitario.",https://350pdx.org/,Cascadia Wild,"Volunteer in wildlife tracking, habitat monitoring, and community science projects in the Portland region.","Participa de forma voluntaria en proyectos de seguimiento de vida silvestre, monitoreo de hábitat y ciencia comunitaria en el area de Portland.",https://cascadiawild.org/,Elakha Alliance,"Participate in restoring Oregon’s marine ecosystems by supporting sea otter reintroduction, community education, and coastal resilience work.","Participa en la restauración de los ecosistemas marinos de Oregón apoyando la reintroducción de las nutrias marinas, la educación comunitaria y el trabajo de resiliencia costera.",https://www.elakhaalliance.org/
Protect and Restore Nature,School or Career Group,Researching & Learning,Reading,Friends of the Earth,Volunteer with campaigns that advance climate justice and protect ecosystems.,Participa de forma voluntaria en campañas que promueven la justicia climática y protegen los ecosistemas.,https://foe.org/,350PDX,"Join Portland’s climate justice movement to take part in advocacy, creative art actions, and community learning opportunities.","Únete al movimiento por la justicia climática de Portland para participar en actividades de apoyo, acciones artísticas creativas y oportunidades de aprendizaje comunitario.",https://350pdx.org/,Cascadia Wild,"Volunteer in wildlife tracking, habitat monitoring, and community science projects in the Portland region.","Participa de forma voluntaria en proyectos de seguimiento de vida silvestre, monitoreo de hábitat y ciencia comunitaria en el area de Portland.",https://cascadiawild.org/,Elakha Alliance,"Participate in restoring Oregon’s marine ecosystems by supporting sea otter reintroduction, community education, and coastal resilience work.","Participa en la restauración de los ecosistemas marinos de Oregón apoyando la reintroducción de las nutrias marinas, la educación comunitaria y el trabajo de resiliencia costera.",https://www.elakhaalliance.org/
Protect and Restore Nature,School or Career Group,Researching & Learning,Exploring New Topics,Friends of the Earth,Volunteer with campaigns that advance climate justice and protect ecosystems.,Participa de forma voluntaria en campañas que promueven la justicia climática y protegen los ecosistemas.,https://foe.org/,350PDX,"Join Portland’s climate justice movement to take part in advocacy, creative art actions, and community learning opportunities.","Únete al movimiento por la justicia climática de Portland para participar en actividades de apoyo, acciones artísticas creativas y oportunidades de aprendizaje comunitario.",https://350pdx.org/,Cascadia Wild,"Volunteer in wildlife tracking, habitat monitoring, and community science projects in the Portland region.","Participa de forma voluntaria en proyectos de seguimiento de vida silvestre, monitoreo de hábitat y ciencia comunitaria en el area de Portland.",https://cascadiawild.org/,Elakha Alliance,"Participate in restoring Oregon’s marine ecosystems by supporting sea otter reintroduction, community education, and coastal resilience work.","Participa en la restauración de los ecosistemas marinos de Oregón apoyando la reintroducción de las nutrias marinas, la educación comunitaria y el trabajo de resiliencia costera.",https://www.elakhaalliance.org/
Protect and Restore Nature,Family or Household,Researching & Learning,Reading,Friends of the Earth,Volunteer with campaigns that advance climate justice and protect ecosystems.,Participa de forma voluntaria en campañas que promueven la justicia climática y protegen los ecosistemas.,https://foe.org/,350PDX,"Join Portland’s climate justice movement to take part in advocacy, creative art actions, and community learning opportunities.","Únete al movimiento por la justicia climática de Portland para participar en actividades de apoyo, acciones artísticas creativas y oportunidades de aprendizaje comunitario.",https://350pdx.org/,Cascadia Wild,"Volunteer in wildlife tracking, habitat monitoring, and community science projects in the Portland region.","Participa de forma voluntaria en proyectos de seguimiento de vida silvestre, monitoreo de hábitat y ciencia comunitaria en el area de Portland.",https://cascadiawild.org/,Elakha Alliance,"Participate in restoring Oregon’s marine ecosystems by supporting sea otter reintroduction, community education, and coastal resilience work.","Participa en la restauración de los ecosistemas marinos de Oregón apoyando la reintroducción de las nutrias marinas, la educación comunitaria y el trabajo de resiliencia costera.",https://www.elakhaalliance.org/
Protect and Restore Nature,Family or Household,Researching & Learning,Exploring New Topics,Friends of the Earth,Volunteer with campaigns that advance climate justice and protect ecosystems.,Participa de forma voluntaria en campañas que promueven la justicia climática y protegen los ecosistemas.,https://foe.org/,350PDX,"Join Portland’s climate justice movement to take part in advocacy, creative art actions, and community learning opportunities.","Únete al movimiento por la justicia climática de Portland para participar en actividades de apoyo, acciones artísticas creativas y oportunidades de aprendizaje comunitario.",https://350pdx.org/,Cascadia Wild,"Volunteer in wildlife tracking, habitat monitoring, and community science projects in the Portland region.","Participa de forma voluntaria en proyectos de seguimiento de vida silvestre, monitoreo de hábitat y ciencia comunitaria en el area de Portland.",https://cascadiawild.org/,Elakha Alliance,"Participate in restoring Oregon’s marine ecosystems by supporting sea otter reintroduction, community education, and coastal resilience work.","Participa en la restauración de los ecosistemas marinos de Oregón apoyando la reintroducción de las nutrias marinas, la educación comunitaria y el trabajo de resiliencia costera.",https://www.elakhaalliance.org/
Protect and Restore Nature,Community Group,Researching & Learning,Reading,Friends of the Earth,Volunteer with campaigns that advance climate justice and protect ecosystems.,Participa de forma voluntaria en campañas que promueven la justicia climática y protegen los ecosistemas.,https://foe.org/,350PDX,"Join Portland’s climate justice movement to take part in advocacy, creative art actions, and community learning opportunities.","Únete al movimiento por la justicia climática de Portland para participar en actividades de apoyo, acciones artísticas creativas y oportunidades de aprendizaje comunitario.",https://350pdx.org/,Cascadia Wild,"Volunteer in wildlife tracking, habitat monitoring, and community science projects in the Portland region.","Participa de forma voluntaria en proyectos de seguimiento de vida silvestre, monitoreo de hábitat y ciencia comunitaria en el area de Portland.",https://cascadiawild.org/,Elakha Alliance,"Participate in restoring Oregon’s marine ecosystems by supporting sea otter reintroduction, community education, and coastal resilience work.","Participa en la restauración de los ecosistemas marinos de Oregón apoyando la reintroducción de las nutrias marinas, la educación comunitaria y el trabajo de resiliencia costera.",https://www.elakhaalliance.org/
Protect and Restore Nature,Community Group,Researching & Learning,Exploring New Topics,Friends of the Earth,Volunteer with campaigns that advance climate justice and protect ecosystems.,Participa de forma voluntaria en campañas que promueven la justicia climática y protegen los ecosistemas.,https://foe.org/,350PDX,"Join Portland’s climate justice movement to take part in advocacy, creative art actions, and community learning opportunities.","Únete al movimiento por la justicia climática de Portland para participar en actividades de apoyo, acciones artísticas creativas y oportunidades de aprendizaje comunitario.",https://350pdx.org/,Cascadia Wild,"Volunteer in wildlife tracking, habitat monitoring, and community science projects in the Portland region.","Participa de forma voluntaria en proyectos de seguimiento de vida silvestre, monitoreo de hábitat y ciencia comunitaria en el area de Portland.",https://cascadiawild.org/,Elakha Alliance,"Participate in restoring Oregon’s marine ecosystems by supporting sea otter reintroduction, community education, and coastal resilience work.","Participa en la restauración de los ecosistemas marinos de Oregón apoyando la reintroducción de las nutrias marinas, la educación comunitaria y el trabajo de resiliencia costera.",https://www.elakhaalliance.org/
Protect and Restore Nature,Faith-Based Group,Researching & Learning,Reading,Society of St. Andrew,Volunteer to glean surplus produce from farms and deliver it to hunger relief agencies.,Participa de forma voluntaria para recolectar excedentes de productos agrícolas y entregarlos a organizaciones de ayuda alimentaria .,https://endhunger.org/,Ecumenical Ministries of Oregon (EMO),Advance climate justice and resilience through faith-based networks and Creation Justice programs.,Promueve la justicia climática y la resiliencia a través de redes religiosas y programas de Creation Justice.,https://emoregon.org/creation-justice/,Cascadia Wild,"Volunteer in wildlife tracking, habitat monitoring, and community science projects in the Portland region.","Participa de forma voluntaria en proyectos de seguimiento de vida silvestre, monitoreo de hábitat y ciencia comunitaria en el area de Portland.",https://cascadiawild.org/,NAYA Family Center,"Support Indigenous-led community building through culture, education, housing, and climate justice initiatives.","Apoya la construcción de comunidades lideradas por indígenas a través de  iniciativas de cultura, educación, vivienda y justicia climática.",https://nayapdx.org/
Protect and Restore Nature,Faith-Based Group,Researching & Learning,Exploring New Topics,Society of St. Andrew,Volunteer to glean surplus produce from farms and deliver it to hunger relief agencies.,Participa de forma voluntaria para recolectar excedentes de productos agrícolas y entregarlos a organizaciones de ayuda alimentaria .,https://endhunger.org/,Ecumenical Ministries of Oregon (EMO),Advance climate justice and resilience through faith-based networks and Creation Justice programs.,Promueve la justicia climática y la resiliencia a través de redes religiosas y programas de Creation Justice.,https://emoregon.org/creation-justice/,Cascadia Wild,"Volunteer in wildlife tracking, habitat monitoring, and community science projects in the Portland region.","Participa de forma voluntaria en proyectos de seguimiento de vida silvestre, monitoreo de hábitat y ciencia comunitaria en el area de Portland.",https://cascadiawild.org/,NAYA Family Center,"Support Indigenous-led community building through culture, education, housing, and climate justice initiatives.","Apoya la construcción de comunidades lideradas por indígenas a través de  iniciativas de cultura, educación, vivienda y justicia climática.",https://nayapdx.org/
Protect and Restore Nature,Sports or Rec Group,Teaching & Mentoring,Mentoring,Sierra Club,"Lead and support local outings, advocacy, and education to protect people and the planet.","Lidera, apoya y gestiona excursiones locales y educación para proteger a las personas y al planeta.",https://www.sierraclub.org/,Friends of Trees,"Plant and care for urban trees, restore natural areas, and build climate resilience in your community.","Planta y cuida árboles urbanos, restaura áreas naturales y desarrolla resiliencia climática en tu comunidad.",https://friendsoftrees.org/,Sunrise Movement PDX,Train youth to advocate for just and equitable climate solutions.,Capacita a la juventud para que abogue por soluciones climáticas justas y equitativas.,https://www.sunrisemovement.org/hubs/,Senior Advocates for Generational Equity (SAGE),"Mobilize people 50+ to advocate for climate solutions and generational equity through campaigns, volunteer teams, and education.","Moviliza a personas mayores de 50 años para que aboguen por soluciones climáticas y equidad generacional mediante campañas, equipos de voluntariado y educación.",https://www.wearesage.org/
Protect and Restore Nature,Sports or Rec Group,Teaching & Mentoring,Helping others learn,Sierra Club,"Lead and support local outings, advocacy, and education to protect people and the planet.","Lidera, apoya y gestiona excursiones locales y educación para proteger a las personas y al planeta.",https://www.sierraclub.org/,Friends of Trees,"Plant and care for urban trees, restore natural areas, and build climate resilience in your community.","Planta y cuida árboles urbanos, restaura áreas naturales y desarrolla resiliencia climática en tu comunidad.",https://friendsoftrees.org/,Sunrise Movement PDX,Train youth to advocate for just and equitable climate solutions.,Capacita a la juventud para que abogue por soluciones climáticas justas y equitativas.,https://www.sunrisemovement.org/hubs/,Senior Advocates for Generational Equity (SAGE),"Mobilize people 50+ to advocate for climate solutions and generational equity through campaigns, volunteer teams, and education.","Moviliza a personas mayores de 50 años para que aboguen por soluciones climáticas y equidad generacional mediante campañas, equipos de voluntariado y educación.",https://www.wearesage.org/
Protect and Restore Nature,Arts or Hobbies Group,Teaching & Mentoring,Mentoring,Sierra Club,"Lead and support local outings, advocacy, and education to protect people and the planet.","Lidera, apoya y gestiona excursiones locales y educación para proteger a las personas y al planeta.",https://www.sierraclub.org/,Friends of Trees,"Plant and care for urban trees, restore natural areas, and build climate resilience in your community.","Planta y cuida árboles urbanos, restaura áreas naturales y desarrolla resiliencia climática en tu comunidad.",https://friendsoftrees.org/,Sunrise Movement PDX,Train youth to advocate for just and equitable climate solutions.,Capacita a la juventud para que abogue por soluciones climáticas justas y equitativas.,https://www.sunrisemovement.org/hubs/,Senior Advocates for Generational Equity (SAGE),"Mobilize people 50+ to advocate for climate solutions and generational equity through campaigns, volunteer teams, and education.","Moviliza a personas mayores de 50 años para que aboguen por soluciones climáticas y equidad generacional mediante campañas, equipos de voluntariado y educación.",https://www.wearesage.org/
Protect and Restore Nature,Arts or Hobbies Group,Teaching & Mentoring,Helping others learn,Sierra Club,"Lead and support local outings, advocacy, and education to protect people and the planet.","Lidera, apoya y gestiona excursiones locales y educación para proteger a las personas y al planeta.",https://www.sierraclub.org/,Friends of Trees,"Plant and care for urban trees, restore natural areas, and build climate resilience in your community.","Planta y cuida árboles urbanos, restaura áreas naturales y desarrolla resiliencia climática en tu comunidad.",https://friendsoftrees.org/,Sunrise Movement PDX,Train youth to advocate for just and equitable climate solutions.,Capacita a la juventud para que abogue por soluciones climáticas justas y equitativas.,https://www.sunrisemovement.org/hubs/,Senior Advocates for Generational Equity (SAGE),"Mobilize people 50+ to advocate for climate solutions and generational equity through campaigns, volunteer teams, and education.","Moviliza a personas mayores de 50 años para que aboguen por soluciones climáticas y equidad generacional mediante campañas, equipos de voluntariado y educación.",https://www.wearesage.org/
Protect and Restore Nature,School or Career Group,Teaching & Mentoring,Mentoring,Sierra Club,"Lead and support local outings, advocacy, and education to protect people and the planet.","Lidera, apoya y gestiona excursiones locales y educación para proteger a las personas y al planeta.",https://www.sierraclub.org/,Portland Youth Climate Council,Join a student-led coalition organizing campaigns for urgent local climate solutions.,Únete a una coalición liderada por estudiantes que organiza campañas para encontrar soluciones urgentes al cambio climático a nivel local.,https://pdxclimatecouncil.wixsite.com/youth,Rogue Climate,Organize community campaigns for clean energy and climate justice across Southern Oregon.,Organiza campañas comunitarias a favor de la energía limpia y la justicia climática en el sur de Oregón.,https://rogueclimate.org/,Senior Advocates for Generational Equity (SAGE),"Mobilize people 50+ to advocate for climate solutions and generational equity through campaigns, volunteer teams, and education.","Moviliza a personas mayores de 50 años para que aboguen por soluciones climáticas y equidad generacional mediante campañas, equipos de voluntariado y educación.",https://www.wearesage.org/
Protect and Restore Nature,School or Career Group,Teaching & Mentoring,Helping others learn,Sierra Club,"Lead and support local outings, advocacy, and education to protect people and the planet.","Lidera, apoya y gestiona excursiones locales y educación para proteger a las personas y al planeta.",https://www.sierraclub.org/,Portland Youth Climate Council,Join a student-led coalition organizing campaigns for urgent local climate solutions.,Únete a una coalición liderada por estudiantes que organiza campañas para encontrar soluciones urgentes al cambio climático a nivel local.,https://pdxclimatecouncil.wixsite.com/youth,Rogue Climate,Organize community campaigns for clean energy and climate justice across Southern Oregon.,Organiza campañas comunitarias a favor de la energía limpia y la justicia climática en el sur de Oregón.,https://rogueclimate.org/,Senior Advocates for Generational Equity (SAGE),"Mobilize people 50+ to advocate for climate solutions and generational equity through campaigns, volunteer teams, and education.","Moviliza a personas mayores de 50 años para que aboguen por soluciones climáticas y equidad generacional mediante campañas, equipos de voluntariado y educación.",https://www.wearesage.org/
Protect and Restore Nature,Family or Household,Teaching & Mentoring,Mentoring,Sierra Club,"Lead and support local outings, advocacy, and education to protect people and the planet.","Lidera, apoya y gestiona excursiones locales y educación para proteger a las personas y al planeta.",https://www.sierraclub.org/,Friends of Trees,"Plant and care for urban trees, restore natural areas, and build climate resilience in your community.","Planta y cuida árboles urbanos, restaura áreas naturales y desarrolla resiliencia climática en tu comunidad.",https://friendsoftrees.org/,Sunrise Movement PDX,Train youth to advocate for just and equitable climate solutions.,Capacita a la juventud para que abogue por soluciones climáticas justas y equitativas.,https://www.sunrisemovement.org/hubs/,Senior Advocates for Generational Equity (SAGE),"Mobilize people 50+ to advocate for climate solutions and generational equity through campaigns, volunteer teams, and education.","Moviliza a personas mayores de 50 años para que aboguen por soluciones climáticas y equidad generacional mediante campañas, equipos de voluntariado y educación.",https://www.wearesage.org/
Protect and Restore Nature,Family or Household,Teaching & Mentoring,Helping others learn,Sierra Club,"Lead and support local outings, advocacy, and education to protect people and the planet.","Lidera, apoya y gestiona excursiones locales y educación para proteger a las personas y al planeta.",https://www.sierraclub.org/,Friends of Trees,"Plant and care for urban trees, restore natural areas, and build climate resilience in your community.","Planta y cuida árboles urbanos, restaura áreas naturales y desarrolla resiliencia climática en tu comunidad.",https://friendsoftrees.org/,Sunrise Movement PDX,Train youth to advocate for just and equitable climate solutions.,Capacita a la juventud para que abogue por soluciones climáticas justas y equitativas.,https://www.sunrisemovement.org/hubs/,Senior Advocates for Generational Equity (SAGE),"Mobilize people 50+ to advocate for climate solutions and generational equity through campaigns, volunteer teams, and education.","Moviliza a personas mayores de 50 años para que aboguen por soluciones climáticas y equidad generacional mediante campañas, equipos de voluntariado y educación.",https://www.wearesage.org/
Protect and Restore Nature,Community Group,Teaching & Mentoring,Mentoring,Sierra Club,"Lead and support local outings, advocacy, and education to protect people and the planet.","Lidera, apoya y gestiona excursiones locales y educación para proteger a las personas y al planeta.",https://www.sierraclub.org/,Portland Youth Climate Council,Join a student-led coalition organizing campaigns for urgent local climate solutions.,Únete a una coalición liderada por estudiantes que organiza campañas para encontrar soluciones urgentes al cambio climático a nivel local.,https://pdxclimatecouncil.wixsite.com/youth,Rogue Climate,Organize community campaigns for clean energy and climate justice across Southern Oregon.,Organiza campañas comunitarias a favor de la energía limpia y la justicia climática en el sur de Oregón.,https://rogueclimate.org/,Senior Advocates for Generational Equity (SAGE),"Mobilize people 50+ to advocate for climate solutions and generational equity through campaigns, volunteer teams, and education.","Moviliza a personas mayores de 50 años para que aboguen por soluciones climáticas y equidad generacional mediante campañas, equipos de voluntariado y educación.",https://www.wearesage.org/
Protect and Restore Nature,Community Group,Teaching & Mentoring,Helping others learn,Sierra Club,"Lead and support local outings, advocacy, and education to protect people and the planet.","Lidera, apoya y gestiona excursiones locales y educación para proteger a las personas y al planeta.",https://www.sierraclub.org/,Portland Youth Climate Council,Join a student-led coalition organizing campaigns for urgent local climate solutions.,Únete a una coalición liderada por estudiantes que organiza campañas para encontrar soluciones urgentes al cambio climático a nivel local.,https://pdxclimatecouncil.wixsite.com/youth,Rogue Climate,Organize community campaigns for clean energy and climate justice across Southern Oregon.,Organiza campañas comunitarias a favor de la energía limpia y la justicia climática en el sur de Oregón.,https://rogueclimate.org/,Senior Advocates for Generational Equity (SAGE),"Mobilize people 50+ to advocate for climate solutions and generational equity through campaigns, volunteer teams, and education.","Moviliza a personas mayores de 50 años para que aboguen por soluciones climáticas y equidad generacional mediante campañas, equipos de voluntariado y educación.",https://www.wearesage.org/
Protect and Restore Nature,Faith-Based Group,Teaching & Mentoring,Mentoring,Society of St. Andrew,Volunteer to glean surplus produce from farms and deliver it to hunger relief agencies.,Participa de forma voluntaria para recolectar excedentes de productos agrícolas y entregarlos a organizaciones de ayuda alimentaria .,https://endhunger.org/,Ecumenical Ministries of Oregon (EMO),Advance climate justice and resilience through faith-based networks and Creation Justice programs.,Promueve la justicia climática y la resiliencia a través de redes religiosas y programas de Creation Justice.,https://emoregon.org/creation-justice/,NAYA Family Center,"Support Indigenous-led community building through culture, education, housing, and climate justice initiatives.","Apoya la construcción de comunidades lideradas por indígenas a través de  iniciativas de cultura, educación, vivienda y justicia climática.",https://nayapdx.org/,Senior Advocates for Generational Equity (SAGE),"Mobilize people 50+ to advocate for climate solutions and generational equity through campaigns, volunteer teams, and education.","Moviliza a personas mayores de 50 años para que aboguen por soluciones climáticas y equidad generacional mediante campañas, equipos de voluntariado y educación.",https://www.wearesage.org/
Protect and Restore Nature,Faith-Based Group,Teaching & Mentoring,Helping others learn,Society of St. Andrew,Volunteer to glean surplus produce from farms and deliver it to hunger relief agencies.,Participa de forma voluntaria para recolectar excedentes de productos agrícolas y entregarlos a organizaciones de ayuda alimentaria .,https://endhunger.org/,Ecumenical Ministries of Oregon (EMO),Advance climate justice and resilience through faith-based networks and Creation Justice programs.,Promueve la justicia climática y la resiliencia a través de redes religiosas y programas de Creation Justice.,https://emoregon.org/creation-justice/,NAYA Family Center,"Support Indigenous-led community building through culture, education, housing, and climate justice initiatives.","Apoya la construcción de comunidades lideradas por indígenas a través de  iniciativas de cultura, educación, vivienda y justicia climática.",https://nayapdx.org/,Senior Advocates for Generational Equity (SAGE),"Mobilize people 50+ to advocate for climate solutions and generational equity through campaigns, volunteer teams, and education.","Moviliza a personas mayores de 50 años para que aboguen por soluciones climáticas y equidad generacional mediante campañas, equipos de voluntariado y educación.",https://www.wearesage.org/
Use Clean Energy,Sports or Rec Group,Being Active & Outdoors,Sports,GRID Alternatives,Volunteer on community solar installs and expand clean energy access.,Participa de forma voluntaria en instalaciones solares comunitarias y expande el acceso a la energía limpia.,https://gridalternatives.org/,Community Energy Project,"Help deliver free workshops, in-home energy upgrades, and advocacy that make homes safer, healthier, and more efficient.","Colabora en talleres gratuitos, mejoras energéticas en los hogares y a promover iniciativas que hagan que los hogares sean más seguros, saludables y eficientes.",https://www.communityenergyproject.org/,Deschutes Youth Climate Coalition,"Join youth in Central Oregon organizing for climate justice through education, advocacy, and community action.","Únete a la juventud del centro de Oregón que se organiza por la justicia climática a través de la educación, la promoción y la acción comunitaria.",https://linktr.ee/dycc,YEJA (Youth Environmental Justice Alliance),Organize with youth in Portland to advance environmental and climate justice.,Organízate con jóvenes de Portland para fomentar la justicia ambiental y climática.,https://www.opalpdx.org/yeja/
Use Clean Energy,Sports or Rec Group,Being Active & Outdoors,Exploring Outside,GRID Alternatives,Volunteer on community solar installs and expand clean energy access.,Participa de forma voluntaria en instalaciones solares comunitarias y expande el acceso a la energía limpia.,https://gridalternatives.org/,Community Energy Project,"Help deliver free workshops, in-home energy upgrades, and advocacy that make homes safer, healthier, and more efficient.","Colabora en talleres gratuitos, mejoras energéticas en los hogares y a promover iniciativas que hagan que los hogares sean más seguros, saludables y eficientes.",https://www.communityenergyproject.org/,Deschutes Youth Climate Coalition,"Join youth in Central Oregon organizing for climate justice through education, advocacy, and community action.","Únete a la juventud del centro de Oregón que se organiza por la justicia climática a través de la educación, la promoción y la acción comunitaria.",https://linktr.ee/dycc,YEJA (Youth Environmental Justice Alliance),Organize with youth in Portland to advance environmental and climate justice.,Organízate con jóvenes de Portland para fomentar la justicia ambiental y climática.,https://www.opalpdx.org/yeja/
Use Clean Energy,Arts or Hobbies Group,Being Active & Outdoors,Sports,GRID Alternatives,Volunteer on community solar installs and expand clean energy access.,Participa de forma voluntaria en instalaciones solares comunitarias y expande el acceso a la energía limpia.,https://gridalternatives.org/,Community Energy Project,"Help deliver free workshops, in-home energy upgrades, and advocacy that make homes safer, healthier, and more efficient.","Colabora en talleres gratuitos, mejoras energéticas en los hogares y a promover iniciativas que hagan que los hogares sean más seguros, saludables y eficientes.",https://www.communityenergyproject.org/,Deschutes Youth Climate Coalition,"Join youth in Central Oregon organizing for climate justice through education, advocacy, and community action.","Únete a la juventud del centro de Oregón que se organiza por la justicia climática a través de la educación, la promoción y la acción comunitaria.",https://linktr.ee/dycc,YEJA (Youth Environmental Justice Alliance),Organize with youth in Portland to advance environmental and climate justice.,Organízate con jóvenes de Portland para fomentar la justicia ambiental y climática.,https://www.opalpdx.org/yeja/
Use Clean Energy,Arts or Hobbies Group,Being Active & Outdoors,Exploring Outside,GRID Alternatives,Volunteer on community solar installs and expand clean energy access.,Participa de forma voluntaria en instalaciones solares comunitarias y expande el acceso a la energía limpia.,https://gridalternatives.org/,Community Energy Project,"Help deliver free workshops, in-home energy upgrades, and advocacy that make homes safer, healthier, and more efficient.","Colabora en talleres gratuitos, mejoras energéticas en los hogares y a promover iniciativas que hagan que los hogares sean más seguros, saludables y eficientes.",https://www.communityenergyproject.org/,Deschutes Youth Climate Coalition,"Join youth in Central Oregon organizing for climate justice through education, advocacy, and community action.","Únete a la juventud del centro de Oregón que se organiza por la justicia climática a través de la educación, la promoción y la acción comunitaria.",https://linktr.ee/dycc,YEJA (Youth Environmental Justice Alliance),Organize with youth in Portland to advance environmental and climate justice.,Organízate con jóvenes de Portland para fomentar la justicia ambiental y climática.,https://www.opalpdx.org/yeja/
Use Clean Energy,School or Career Group,Being Active & Outdoors,Sports,GRID Alternatives,Volunteer on community solar installs and expand clean energy access.,Participa de forma voluntaria en instalaciones solares comunitarias y expande el acceso a la energía limpia.,https://gridalternatives.org/,Community Energy Project,"Help deliver free workshops, in-home energy upgrades, and advocacy that make homes safer, healthier, and more efficient.","Colabora en talleres gratuitos, mejoras energéticas en los hogares y a promover iniciativas que hagan que los hogares sean más seguros, saludables y eficientes.",https://www.communityenergyproject.org/,Deschutes Youth Climate Coalition,"Join youth in Central Oregon organizing for climate justice through education, advocacy, and community action.","Únete a la juventud del centro de Oregón que se organiza por la justicia climática a través de la educación, la promoción y la acción comunitaria.",https://linktr.ee/dycc,YEJA (Youth Environmental Justice Alliance),Organize with youth in Portland to advance environmental and climate justice.,Organízate con jóvenes de Portland para fomentar la justicia ambiental y climática.,https://www.opalpdx.org/yeja/
Use Clean Energy,School or Career Group,Being Active & Outdoors,Exploring Outside,GRID Alternatives,Volunteer on community solar installs and expand clean energy access.,Participa de forma voluntaria en instalaciones solares comunitarias y expande el acceso a la energía limpia.,https://gridalternatives.org/,Community Energy Project,"Help deliver free workshops, in-home energy upgrades, and advocacy that make homes safer, healthier, and more efficient.","Colabora en talleres gratuitos, mejoras energéticas en los hogares y a promover iniciativas que hagan que los hogares sean más seguros, saludables y eficientes.",https://www.communityenergyproject.org/,Deschutes Youth Climate Coalition,"Join youth in Central Oregon organizing for climate justice through education, advocacy, and community action.","Únete a la juventud del centro de Oregón que se organiza por la justicia climática a través de la educación, la promoción y la acción comunitaria.",https://linktr.ee/dycc,YEJA (Youth Environmental Justice Alliance),Organize with youth in Portland to advance environmental and climate justice.,Organízate con jóvenes de Portland para fomentar la justicia ambiental y climática.,https://www.opalpdx.org/yeja/
Use Clean Energy,Family or Household,Being Active & Outdoors,Sports,GRID Alternatives,Volunteer on community solar installs and expand clean energy access.,Participa de forma voluntaria en instalaciones solares comunitarias y expande el acceso a la energía limpia.,https://gridalternatives.org/,Community Energy Project,"Help deliver free workshops, in-home energy upgrades, and advocacy that make homes safer, healthier, and more efficient.","Colabora en talleres gratuitos, mejoras energéticas en los hogares y a promover iniciativas que hagan que los hogares sean más seguros, saludables y eficientes.",https://www.communityenergyproject.org/,Deschutes Youth Climate Coalition,"Join youth in Central Oregon organizing for climate justice through education, advocacy, and community action.","Únete a la juventud del centro de Oregón que se organiza por la justicia climática a través de la educación, la promoción y la acción comunitaria.",https://linktr.ee/dycc,YEJA (Youth Environmental Justice Alliance),Organize with youth in Portland to advance environmental and climate justice.,Organízate con jóvenes de Portland para fomentar la justicia ambiental y climática.,https://www.opalpdx.org/yeja/
Use Clean Energy,Family or Household,Being Active & Outdoors,Exploring Outside,GRID Alternatives,Volunteer on community solar installs and expand clean energy access.,Participa de forma voluntaria en instalaciones solares comunitarias y expande el acceso a la energía limpia.,https://gridalternatives.org/,Community Energy Project,"Help deliver free workshops, in-home energy upgrades, and advocacy that make homes safer, healthier, and more efficient.","Colabora en talleres gratuitos, mejoras energéticas en los hogares y a promover iniciativas que hagan que los hogares sean más seguros, saludables y eficientes.",https://www.communityenergyproject.org/,Deschutes Youth Climate Coalition,"Join youth in Central Oregon organizing for climate justice through education, advocacy, and community action.","Únete a la juventud del centro de Oregón que se organiza por la justicia climática a través de la educación, la promoción y la acción comunitaria.",https://linktr.ee/dycc,YEJA (Youth Environmental Justice Alliance),Organize with youth in Portland to advance environmental and climate justice.,Organízate con jóvenes de Portland para fomentar la justicia ambiental y climática.,https://www.opalpdx.org/yeja/
Use Clean Energy,Community Group,Being Active & Outdoors,Sports,GRID Alternatives,Volunteer on community solar installs and expand clean energy access.,Participa de forma voluntaria en instalaciones solares comunitarias y expande el acceso a la energía limpia.,https://gridalternatives.org/,Community Energy Project,"Help deliver free workshops, in-home energy upgrades, and advocacy that make homes safer, healthier, and more efficient.","Colabora en talleres gratuitos, mejoras energéticas en los hogares y a promover iniciativas que hagan que los hogares sean más seguros, saludables y eficientes.",https://www.communityenergyproject.org/,Deschutes Youth Climate Coalition,"Join youth in Central Oregon organizing for climate justice through education, advocacy, and community action.","Únete a la juventud del centro de Oregón que se organiza por la justicia climática a través de la educación, la promoción y la acción comunitaria.",https://linktr.ee/dycc,YEJA (Youth Environmental Justice Alliance),Organize with youth in Portland to advance environmental and climate justice.,Organízate con jóvenes de Portland para fomentar la justicia ambiental y climática.,https://www.opalpdx.org/yeja/
Use Clean Energy,Community Group,Being Active & Outdoors,Exploring Outside,GRID Alternatives,Volunteer on community solar installs and expand clean energy access.,Participa de forma voluntaria en instalaciones solares comunitarias y expande el acceso a la energía limpia.,https://gridalternatives.org/,Community Energy Project,"Help deliver free workshops, in-home energy upgrades, and advocacy that make homes safer, healthier, and more efficient.","Colabora en talleres gratuitos, mejoras energéticas en los hogares y a promover iniciativas que hagan que los hogares sean más seguros, saludables y eficientes.",https://www.communityenergyproject.org/,Deschutes Youth Climate Coalition,"Join youth in Central Oregon organizing for climate justice through education, advocacy, and community action.","Únete a la juventud del centro de Oregón que se organiza por la justicia climática a través de la educación, la promoción y la acción comunitaria.",https://linktr.ee/dycc,YEJA (Youth Environmental Justice Alliance),Organize with youth in Portland to advance environmental and climate justice.,Organízate con jóvenes de Portland para fomentar la justicia ambiental y climática.,https://www.opalpdx.org/yeja/
Use Clean Energy,Faith-Based Group,Being Active & Outdoors,Sports,GreenFaith,Take part in global interfaith campaigns that unite moral leadership with grassroots climate action.,Participa en campañas globales  interreligiosas que unen el liderazgo moral con la acción climática comunitaria.,https://greenfaith.org/,Ecumenical Ministries of Oregon (EMO),Advance climate justice and resilience through faith-based networks and Creation Justice programs.,Promueve la justicia climática y la resiliencia a través de redes religiosas y programas de Creation Justice.,https://emoregon.org/creation-justice/,Deschutes Youth Climate Coalition,"Join youth in Central Oregon organizing for climate justice through education, advocacy, and community action.","Únete a la juventud del centro de Oregón que se organiza por la justicia climática a través de la educación, la promoción y la acción comunitaria.",https://linktr.ee/dycc,YEJA (Youth Environmental Justice Alliance),Organize with youth in Portland to advance environmental and climate justice.,Organízate con jóvenes de Portland para fomentar la justicia ambiental y climática.,https://www.opalpdx.org/yeja/
Use Clean Energy,Faith-Based Group,Being Active & Outdoors,Exploring Outside,GreenFaith,Take part in global interfaith campaigns that unite moral leadership with grassroots climate action.,Participa en campañas globales  interreligiosas que unen el liderazgo moral con la acción climática comunitaria.,https://greenfaith.org/,Ecumenical Ministries of Oregon (EMO),Advance climate justice and resilience through faith-based networks and Creation Justice programs.,Promueve la justicia climática y la resiliencia a través de redes religiosas y programas de Creation Justice.,https://emoregon.org/creation-justice/,Deschutes Youth Climate Coalition,"Join youth in Central Oregon organizing for climate justice through education, advocacy, and community action.","Únete a la juventud del centro de Oregón que se organiza por la justicia climática a través de la educación, la promoción y la acción comunitaria.",https://linktr.ee/dycc,YEJA (Youth Environmental Justice Alliance),Organize with youth in Portland to advance environmental and climate justice.,Organízate con jóvenes de Portland para fomentar la justicia ambiental y climática.,https://www.opalpdx.org/yeja/
Use Clean Energy,Sports or Rec Group,Innovating & Designing,Problem Solving,Engineers for a Sustainable World,Collaborate with student and professional chapters to design and implement sustainability projects in local communities.,Colabora con asociaciones estudiantiles y profesionales para diseñar e implementar proyectos de sostenibilidad en comunidades locales.,https://www.eswglobal.org/,Community Energy Project,"Help deliver free workshops, in-home energy upgrades, and advocacy that make homes safer, healthier, and more efficient.","Colabora en talleres gratuitos, mejoras energéticas en los hogares y a promover iniciativas que hagan que los hogares sean más seguros, saludables y eficientes.",https://www.communityenergyproject.org/,Solar Oregon,"Learn about clean energy and help accelerate solar adoption through tours, workshops, and community education.","Aprende sobre la energía limpia y ayuda a acelerar la adopción de la energía solar a través de visitas guiadas, talleres y educación comunitaria.",https://solaroregon.org,,,,
Use Clean Energy,Sports or Rec Group,Innovating & Designing,Inventing,Engineers for a Sustainable World,Collaborate with student and professional chapters to design and implement sustainability projects in local communities.,Colabora con asociaciones estudiantiles y profesionales para diseñar e implementar proyectos de sostenibilidad en comunidades locales.,https://www.eswglobal.org/,Community Energy Project,"Help deliver free workshops, in-home energy upgrades, and advocacy that make homes safer, healthier, and more efficient.","Colabora en talleres gratuitos, mejoras energéticas en los hogares y a promover iniciativas que hagan que los hogares sean más seguros, saludables y eficientes.",https://www.communityenergyproject.org/,Solar Oregon,"Learn about clean energy and help accelerate solar adoption through tours, workshops, and community education.","Aprende sobre la energía limpia y ayuda a acelerar la adopción de la energía solar a través de visitas guiadas, talleres y educación comunitaria.",https://solaroregon.org,,,,
Use Clean Energy,Arts or Hobbies Group,Innovating & Designing,Problem Solving,Engineers for a Sustainable World,Collaborate with student and professional chapters to design and implement sustainability projects in local communities.,Colabora con asociaciones estudiantiles y profesionales para diseñar e implementar proyectos de sostenibilidad en comunidades locales.,https://www.eswglobal.org/,Community Energy Project,"Help deliver free workshops, in-home energy upgrades, and advocacy that make homes safer, healthier, and more efficient.","Colabora en talleres gratuitos, mejoras energéticas en los hogares y a promover iniciativas que hagan que los hogares sean más seguros, saludables y eficientes.",https://www.communityenergyproject.org/,Solar Oregon,"Learn about clean energy and help accelerate solar adoption through tours, workshops, and community education.","Aprende sobre la energía limpia y ayuda a acelerar la adopción de la energía solar a través de visitas guiadas, talleres y educación comunitaria.",https://solaroregon.org,,,,
Use Clean Energy,Arts or Hobbies Group,Innovating & Designing,Inventing,Engineers for a Sustainable World,Collaborate with student and professional chapters to design and implement sustainability projects in local communities.,Colabora con asociaciones estudiantiles y profesionales para diseñar e implementar proyectos de sostenibilidad en comunidades locales.,https://www.eswglobal.org/,Community Energy Project,"Help deliver free workshops, in-home energy upgrades, and advocacy that make homes safer, healthier, and more efficient.","Colabora en talleres gratuitos, mejoras energéticas en los hogares y a promover iniciativas que hagan que los hogares sean más seguros, saludables y eficientes.",https://www.communityenergyproject.org/,Solar Oregon,"Learn about clean energy and help accelerate solar adoption through tours, workshops, and community education.","Aprende sobre la energía limpia y ayuda a acelerar la adopción de la energía solar a través de visitas guiadas, talleres y educación comunitaria.",https://solaroregon.org,,,,
Use Clean Energy,School or Career Group,Innovating & Designing,Problem Solving,Engineers for a Sustainable World,Collaborate with student and professional chapters to design and implement sustainability projects in local communities.,Colabora con asociaciones estudiantiles y profesionales para diseñar e implementar proyectos de sostenibilidad en comunidades locales.,https://www.eswglobal.org/,Community Energy Project,"Help deliver free workshops, in-home energy upgrades, and advocacy that make homes safer, healthier, and more efficient.","Colabora en talleres gratuitos, mejoras energéticas en los hogares y a promover iniciativas que hagan que los hogares sean más seguros, saludables y eficientes.",https://www.communityenergyproject.org/,Solar Oregon,"Learn about clean energy and help accelerate solar adoption through tours, workshops, and community education.","Aprende sobre la energía limpia y ayuda a acelerar la adopción de la energía solar a través de visitas guiadas, talleres y educación comunitaria.",https://solaroregon.org,Portland Youth Climate Council,Join a student-led coalition organizing campaigns for urgent local climate solutions.,Únete a una coalición liderada por estudiantes que organiza campañas para encontrar soluciones urgentes al cambio climático a nivel local.,https://pdxclimatecouncil.wixsite.com/youth
Use Clean Energy,School or Career Group,Innovating & Designing,Inventing,Engineers for a Sustainable World,Collaborate with student and professional chapters to design and implement sustainability projects in local communities.,Colabora con asociaciones estudiantiles y profesionales para diseñar e implementar proyectos de sostenibilidad en comunidades locales.,https://www.eswglobal.org/,Community Energy Project,"Help deliver free workshops, in-home energy upgrades, and advocacy that make homes safer, healthier, and more efficient.","Colabora en talleres gratuitos, mejoras energéticas en los hogares y a promover iniciativas que hagan que los hogares sean más seguros, saludables y eficientes.",https://www.communityenergyproject.org/,Solar Oregon,"Learn about clean energy and help accelerate solar adoption through tours, workshops, and community education.","Aprende sobre la energía limpia y ayuda a acelerar la adopción de la energía solar a través de visitas guiadas, talleres y educación comunitaria.",https://solaroregon.org,Portland Youth Climate Council,Join a student-led coalition organizing campaigns for urgent local climate solutions.,Únete a una coalición liderada por estudiantes que organiza campañas para encontrar soluciones urgentes al cambio climático a nivel local.,https://pdxclimatecouncil.wixsite.com/youth
Use Clean Energy,Family or Household,Innovating & Designing,Problem Solving,Engineers for a Sustainable World,Collaborate with student and professional chapters to design and implement sustainability projects in local communities.,Colabora con asociaciones estudiantiles y profesionales para diseñar e implementar proyectos de sostenibilidad en comunidades locales.,https://www.eswglobal.org/,Community Energy Project,"Help deliver free workshops, in-home energy upgrades, and advocacy that make homes safer, healthier, and more efficient.","Colabora en talleres gratuitos, mejoras energéticas en los hogares y a promover iniciativas que hagan que los hogares sean más seguros, saludables y eficientes.",https://www.communityenergyproject.org/,Solar Oregon,"Learn about clean energy and help accelerate solar adoption through tours, workshops, and community education.","Aprende sobre la energía limpia y ayuda a acelerar la adopción de la energía solar a través de visitas guiadas, talleres y educación comunitaria.",https://solaroregon.org,Portland Youth Climate Council,Join a student-led coalition organizing campaigns for urgent local climate solutions.,Únete a una coalición liderada por estudiantes que organiza campañas para encontrar soluciones urgentes al cambio climático a nivel local.,https://pdxclimatecouncil.wixsite.com/youth
Use Clean Energy,Family or Household,Innovating & Designing,Inventing,Engineers for a Sustainable World,Collaborate with student and professional chapters to design and implement sustainability projects in local communities.,Colabora con asociaciones estudiantiles y profesionales para diseñar e implementar proyectos de sostenibilidad en comunidades locales.,https://www.eswglobal.org/,Community Energy Project,"Help deliver free workshops, in-home energy upgrades, and advocacy that make homes safer, healthier, and more efficient.","Colabora en talleres gratuitos, mejoras energéticas en los hogares y a promover iniciativas que hagan que los hogares sean más seguros, saludables y eficientes.",https://www.communityenergyproject.org/,Solar Oregon,"Learn about clean energy and help accelerate solar adoption through tours, workshops, and community education.","Aprende sobre la energía limpia y ayuda a acelerar la adopción de la energía solar a través de visitas guiadas, talleres y educación comunitaria.",https://solaroregon.org,Portland Youth Climate Council,Join a student-led coalition organizing campaigns for urgent local climate solutions.,Únete a una coalición liderada por estudiantes que organiza campañas para encontrar soluciones urgentes al cambio climático a nivel local.,https://pdxclimatecouncil.wixsite.com/youth
Use Clean Energy,Community Group,Innovating & Designing,Problem Solving,Engineers for a Sustainable World,Collaborate with student and professional chapters to design and implement sustainability projects in local communities.,Colabora con asociaciones estudiantiles y profesionales para diseñar e implementar proyectos de sostenibilidad en comunidades locales.,https://www.eswglobal.org/,Community Energy Project,"Help deliver free workshops, in-home energy upgrades, and advocacy that make homes safer, healthier, and more efficient.","Colabora en talleres gratuitos, mejoras energéticas en los hogares y a promover iniciativas que hagan que los hogares sean más seguros, saludables y eficientes.",https://www.communityenergyproject.org/,Solar Oregon,"Learn about clean energy and help accelerate solar adoption through tours, workshops, and community education.","Aprende sobre la energía limpia y ayuda a acelerar la adopción de la energía solar a través de visitas guiadas, talleres y educación comunitaria.",https://solaroregon.org,,,,
Use Clean Energy,Community Group,Innovating & Designing,Inventing,Engineers for a Sustainable World,Collaborate with student and professional chapters to design and implement sustainability projects in local communities.,Colabora con asociaciones estudiantiles y profesionales para diseñar e implementar proyectos de sostenibilidad en comunidades locales.,https://www.eswglobal.org/,Community Energy Project,"Help deliver free workshops, in-home energy upgrades, and advocacy that make homes safer, healthier, and more efficient.","Colabora en talleres gratuitos, mejoras energéticas en los hogares y a promover iniciativas que hagan que los hogares sean más seguros, saludables y eficientes.",https://www.communityenergyproject.org/,Solar Oregon,"Learn about clean energy and help accelerate solar adoption through tours, workshops, and community education.","Aprende sobre la energía limpia y ayuda a acelerar la adopción de la energía solar a través de visitas guiadas, talleres y educación comunitaria.",https://solaroregon.org,,,,
Use Clean Energy,Faith-Based Group,Innovating & Designing,Problem Solving,GreenFaith,Take part in global interfaith campaigns that unite moral leadership with grassroots climate action.,Participa en campañas globales  interreligiosas que unen el liderazgo moral con la acción climática comunitaria.,https://greenfaith.org/,Ecumenical Ministries of Oregon (EMO),Advance climate justice and resilience through faith-based networks and Creation Justice programs.,Promueve la justicia climática y la resiliencia a través de redes religiosas y programas de Creation Justice.,https://emoregon.org/creation-justice/,Solar Oregon,"Learn about clean energy and help accelerate solar adoption through tours, workshops, and community education.","Aprende sobre la energía limpia y ayuda a acelerar la adopción de la energía solar a través de visitas guiadas, talleres y educación comunitaria.",https://solaroregon.org,,,,
Use Clean Energy,Faith-Based Group,Innovating & Designing,Inventing,GreenFaith,Take part in global interfaith campaigns that unite moral leadership with grassroots climate action.,Participa en campañas globales  interreligiosas que unen el liderazgo moral con la acción climática comunitaria.,https://greenfaith.org/,Ecumenical Ministries of Oregon (EMO),Advance climate justice and resilience through faith-based networks and Creation Justice programs.,Promueve la justicia climática y la resiliencia a través de redes religiosas y programas de Creation Justice.,https://emoregon.org/creation-justice/,Solar Oregon,"Learn about clean energy and help accelerate solar adoption through tours, workshops, and community education.","Aprende sobre la energía limpia y ayuda a acelerar la adopción de la energía solar a través de visitas guiadas, talleres y educación comunitaria.",https://solaroregon.org,,,,
Use Clean Energy,Sports or Rec Group,Organizing & Leading,Bringing people together,Fossil Fuel Non-Proliferation Treaty Initiative,Support a global campaign to phase out fossil fuels and accelerate a just energy transition.,Apoya una campaña global para eliminar gradualmente los combustibles fósiles y acelerar una transición energética justa.,https://fossilfueltreaty.org/,Community Energy Project,"Help deliver free workshops, in-home energy upgrades, and advocacy that make homes safer, healthier, and more efficient.","Colabora en talleres gratuitos, mejoras energéticas en los hogares y a promover iniciativas que hagan que los hogares sean más seguros, saludables y eficientes.",https://www.communityenergyproject.org/,Next Up,Empower young Oregonians to engage in democracy and advocate for progressive climate and social justice policies.,Empodera a la juventud de Oregón para que participen en la democracia y aboguen por políticas progresistas de justicia social y climática.,https://nextuporegon.org/,Deschutes Youth Climate Coalition,"Join youth in Central Oregon organizing for climate justice through education, advocacy, and community action.","Únete a la juventud del centro de Oregón que se organiza por la justicia climática a través de la educación, la promoción y la acción comunitaria.",https://linktr.ee/dycc
Use Clean Energy,Sports or Rec Group,Organizing & Leading,Talking to people,Fossil Fuel Non-Proliferation Treaty Initiative,Support a global campaign to phase out fossil fuels and accelerate a just energy transition.,Apoya una campaña global para eliminar gradualmente los combustibles fósiles y acelerar una transición energética justa.,https://fossilfueltreaty.org/,Community Energy Project,"Help deliver free workshops, in-home energy upgrades, and advocacy that make homes safer, healthier, and more efficient.","Colabora en talleres gratuitos, mejoras energéticas en los hogares y a promover iniciativas que hagan que los hogares sean más seguros, saludables y eficientes.",https://www.communityenergyproject.org/,Next Up,Empower young Oregonians to engage in democracy and advocate for progressive climate and social justice policies.,Empodera a la juventud de Oregón para que participen en la democracia y aboguen por políticas progresistas de justicia social y climática.,https://nextuporegon.org/,Deschutes Youth Climate Coalition,"Join youth in Central Oregon organizing for climate justice through education, advocacy, and community action.","Únete a la juventud del centro de Oregón que se organiza por la justicia climática a través de la educación, la promoción y la acción comunitaria.",https://linktr.ee/dycc
Use Clean Energy,Arts or Hobbies Group,Organizing & Leading,Bringing people together,Fossil Fuel Non-Proliferation Treaty Initiative,Support a global campaign to phase out fossil fuels and accelerate a just energy transition.,Apoya una campaña global para eliminar gradualmente los combustibles fósiles y acelerar una transición energética justa.,https://fossilfueltreaty.org/,Community Energy Project,"Help deliver free workshops, in-home energy upgrades, and advocacy that make homes safer, healthier, and more efficient.","Colabora en talleres gratuitos, mejoras energéticas en los hogares y a promover iniciativas que hagan que los hogares sean más seguros, saludables y eficientes.",https://www.communityenergyproject.org/,Next Up,Empower young Oregonians to engage in democracy and advocate for progressive climate and social justice policies.,Empodera a la juventud de Oregón para que participen en la democracia y aboguen por políticas progresistas de justicia social y climática.,https://nextuporegon.org/,Deschutes Youth Climate Coalition,"Join youth in Central Oregon organizing for climate justice through education, advocacy, and community action.","Únete a la juventud del centro de Oregón que se organiza por la justicia climática a través de la educación, la promoción y la acción comunitaria.",https://linktr.ee/dycc
Use Clean Energy,Arts or Hobbies Group,Organizing & Leading,Talking to people,Fossil Fuel Non-Proliferation Treaty Initiative,Support a global campaign to phase out fossil fuels and accelerate a just energy transition.,Apoya una campaña global para eliminar gradualmente los combustibles fósiles y acelerar una transición energética justa.,https://fossilfueltreaty.org/,Community Energy Project,"Help deliver free workshops, in-home energy upgrades, and advocacy that make homes safer, healthier, and more efficient.","Colabora en talleres gratuitos, mejoras energéticas en los hogares y a promover iniciativas que hagan que los hogares sean más seguros, saludables y eficientes.",https://www.communityenergyproject.org/,Next Up,Empower young Oregonians to engage in democracy and advocate for progressive climate and social justice policies.,Empodera a la juventud de Oregón para que participen en la democracia y aboguen por políticas progresistas de justicia social y climática.,https://nextuporegon.org/,Deschutes Youth Climate Coalition,"Join youth in Central Oregon organizing for climate justice through education, advocacy, and community action.","Únete a la juventud del centro de Oregón que se organiza por la justicia climática a través de la educación, la promoción y la acción comunitaria.",https://linktr.ee/dycc
Use Clean Energy,School or Career Group,Organizing & Leading,Bringing people together,Fossil Fuel Non-Proliferation Treaty Initiative,Support a global campaign to phase out fossil fuels and accelerate a just energy transition.,Apoya una campaña global para eliminar gradualmente los combustibles fósiles y acelerar una transición energética justa.,https://fossilfueltreaty.org/,Rogue Climate,Organize community campaigns for clean energy and climate justice across Southern Oregon.,Organiza campañas comunitarias a favor de la energía limpia y la justicia climática en el sur de Oregón.,https://rogueclimate.org/,Next Up,Empower young Oregonians to engage in democracy and advocate for progressive climate and social justice policies.,Empodera a la juventud de Oregón para que participen en la democracia y aboguen por políticas progresistas de justicia social y climática.,https://nextuporegon.org/,Deschutes Youth Climate Coalition,"Join youth in Central Oregon organizing for climate justice through education, advocacy, and community action.","Únete a la juventud del centro de Oregón que se organiza por la justicia climática a través de la educación, la promoción y la acción comunitaria.",https://linktr.ee/dycc
Use Clean Energy,School or Career Group,Organizing & Leading,Talking to people,Fossil Fuel Non-Proliferation Treaty Initiative,Support a global campaign to phase out fossil fuels and accelerate a just energy transition.,Apoya una campaña global para eliminar gradualmente los combustibles fósiles y acelerar una transición energética justa.,https://fossilfueltreaty.org/,Rogue Climate,Organize community campaigns for clean energy and climate justice across Southern Oregon.,Organiza campañas comunitarias a favor de la energía limpia y la justicia climática en el sur de Oregón.,https://rogueclimate.org/,Next Up,Empower young Oregonians to engage in democracy and advocate for progressive climate and social justice policies.,Empodera a la juventud de Oregón para que participen en la democracia y aboguen por políticas progresistas de justicia social y climática.,https://nextuporegon.org/,Deschutes Youth Climate Coalition,"Join youth in Central Oregon organizing for climate justice through education, advocacy, and community action.","Únete a la juventud del centro de Oregón que se organiza por la justicia climática a través de la educación, la promoción y la acción comunitaria.",https://linktr.ee/dycc
Use Clean Energy,Family or Household,Organizing & Leading,Bringing people together,Fossil Fuel Non-Proliferation Treaty Initiative,Support a global campaign to phase out fossil fuels and accelerate a just energy transition.,Apoya una campaña global para eliminar gradualmente los combustibles fósiles y acelerar una transición energética justa.,https://fossilfueltreaty.org/,Community Energy Project,"Help deliver free workshops, in-home energy upgrades, and advocacy that make homes safer, healthier, and more efficient.","Colabora en talleres gratuitos, mejoras energéticas en los hogares y a promover iniciativas que hagan que los hogares sean más seguros, saludables y eficientes.",https://www.communityenergyproject.org/,Next Up,Empower young Oregonians to engage in democracy and advocate for progressive climate and social justice policies.,Empodera a la juventud de Oregón para que participen en la democracia y aboguen por políticas progresistas de justicia social y climática.,https://nextuporegon.org/,Deschutes Youth Climate Coalition,"Join youth in Central Oregon organizing for climate justice through education, advocacy, and community action.","Únete a la juventud del centro de Oregón que se organiza por la justicia climática a través de la educación, la promoción y la acción comunitaria.",https://linktr.ee/dycc
Use Clean Energy,Family or Household,Organizing & Leading,Talking to people,Fossil Fuel Non-Proliferation Treaty Initiative,Support a global campaign to phase out fossil fuels and accelerate a just energy transition.,Apoya una campaña global para eliminar gradualmente los combustibles fósiles y acelerar una transición energética justa.,https://fossilfueltreaty.org/,Community Energy Project,"Help deliver free workshops, in-home energy upgrades, and advocacy that make homes safer, healthier, and more efficient.","Colabora en talleres gratuitos, mejoras energéticas en los hogares y a promover iniciativas que hagan que los hogares sean más seguros, saludables y eficientes.",https://www.communityenergyproject.org/,Next Up,Empower young Oregonians to engage in democracy and advocate for progressive climate and social justice policies.,Empodera a la juventud de Oregón para que participen en la democracia y aboguen por políticas progresistas de justicia social y climática.,https://nextuporegon.org/,Deschutes Youth Climate Coalition,"Join youth in Central Oregon organizing for climate justice through education, advocacy, and community action.","Únete a la juventud del centro de Oregón que se organiza por la justicia climática a través de la educación, la promoción y la acción comunitaria.",https://linktr.ee/dycc
Use Clean Energy,Community Group,Organizing & Leading,Bringing people together,Fossil Fuel Non-Proliferation Treaty Initiative,Support a global campaign to phase out fossil fuels and accelerate a just energy transition.,Apoya una campaña global para eliminar gradualmente los combustibles fósiles y acelerar una transición energética justa.,https://fossilfueltreaty.org/,Community Energy Project,"Help deliver free workshops, in-home energy upgrades, and advocacy that make homes safer, healthier, and more efficient.","Colabora en talleres gratuitos, mejoras energéticas en los hogares y a promover iniciativas que hagan que los hogares sean más seguros, saludables y eficientes.",https://www.communityenergyproject.org/,Next Up,Empower young Oregonians to engage in democracy and advocate for progressive climate and social justice policies.,Empodera a la juventud de Oregón para que participen en la democracia y aboguen por políticas progresistas de justicia social y climática.,https://nextuporegon.org/,Deschutes Youth Climate Coalition,"Join youth in Central Oregon organizing for climate justice through education, advocacy, and community action.","Únete a la juventud del centro de Oregón que se organiza por la justicia climática a través de la educación, la promoción y la acción comunitaria.",https://linktr.ee/dycc
Use Clean Energy,Community Group,Organizing & Leading,Talking to people,Fossil Fuel Non-Proliferation Treaty Initiative,Support a global campaign to phase out fossil fuels and accelerate a just energy transition.,Apoya una campaña global para eliminar gradualmente los combustibles fósiles y acelerar una transición energética justa.,https://fossilfueltreaty.org/,Community Energy Project,"Help deliver free workshops, in-home energy upgrades, and advocacy that make homes safer, healthier, and more efficient.","Colabora en talleres gratuitos, mejoras energéticas en los hogares y a promover iniciativas que hagan que los hogares sean más seguros, saludables y eficientes.",https://www.communityenergyproject.org/,Next Up,Empower young Oregonians to engage in democracy and advocate for progressive climate and social justice policies.,Empodera a la juventud de Oregón para que participen en la democracia y aboguen por políticas progresistas de justicia social y climática.,https://nextuporegon.org/,Deschutes Youth Climate Coalition,"Join youth in Central Oregon organizing for climate justice through education, advocacy, and community action.","Únete a la juventud del centro de Oregón que se organiza por la justicia climática a través de la educación, la promoción y la acción comunitaria.",https://linktr.ee/dycc
Use Clean Energy,Faith-Based Group,Organizing & Leading,Bringing people together,GreenFaith,Take part in global interfaith campaigns that unite moral leadership with grassroots climate action.,Participa en campañas globales  interreligiosas que unen el liderazgo moral con la acción climática comunitaria.,https://greenfaith.org/,Ecumenical Ministries of Oregon (EMO),Advance climate justice and resilience through faith-based networks and Creation Justice programs.,Promueve la justicia climática y la resiliencia a través de redes religiosas y programas de Creation Justice.,https://emoregon.org/creation-justice/,Senior Advocates for Generational Equity (SAGE),"Mobilize people 50+ to advocate for climate solutions and generational equity through campaigns, volunteer teams, and education.","Moviliza a personas mayores de 50 años para que aboguen por soluciones climáticas y equidad generacional mediante campañas, equipos de voluntariado y educación.",https://www.wearesage.org/,Deschutes Youth Climate Coalition,"Join youth in Central Oregon organizing for climate justice through education, advocacy, and community action.","Únete a la juventud del centro de Oregón que se organiza por la justicia climática a través de la educación, la promoción y la acción comunitaria.",https://linktr.ee/dycc
Use Clean Energy,Faith-Based Group,Organizing & Leading,Talking to people,GreenFaith,Take part in global interfaith campaigns that unite moral leadership with grassroots climate action.,Participa en campañas globales  interreligiosas que unen el liderazgo moral con la acción climática comunitaria.,https://greenfaith.org/,Ecumenical Ministries of Oregon (EMO),Advance climate justice and resilience through faith-based networks and Creation Justice programs.,Promueve la justicia climática y la resiliencia a través de redes religiosas y programas de Creation Justice.,https://emoregon.org/creation-justice/,Senior Advocates for Generational Equity (SAGE),"Mobilize people 50+ to advocate for climate solutions and generational equity through campaigns, volunteer teams, and education.","Moviliza a personas mayores de 50 años para que aboguen por soluciones climáticas y equidad generacional mediante campañas, equipos de voluntariado y educación.",https://www.wearesage.org/,Deschutes Youth Climate Coalition,"Join youth in Central Oregon organizing for climate justice through education, advocacy, and community action.","Únete a la juventud del centro de Oregón que se organiza por la justicia climática a través de la educación, la promoción y la acción comunitaria.",https://linktr.ee/dycc
Use Clean Energy,Sports or Rec Group,Performing & Creating Art,Art,350,"Join a global grassroots movement for bold climate action through advocacy, creative campaigns, and community education.","Únete a un movimiento global de base para llevar a cabo acciones climáticas audaces a través del apoyo, campañas creativas y educación comunitaria.",https://350.org/,Community Energy Project,"Help deliver free workshops, in-home energy upgrades, and advocacy that make homes safer, healthier, and more efficient.","Colabora en talleres gratuitos, mejoras energéticas en los hogares y a promover iniciativas que hagan que los hogares sean más seguros, saludables y eficientes.",https://www.communityenergyproject.org/,Making Earth Cool,"Create science-based, funny, and creative content and participate in events to inspire climate stewardship.",Crea contenido científico divertido y creativo y participa en eventos para inspirar la administración climática.,https://makingearthcool.com/,Our Future,"Support youth leaders across Oregon organizing for equity, climate justice, and inclusive climate action.","Apoya a líderes juveniles de Oregón que se organizan por la equidad, la justicia climática y la acción climática inclusiva.",https://www.ourfutureoregon.org/
Use Clean Energy,Sports or Rec Group,Performing & Creating Art,Creativity,350,"Join a global grassroots movement for bold climate action through advocacy, creative campaigns, and community education.","Únete a un movimiento global de base para llevar a cabo acciones climáticas audaces a través del apoyo, campañas creativas y educación comunitaria.",https://350.org/,Community Energy Project,"Help deliver free workshops, in-home energy upgrades, and advocacy that make homes safer, healthier, and more efficient.","Colabora en talleres gratuitos, mejoras energéticas en los hogares y a promover iniciativas que hagan que los hogares sean más seguros, saludables y eficientes.",https://www.communityenergyproject.org/,Making Earth Cool,"Create science-based, funny, and creative content and participate in events to inspire climate stewardship.",Crea contenido científico divertido y creativo y participa en eventos para inspirar la administración climática.,https://makingearthcool.com/,Our Future,"Support youth leaders across Oregon organizing for equity, climate justice, and inclusive climate action.","Apoya a líderes juveniles de Oregón que se organizan por la equidad, la justicia climática y la acción climática inclusiva.",https://www.ourfutureoregon.org/
Use Clean Energy,Arts or Hobbies Group,Performing & Creating Art,Art,350,"Join a global grassroots movement for bold climate action through advocacy, creative campaigns, and community education.","Únete a un movimiento global de base para llevar a cabo acciones climáticas audaces a través del apoyo, campañas creativas y educación comunitaria.",https://350.org/,Community Energy Project,"Help deliver free workshops, in-home energy upgrades, and advocacy that make homes safer, healthier, and more efficient.","Colabora en talleres gratuitos, mejoras energéticas en los hogares y a promover iniciativas que hagan que los hogares sean más seguros, saludables y eficientes.",https://www.communityenergyproject.org/,Making Earth Cool,"Create science-based, funny, and creative content and participate in events to inspire climate stewardship.",Crea contenido científico divertido y creativo y participa en eventos para inspirar la administración climática.,https://makingearthcool.com/,Our Future,"Support youth leaders across Oregon organizing for equity, climate justice, and inclusive climate action.","Apoya a líderes juveniles de Oregón que se organizan por la equidad, la justicia climática y la acción climática inclusiva.",https://www.ourfutureoregon.org/
Use Clean Energy,Arts or Hobbies Group,Performing & Creating Art,Creativity,350,"Join a global grassroots movement for bold climate action through advocacy, creative campaigns, and community education.","Únete a un movimiento global de base para llevar a cabo acciones climáticas audaces a través del apoyo, campañas creativas y educación comunitaria.",https://350.org/,Community Energy Project,"Help deliver free workshops, in-home energy upgrades, and advocacy that make homes safer, healthier, and more efficient.","Colabora en talleres gratuitos, mejoras energéticas en los hogares y a promover iniciativas que hagan que los hogares sean más seguros, saludables y eficientes.",https://www.communityenergyproject.org/,Making Earth Cool,"Create science-based, funny, and creative content and participate in events to inspire climate stewardship.",Crea contenido científico divertido y creativo y participa en eventos para inspirar la administración climática.,https://makingearthcool.com/,Our Future,"Support youth leaders across Oregon organizing for equity, climate justice, and inclusive climate action.","Apoya a líderes juveniles de Oregón que se organizan por la equidad, la justicia climática y la acción climática inclusiva.",https://www.ourfutureoregon.org/
Use Clean Energy,School or Career Group,Performing & Creating Art,Art,350,"Join a global grassroots movement for bold climate action through advocacy, creative campaigns, and community education.","Únete a un movimiento global de base para llevar a cabo acciones climáticas audaces a través del apoyo, campañas creativas y educación comunitaria.",https://350.org/,Community Energy Project,"Help deliver free workshops, in-home energy upgrades, and advocacy that make homes safer, healthier, and more efficient.","Colabora en talleres gratuitos, mejoras energéticas en los hogares y a promover iniciativas que hagan que los hogares sean más seguros, saludables y eficientes.",https://www.communityenergyproject.org/,Making Earth Cool,"Create science-based, funny, and creative content and participate in events to inspire climate stewardship.",Crea contenido científico divertido y creativo y participa en eventos para inspirar la administración climática.,https://makingearthcool.com/,Rogue Climate,Organize community campaigns for clean energy and climate justice across Southern Oregon.,Organiza campañas comunitarias a favor de la energía limpia y la justicia climática en el sur de Oregón.,https://rogueclimate.org/
Use Clean Energy,School or Career Group,Performing & Creating Art,Creativity,350,"Join a global grassroots movement for bold climate action through advocacy, creative campaigns, and community education.","Únete a un movimiento global de base para llevar a cabo acciones climáticas audaces a través del apoyo, campañas creativas y educación comunitaria.",https://350.org/,Community Energy Project,"Help deliver free workshops, in-home energy upgrades, and advocacy that make homes safer, healthier, and more efficient.","Colabora en talleres gratuitos, mejoras energéticas en los hogares y a promover iniciativas que hagan que los hogares sean más seguros, saludables y eficientes.",https://www.communityenergyproject.org/,Making Earth Cool,"Create science-based, funny, and creative content and participate in events to inspire climate stewardship.",Crea contenido científico divertido y creativo y participa en eventos para inspirar la administración climática.,https://makingearthcool.com/,Rogue Climate,Organize community campaigns for clean energy and climate justice across Southern Oregon.,Organiza campañas comunitarias a favor de la energía limpia y la justicia climática en el sur de Oregón.,https://rogueclimate.org/
Use Clean Energy,Family or Household,Performing & Creating Art,Art,350,"Join a global grassroots movement for bold climate action through advocacy, creative campaigns, and community education.","Únete a un movimiento global de base para llevar a cabo acciones climáticas audaces a través del apoyo, campañas creativas y educación comunitaria.",https://350.org/,Community Energy Project,"Help deliver free workshops, in-home energy upgrades, and advocacy that make homes safer, healthier, and more efficient.","Colabora en talleres gratuitos, mejoras energéticas en los hogares y a promover iniciativas que hagan que los hogares sean más seguros, saludables y eficientes.",https://www.communityenergyproject.org/,Making Earth Cool,"Create science-based, funny, and creative content and participate in events to inspire climate stewardship.",Crea contenido científico divertido y creativo y participa en eventos para inspirar la administración climática.,https://makingearthcool.com/,Solar Oregon,"Learn about clean energy and help accelerate solar adoption through tours, workshops, and community education.","Aprende sobre la energía limpia y ayuda a acelerar la adopción de la energía solar a través de visitas guiadas, talleres y educación comunitaria.",https://solaroregon.org
Use Clean Energy,Family or Household,Performing & Creating Art,Creativity,350,"Join a global grassroots movement for bold climate action through advocacy, creative campaigns, and community education.","Únete a un movimiento global de base para llevar a cabo acciones climáticas audaces a través del apoyo, campañas creativas y educación comunitaria.",https://350.org/,Community Energy Project,"Help deliver free workshops, in-home energy upgrades, and advocacy that make homes safer, healthier, and more efficient.","Colabora en talleres gratuitos, mejoras energéticas en los hogares y a promover iniciativas que hagan que los hogares sean más seguros, saludables y eficientes.",https://www.communityenergyproject.org/,Making Earth Cool,"Create science-based, funny, and creative content and participate in events to inspire climate stewardship.",Crea contenido científico divertido y creativo y participa en eventos para inspirar la administración climática.,https://makingearthcool.com/,Solar Oregon,"Learn about clean energy and help accelerate solar adoption through tours, workshops, and community education.","Aprende sobre la energía limpia y ayuda a acelerar la adopción de la energía solar a través de visitas guiadas, talleres y educación comunitaria.",https://solaroregon.org
Use Clean Energy,Community Group,Performing & Creating Art,Art,350,"Join a global grassroots movement for bold climate action through advocacy, creative campaigns, and community education.","Únete a un movimiento global de base para llevar a cabo acciones climáticas audaces a través del apoyo, campañas creativas y educación comunitaria.",https://350.org/,Community Energy Project,"Help deliver free workshops, in-home energy upgrades, and advocacy that make homes safer, healthier, and more efficient.","Colabora en talleres gratuitos, mejoras energéticas en los hogares y a promover iniciativas que hagan que los hogares sean más seguros, saludables y eficientes.",https://www.communityenergyproject.org/,Making Earth Cool,"Create science-based, funny, and creative content and participate in events to inspire climate stewardship.",Crea contenido científico divertido y creativo y participa en eventos para inspirar la administración climática.,https://makingearthcool.com/,Solar Oregon,"Learn about clean energy and help accelerate solar adoption through tours, workshops, and community education.","Aprende sobre la energía limpia y ayuda a acelerar la adopción de la energía solar a través de visitas guiadas, talleres y educación comunitaria.",https://solaroregon.org
Use Clean Energy,Community Group,Performing & Creating Art,Creativity,350,"Join a global grassroots movement for bold climate action through advocacy, creative campaigns, and community education.","Únete a un movimiento global de base para llevar a cabo acciones climáticas audaces a través del apoyo, campañas creativas y educación comunitaria.",https://350.org/,Community Energy Project,"Help deliver free workshops, in-home energy upgrades, and advocacy that make homes safer, healthier, and more efficient.","Colabora en talleres gratuitos, mejoras energéticas en los hogares y a promover iniciativas que hagan que los hogares sean más seguros, saludables y eficientes.",https://www.communityenergyproject.org/,Making Earth Cool,"Create science-based, funny, and creative content and participate in events to inspire climate stewardship.",Crea contenido científico divertido y creativo y participa en eventos para inspirar la administración climática.,https://makingearthcool.com/,Solar Oregon,"Learn about clean energy and help accelerate solar adoption through tours, workshops, and community education.","Aprende sobre la energía limpia y ayuda a acelerar la adopción de la energía solar a través de visitas guiadas, talleres y educación comunitaria.",https://solaroregon.org
Use Clean Energy,Faith-Based Group,Performing & Creating Art,Art,GreenFaith,Take part in global interfaith campaigns that unite moral leadership with grassroots climate action.,Participa en campañas globales  interreligiosas que unen el liderazgo moral con la acción climática comunitaria.,https://greenfaith.org/,Ecumenical Ministries of Oregon (EMO),Advance climate justice and resilience through faith-based networks and Creation Justice programs.,Promueve la justicia climática y la resiliencia a través de redes religiosas y programas de Creation Justice.,https://emoregon.org/creation-justice/,Making Earth Cool,"Create science-based, funny, and creative content and participate in events to inspire climate stewardship.",Crea contenido científico divertido y creativo y participa en eventos para inspirar la administración climática.,https://makingearthcool.com/,Our Future,"Support youth leaders across Oregon organizing for equity, climate justice, and inclusive climate action.","Apoya a líderes juveniles de Oregón que se organizan por la equidad, la justicia climática y la acción climática inclusiva.",https://www.ourfutureoregon.org/
Use Clean Energy,Faith-Based Group,Performing & Creating Art,Creativity,GreenFaith,Take part in global interfaith campaigns that unite moral leadership with grassroots climate action.,Participa en campañas globales  interreligiosas que unen el liderazgo moral con la acción climática comunitaria.,https://greenfaith.org/,Ecumenical Ministries of Oregon (EMO),Advance climate justice and resilience through faith-based networks and Creation Justice programs.,Promueve la justicia climática y la resiliencia a través de redes religiosas y programas de Creation Justice.,https://emoregon.org/creation-justice/,Making Earth Cool,"Create science-based, funny, and creative content and participate in events to inspire climate stewardship.",Crea contenido científico divertido y creativo y participa en eventos para inspirar la administración climática.,https://makingearthcool.com/,Our Future,"Support youth leaders across Oregon organizing for equity, climate justice, and inclusive climate action.","Apoya a líderes juveniles de Oregón que se organizan por la equidad, la justicia climática y la acción climática inclusiva.",https://www.ourfutureoregon.org/
Use Clean Energy,Sports or Rec Group,Researching & Learning,Reading,Project Drawdown,Explore the Drawdown Solutions Library and learn from leading research on proven ways to cut emissions and speed climate solutions.,Explora la Drawdown Solutions Library y aprende de las investigaciones importantes sobre formas comprobadas de reducir las emisiones y acelerar las soluciones climáticas.,https://drawdown.org/,Community Energy Project,"Help deliver free workshops, in-home energy upgrades, and advocacy that make homes safer, healthier, and more efficient.","Colabora en talleres gratuitos, mejoras energéticas en los hogares y a promover iniciativas que hagan que los hogares sean más seguros, saludables y eficientes.",https://www.communityenergyproject.org/,Rogue Climate,Organize community campaigns for clean energy and climate justice across Southern Oregon.,Organiza campañas comunitarias a favor de la energía limpia y la justicia climática en el sur de Oregón.,https://rogueclimate.org/,PSU Center for Public Interest Design,"Apply design solutions to support sustainable, equitable communities.",Aplica soluciones de diseño para apoyar comunidades sostenibles y equitativas.,https://www.pdx.edu/public-interest-design/
Use Clean Energy,Sports or Rec Group,Researching & Learning,Exploring New Topics,Project Drawdown,Explore the Drawdown Solutions Library and learn from leading research on proven ways to cut emissions and speed climate solutions.,Explora la Drawdown Solutions Library y aprende de las investigaciones importantes sobre formas comprobadas de reducir las emisiones y acelerar las soluciones climáticas.,https://drawdown.org/,Community Energy Project,"Help deliver free workshops, in-home energy upgrades, and advocacy that make homes safer, healthier, and more efficient.","Colabora en talleres gratuitos, mejoras energéticas en los hogares y a promover iniciativas que hagan que los hogares sean más seguros, saludables y eficientes.",https://www.communityenergyproject.org/,Rogue Climate,Organize community campaigns for clean energy and climate justice across Southern Oregon.,Organiza campañas comunitarias a favor de la energía limpia y la justicia climática en el sur de Oregón.,https://rogueclimate.org/,PSU Center for Public Interest Design,"Apply design solutions to support sustainable, equitable communities.",Aplica soluciones de diseño para apoyar comunidades sostenibles y equitativas.,https://www.pdx.edu/public-interest-design/
Use Clean Energy,Arts or Hobbies Group,Researching & Learning,Reading,Project Drawdown,Explore the Drawdown Solutions Library and learn from leading research on proven ways to cut emissions and speed climate solutions.,Explora la Drawdown Solutions Library y aprende de las investigaciones importantes sobre formas comprobadas de reducir las emisiones y acelerar las soluciones climáticas.,https://drawdown.org/,Community Energy Project,"Help deliver free workshops, in-home energy upgrades, and advocacy that make homes safer, healthier, and more efficient.","Colabora en talleres gratuitos, mejoras energéticas en los hogares y a promover iniciativas que hagan que los hogares sean más seguros, saludables y eficientes.",https://www.communityenergyproject.org/,Rogue Climate,Organize community campaigns for clean energy and climate justice across Southern Oregon.,Organiza campañas comunitarias a favor de la energía limpia y la justicia climática en el sur de Oregón.,https://rogueclimate.org/,PSU Center for Public Interest Design,"Apply design solutions to support sustainable, equitable communities.",Aplica soluciones de diseño para apoyar comunidades sostenibles y equitativas.,https://www.pdx.edu/public-interest-design/
Use Clean Energy,Arts or Hobbies Group,Researching & Learning,Exploring New Topics,Project Drawdown,Explore the Drawdown Solutions Library and learn from leading research on proven ways to cut emissions and speed climate solutions.,Explora la Drawdown Solutions Library y aprende de las investigaciones importantes sobre formas comprobadas de reducir las emisiones y acelerar las soluciones climáticas.,https://drawdown.org/,Community Energy Project,"Help deliver free workshops, in-home energy upgrades, and advocacy that make homes safer, healthier, and more efficient.","Colabora en talleres gratuitos, mejoras energéticas en los hogares y a promover iniciativas que hagan que los hogares sean más seguros, saludables y eficientes.",https://www.communityenergyproject.org/,Rogue Climate,Organize community campaigns for clean energy and climate justice across Southern Oregon.,Organiza campañas comunitarias a favor de la energía limpia y la justicia climática en el sur de Oregón.,https://rogueclimate.org/,PSU Center for Public Interest Design,"Apply design solutions to support sustainable, equitable communities.",Aplica soluciones de diseño para apoyar comunidades sostenibles y equitativas.,https://www.pdx.edu/public-interest-design/
Use Clean Energy,School or Career Group,Researching & Learning,Reading,Project Drawdown,Explore the Drawdown Solutions Library and learn from leading research on proven ways to cut emissions and speed climate solutions.,Explora la Drawdown Solutions Library y aprende de las investigaciones importantes sobre formas comprobadas de reducir las emisiones y acelerar las soluciones climáticas.,https://drawdown.org/,Community Energy Project,"Help deliver free workshops, in-home energy upgrades, and advocacy that make homes safer, healthier, and more efficient.","Colabora en talleres gratuitos, mejoras energéticas en los hogares y a promover iniciativas que hagan que los hogares sean más seguros, saludables y eficientes.",https://www.communityenergyproject.org/,Rogue Climate,Organize community campaigns for clean energy and climate justice across Southern Oregon.,Organiza campañas comunitarias a favor de la energía limpia y la justicia climática en el sur de Oregón.,https://rogueclimate.org/,PSU Center for Public Interest Design,"Apply design solutions to support sustainable, equitable communities.",Aplica soluciones de diseño para apoyar comunidades sostenibles y equitativas.,https://www.pdx.edu/public-interest-design/
Use Clean Energy,School or Career Group,Researching & Learning,Exploring New Topics,Project Drawdown,Explore the Drawdown Solutions Library and learn from leading research on proven ways to cut emissions and speed climate solutions.,Explora la Drawdown Solutions Library y aprende de las investigaciones importantes sobre formas comprobadas de reducir las emisiones y acelerar las soluciones climáticas.,https://drawdown.org/,Community Energy Project,"Help deliver free workshops, in-home energy upgrades, and advocacy that make homes safer, healthier, and more efficient.","Colabora en talleres gratuitos, mejoras energéticas en los hogares y a promover iniciativas que hagan que los hogares sean más seguros, saludables y eficientes.",https://www.communityenergyproject.org/,Rogue Climate,Organize community campaigns for clean energy and climate justice across Southern Oregon.,Organiza campañas comunitarias a favor de la energía limpia y la justicia climática en el sur de Oregón.,https://rogueclimate.org/,PSU Center for Public Interest Design,"Apply design solutions to support sustainable, equitable communities.",Aplica soluciones de diseño para apoyar comunidades sostenibles y equitativas.,https://www.pdx.edu/public-interest-design/
Use Clean Energy,Family or Household,Researching & Learning,Reading,Project Drawdown,Explore the Drawdown Solutions Library and learn from leading research on proven ways to cut emissions and speed climate solutions.,Explora la Drawdown Solutions Library y aprende de las investigaciones importantes sobre formas comprobadas de reducir las emisiones y acelerar las soluciones climáticas.,https://drawdown.org/,Community Energy Project,"Help deliver free workshops, in-home energy upgrades, and advocacy that make homes safer, healthier, and more efficient.","Colabora en talleres gratuitos, mejoras energéticas en los hogares y a promover iniciativas que hagan que los hogares sean más seguros, saludables y eficientes.",https://www.communityenergyproject.org/,Solar Oregon,"Learn about clean energy and help accelerate solar adoption through tours, workshops, and community education.","Aprende sobre la energía limpia y ayuda a acelerar la adopción de la energía solar a través de visitas guiadas, talleres y educación comunitaria.",https://solaroregon.org,PSU Center for Public Interest Design,"Apply design solutions to support sustainable, equitable communities.",Aplica soluciones de diseño para apoyar comunidades sostenibles y equitativas.,https://www.pdx.edu/public-interest-design/
Use Clean Energy,Family or Household,Researching & Learning,Exploring New Topics,Project Drawdown,Explore the Drawdown Solutions Library and learn from leading research on proven ways to cut emissions and speed climate solutions.,Explora la Drawdown Solutions Library y aprende de las investigaciones importantes sobre formas comprobadas de reducir las emisiones y acelerar las soluciones climáticas.,https://drawdown.org/,Community Energy Project,"Help deliver free workshops, in-home energy upgrades, and advocacy that make homes safer, healthier, and more efficient.","Colabora en talleres gratuitos, mejoras energéticas en los hogares y a promover iniciativas que hagan que los hogares sean más seguros, saludables y eficientes.",https://www.communityenergyproject.org/,Solar Oregon,"Learn about clean energy and help accelerate solar adoption through tours, workshops, and community education.","Aprende sobre la energía limpia y ayuda a acelerar la adopción de la energía solar a través de visitas guiadas, talleres y educación comunitaria.",https://solaroregon.org,PSU Center for Public Interest Design,"Apply design solutions to support sustainable, equitable communities.",Aplica soluciones de diseño para apoyar comunidades sostenibles y equitativas.,https://www.pdx.edu/public-interest-design/
Use Clean Energy,Community Group,Researching & Learning,Reading,Project Drawdown,Explore the Drawdown Solutions Library and learn from leading research on proven ways to cut emissions and speed climate solutions.,Explora la Drawdown Solutions Library y aprende de las investigaciones importantes sobre formas comprobadas de reducir las emisiones y acelerar las soluciones climáticas.,https://drawdown.org/,Community Energy Project,"Help deliver free workshops, in-home energy upgrades, and advocacy that make homes safer, healthier, and more efficient.","Colabora en talleres gratuitos, mejoras energéticas en los hogares y a promover iniciativas que hagan que los hogares sean más seguros, saludables y eficientes.",https://www.communityenergyproject.org/,Rogue Climate,Organize community campaigns for clean energy and climate justice across Southern Oregon.,Organiza campañas comunitarias a favor de la energía limpia y la justicia climática en el sur de Oregón.,https://rogueclimate.org/,PSU Center for Public Interest Design,"Apply design solutions to support sustainable, equitable communities.",Aplica soluciones de diseño para apoyar comunidades sostenibles y equitativas.,https://www.pdx.edu/public-interest-design/
Use Clean Energy,Community Group,Researching & Learning,Exploring New Topics,Project Drawdown,Explore the Drawdown Solutions Library and learn from leading research on proven ways to cut emissions and speed climate solutions.,Explora la Drawdown Solutions Library y aprende de las investigaciones importantes sobre formas comprobadas de reducir las emisiones y acelerar las soluciones climáticas.,https://drawdown.org/,Community Energy Project,"Help deliver free workshops, in-home energy upgrades, and advocacy that make homes safer, healthier, and more efficient.","Colabora en talleres gratuitos, mejoras energéticas en los hogares y a promover iniciativas que hagan que los hogares sean más seguros, saludables y eficientes.",https://www.communityenergyproject.org/,Rogue Climate,Organize community campaigns for clean energy and climate justice across Southern Oregon.,Organiza campañas comunitarias a favor de la energía limpia y la justicia climática en el sur de Oregón.,https://rogueclimate.org/,PSU Center for Public Interest Design,"Apply design solutions to support sustainable, equitable communities.",Aplica soluciones de diseño para apoyar comunidades sostenibles y equitativas.,https://www.pdx.edu/public-interest-design/
Use Clean Energy,Faith-Based Group,Researching & Learning,Reading,GreenFaith,Take part in global interfaith campaigns that unite moral leadership with grassroots climate action.,Participa en campañas globales  interreligiosas que unen el liderazgo moral con la acción climática comunitaria.,https://greenfaith.org/,Ecumenical Ministries of Oregon (EMO),Advance climate justice and resilience through faith-based networks and Creation Justice programs.,Promueve la justicia climática y la resiliencia a través de redes religiosas y programas de Creation Justice.,https://emoregon.org/creation-justice/,Solar Oregon,"Learn about clean energy and help accelerate solar adoption through tours, workshops, and community education.","Aprende sobre la energía limpia y ayuda a acelerar la adopción de la energía solar a través de visitas guiadas, talleres y educación comunitaria.",https://solaroregon.org,PSU Center for Public Interest Design,"Apply design solutions to support sustainable, equitable communities.",Aplica soluciones de diseño para apoyar comunidades sostenibles y equitativas.,https://www.pdx.edu/public-interest-design/
Use Clean Energy,Faith-Based Group,Researching & Learning,Exploring New Topics,GreenFaith,Take part in global interfaith campaigns that unite moral leadership with grassroots climate action.,Participa en campañas globales  interreligiosas que unen el liderazgo moral con la acción climática comunitaria.,https://greenfaith.org/,Ecumenical Ministries of Oregon (EMO),Advance climate justice and resilience through faith-based networks and Creation Justice programs.,Promueve la justicia climática y la resiliencia a través de redes religiosas y programas de Creation Justice.,https://emoregon.org/creation-justice/,Solar Oregon,"Learn about clean energy and help accelerate solar adoption through tours, workshops, and community education.","Aprende sobre la energía limpia y ayuda a acelerar la adopción de la energía solar a través de visitas guiadas, talleres y educación comunitaria.",https://solaroregon.org,PSU Center for Public Interest Design,"Apply design solutions to support sustainable, equitable communities.",Aplica soluciones de diseño para apoyar comunidades sostenibles y equitativas.,https://www.pdx.edu/public-interest-design/
Use Clean Energy,Sports or Rec Group,Teaching & Mentoring,Mentoring,Solar United Neighbors,"Support local solar co-ops, share your solar story as a volunteer ambassador, and advocate for fair energy policy through grassroots campaigns.","Apoya a las cooperativas solares locales, comparte tu experiencia con la energía solar en tu trabajo voluntario y aboga por políticas energéticas justas a través de campañas comunitarias.",https://www.solarunitedneighbors.org/,Community Energy Project,"Help deliver free workshops, in-home energy upgrades, and advocacy that make homes safer, healthier, and more efficient.","Colabora en talleres gratuitos, mejoras energéticas en los hogares y a promover iniciativas que hagan que los hogares sean más seguros, saludables y eficientes.",https://www.communityenergyproject.org/,Our Children’s Trust,Support youth-led legal actions that hold governments accountable for protecting a stable climate and a livable future.,Apoya las acciones legales lideradas por jóvenes para hacer que los gobiernos se hagan responsables de proteger un clima estable y un futuro habitable.,https://www.ourchildrenstrust.org/,Sunrise Movement PDX,Train youth to advocate for just and equitable climate solutions.,Capacita a la juventud para que abogue por soluciones climáticas justas y equitativas.,https://www.sunrisemovement.org/hubs/
Use Clean Energy,Sports or Rec Group,Teaching & Mentoring,Helping others learn,Solar United Neighbors,"Support local solar co-ops, share your solar story as a volunteer ambassador, and advocate for fair energy policy through grassroots campaigns.","Apoya a las cooperativas solares locales, comparte tu experiencia con la energía solar en tu trabajo voluntario y aboga por políticas energéticas justas a través de campañas comunitarias.",https://www.solarunitedneighbors.org/,Community Energy Project,"Help deliver free workshops, in-home energy upgrades, and advocacy that make homes safer, healthier, and more efficient.","Colabora en talleres gratuitos, mejoras energéticas en los hogares y a promover iniciativas que hagan que los hogares sean más seguros, saludables y eficientes.",https://www.communityenergyproject.org/,Our Children’s Trust,Support youth-led legal actions that hold governments accountable for protecting a stable climate and a livable future.,Apoya las acciones legales lideradas por jóvenes para hacer que los gobiernos se hagan responsables de proteger un clima estable y un futuro habitable.,https://www.ourchildrenstrust.org/,Sunrise Movement PDX,Train youth to advocate for just and equitable climate solutions.,Capacita a la juventud para que abogue por soluciones climáticas justas y equitativas.,https://www.sunrisemovement.org/hubs/
Use Clean Energy,Arts or Hobbies Group,Teaching & Mentoring,Mentoring,Solar United Neighbors,"Support local solar co-ops, share your solar story as a volunteer ambassador, and advocate for fair energy policy through grassroots campaigns.","Apoya a las cooperativas solares locales, comparte tu experiencia con la energía solar en tu trabajo voluntario y aboga por políticas energéticas justas a través de campañas comunitarias.",https://www.solarunitedneighbors.org/,Community Energy Project,"Help deliver free workshops, in-home energy upgrades, and advocacy that make homes safer, healthier, and more efficient.","Colabora en talleres gratuitos, mejoras energéticas en los hogares y a promover iniciativas que hagan que los hogares sean más seguros, saludables y eficientes.",https://www.communityenergyproject.org/,Our Children’s Trust,Support youth-led legal actions that hold governments accountable for protecting a stable climate and a livable future.,Apoya las acciones legales lideradas por jóvenes para hacer que los gobiernos se hagan responsables de proteger un clima estable y un futuro habitable.,https://www.ourchildrenstrust.org/,Sunrise Movement PDX,Train youth to advocate for just and equitable climate solutions.,Capacita a la juventud para que abogue por soluciones climáticas justas y equitativas.,https://www.sunrisemovement.org/hubs/
Use Clean Energy,Arts or Hobbies Group,Teaching & Mentoring,Helping others learn,Solar United Neighbors,"Support local solar co-ops, share your solar story as a volunteer ambassador, and advocate for fair energy policy through grassroots campaigns.","Apoya a las cooperativas solares locales, comparte tu experiencia con la energía solar en tu trabajo voluntario y aboga por políticas energéticas justas a través de campañas comunitarias.",https://www.solarunitedneighbors.org/,Community Energy Project,"Help deliver free workshops, in-home energy upgrades, and advocacy that make homes safer, healthier, and more efficient.","Colabora en talleres gratuitos, mejoras energéticas en los hogares y a promover iniciativas que hagan que los hogares sean más seguros, saludables y eficientes.",https://www.communityenergyproject.org/,Our Children’s Trust,Support youth-led legal actions that hold governments accountable for protecting a stable climate and a livable future.,Apoya las acciones legales lideradas por jóvenes para hacer que los gobiernos se hagan responsables de proteger un clima estable y un futuro habitable.,https://www.ourchildrenstrust.org/,Sunrise Movement PDX,Train youth to advocate for just and equitable climate solutions.,Capacita a la juventud para que abogue por soluciones climáticas justas y equitativas.,https://www.sunrisemovement.org/hubs/
Use Clean Energy,School or Career Group,Teaching & Mentoring,Mentoring,Solar United Neighbors,"Support local solar co-ops, share your solar story as a volunteer ambassador, and advocate for fair energy policy through grassroots campaigns.","Apoya a las cooperativas solares locales, comparte tu experiencia con la energía solar en tu trabajo voluntario y aboga por políticas energéticas justas a través de campañas comunitarias.",https://www.solarunitedneighbors.org/,Community Energy Project,"Help deliver free workshops, in-home energy upgrades, and advocacy that make homes safer, healthier, and more efficient.","Colabora en talleres gratuitos, mejoras energéticas en los hogares y a promover iniciativas que hagan que los hogares sean más seguros, saludables y eficientes.",https://www.communityenergyproject.org/,Our Children’s Trust,Support youth-led legal actions that hold governments accountable for protecting a stable climate and a livable future.,Apoya las acciones legales lideradas por jóvenes para hacer que los gobiernos se hagan responsables de proteger un clima estable y un futuro habitable.,https://www.ourchildrenstrust.org/,Sunrise Movement PDX,Train youth to advocate for just and equitable climate solutions.,Capacita a la juventud para que abogue por soluciones climáticas justas y equitativas.,https://www.sunrisemovement.org/hubs/
Use Clean Energy,School or Career Group,Teaching & Mentoring,Helping others learn,Solar United Neighbors,"Support local solar co-ops, share your solar story as a volunteer ambassador, and advocate for fair energy policy through grassroots campaigns.","Apoya a las cooperativas solares locales, comparte tu experiencia con la energía solar en tu trabajo voluntario y aboga por políticas energéticas justas a través de campañas comunitarias.",https://www.solarunitedneighbors.org/,Community Energy Project,"Help deliver free workshops, in-home energy upgrades, and advocacy that make homes safer, healthier, and more efficient.","Colabora en talleres gratuitos, mejoras energéticas en los hogares y a promover iniciativas que hagan que los hogares sean más seguros, saludables y eficientes.",https://www.communityenergyproject.org/,Our Children’s Trust,Support youth-led legal actions that hold governments accountable for protecting a stable climate and a livable future.,Apoya las acciones legales lideradas por jóvenes para hacer que los gobiernos se hagan responsables de proteger un clima estable y un futuro habitable.,https://www.ourchildrenstrust.org/,Sunrise Movement PDX,Train youth to advocate for just and equitable climate solutions.,Capacita a la juventud para que abogue por soluciones climáticas justas y equitativas.,https://www.sunrisemovement.org/hubs/
Use Clean Energy,Family or Household,Teaching & Mentoring,Mentoring,Solar United Neighbors,"Support local solar co-ops, share your solar story as a volunteer ambassador, and advocate for fair energy policy through grassroots campaigns.","Apoya a las cooperativas solares locales, comparte tu experiencia con la energía solar en tu trabajo voluntario y aboga por políticas energéticas justas a través de campañas comunitarias.",https://www.solarunitedneighbors.org/,Community Energy Project,"Help deliver free workshops, in-home energy upgrades, and advocacy that make homes safer, healthier, and more efficient.","Colabora en talleres gratuitos, mejoras energéticas en los hogares y a promover iniciativas que hagan que los hogares sean más seguros, saludables y eficientes.",https://www.communityenergyproject.org/,Solar Oregon,"Learn about clean energy and help accelerate solar adoption through tours, workshops, and community education.","Aprende sobre la energía limpia y ayuda a acelerar la adopción de la energía solar a través de visitas guiadas, talleres y educación comunitaria.",https://solaroregon.org,Sunrise Movement PDX,Train youth to advocate for just and equitable climate solutions.,Capacita a la juventud para que abogue por soluciones climáticas justas y equitativas.,https://www.sunrisemovement.org/hubs/
Use Clean Energy,Family or Household,Teaching & Mentoring,Helping others learn,Solar United Neighbors,"Support local solar co-ops, share your solar story as a volunteer ambassador, and advocate for fair energy policy through grassroots campaigns.","Apoya a las cooperativas solares locales, comparte tu experiencia con la energía solar en tu trabajo voluntario y aboga por políticas energéticas justas a través de campañas comunitarias.",https://www.solarunitedneighbors.org/,Community Energy Project,"Help deliver free workshops, in-home energy upgrades, and advocacy that make homes safer, healthier, and more efficient.","Colabora en talleres gratuitos, mejoras energéticas en los hogares y a promover iniciativas que hagan que los hogares sean más seguros, saludables y eficientes.",https://www.communityenergyproject.org/,Solar Oregon,"Learn about clean energy and help accelerate solar adoption through tours, workshops, and community education.","Aprende sobre la energía limpia y ayuda a acelerar la adopción de la energía solar a través de visitas guiadas, talleres y educación comunitaria.",https://solaroregon.org,Sunrise Movement PDX,Train youth to advocate for just and equitable climate solutions.,Capacita a la juventud para que abogue por soluciones climáticas justas y equitativas.,https://www.sunrisemovement.org/hubs/
Use Clean Energy,Community Group,Teaching & Mentoring,Mentoring,Solar United Neighbors,"Support local solar co-ops, share your solar story as a volunteer ambassador, and advocate for fair energy policy through grassroots campaigns.","Apoya a las cooperativas solares locales, comparte tu experiencia con la energía solar en tu trabajo voluntario y aboga por políticas energéticas justas a través de campañas comunitarias.",https://www.solarunitedneighbors.org/,Community Energy Project,"Help deliver free workshops, in-home energy upgrades, and advocacy that make homes safer, healthier, and more efficient.","Colabora en talleres gratuitos, mejoras energéticas en los hogares y a promover iniciativas que hagan que los hogares sean más seguros, saludables y eficientes.",https://www.communityenergyproject.org/,Our Children’s Trust,Support youth-led legal actions that hold governments accountable for protecting a stable climate and a livable future.,Apoya las acciones legales lideradas por jóvenes para hacer que los gobiernos se hagan responsables de proteger un clima estable y un futuro habitable.,https://www.ourchildrenstrust.org/,Solar Oregon,"Learn about clean energy and help accelerate solar adoption through tours, workshops, and community education.","Aprende sobre la energía limpia y ayuda a acelerar la adopción de la energía solar a través de visitas guiadas, talleres y educación comunitaria.",https://solaroregon.org
Use Clean Energy,Community Group,Teaching & Mentoring,Helping others learn,Solar United Neighbors,"Support local solar co-ops, share your solar story as a volunteer ambassador, and advocate for fair energy policy through grassroots campaigns.","Apoya a las cooperativas solares locales, comparte tu experiencia con la energía solar en tu trabajo voluntario y aboga por políticas energéticas justas a través de campañas comunitarias.",https://www.solarunitedneighbors.org/,Community Energy Project,"Help deliver free workshops, in-home energy upgrades, and advocacy that make homes safer, healthier, and more efficient.","Colabora en talleres gratuitos, mejoras energéticas en los hogares y a promover iniciativas que hagan que los hogares sean más seguros, saludables y eficientes.",https://www.communityenergyproject.org/,Our Children’s Trust,Support youth-led legal actions that hold governments accountable for protecting a stable climate and a livable future.,Apoya las acciones legales lideradas por jóvenes para hacer que los gobiernos se hagan responsables de proteger un clima estable y un futuro habitable.,https://www.ourchildrenstrust.org/,Solar Oregon,"Learn about clean energy and help accelerate solar adoption through tours, workshops, and community education.","Aprende sobre la energía limpia y ayuda a acelerar la adopción de la energía solar a través de visitas guiadas, talleres y educación comunitaria.",https://solaroregon.org
Use Clean Energy,Faith-Based Group,Teaching & Mentoring,Mentoring,GreenFaith,Take part in global interfaith campaigns that unite moral leadership with grassroots climate action.,Participa en campañas globales  interreligiosas que unen el liderazgo moral con la acción climática comunitaria.,https://greenfaith.org/,Ecumenical Ministries of Oregon (EMO),Advance climate justice and resilience through faith-based networks and Creation Justice programs.,Promueve la justicia climática y la resiliencia a través de redes religiosas y programas de Creation Justice.,https://emoregon.org/creation-justice/,Our Children’s Trust,Support youth-led legal actions that hold governments accountable for protecting a stable climate and a livable future.,Apoya las acciones legales lideradas por jóvenes para hacer que los gobiernos se hagan responsables de proteger un clima estable y un futuro habitable.,https://www.ourchildrenstrust.org/,Sunrise Movement PDX,Train youth to advocate for just and equitable climate solutions.,Capacita a la juventud para que abogue por soluciones climáticas justas y equitativas.,https://www.sunrisemovement.org/hubs/
Use Clean Energy,Faith-Based Group,Teaching & Mentoring,Helping others learn,GreenFaith,Take part in global interfaith campaigns that unite moral leadership with grassroots climate action.,Participa en campañas globales  interreligiosas que unen el liderazgo moral con la acción climática comunitaria.,https://greenfaith.org/,Ecumenical Ministries of Oregon (EMO),Advance climate justice and resilience through faith-based networks and Creation Justice programs.,Promueve la justicia climática y la resiliencia a través de redes religiosas y programas de Creation Justice.,https://emoregon.org/creation-justice/,Our Children’s Trust,Support youth-led legal actions that hold governments accountable for protecting a stable climate and a livable future.,Apoya las acciones legales lideradas por jóvenes para hacer que los gobiernos se hagan responsables de proteger un clima estable y un futuro habitable.,https://www.ourchildrenstrust.org/,Sunrise Movement PDX,Train youth to advocate for just and equitable climate solutions.,Capacita a la juventud para que abogue por soluciones climáticas justas y equitativas.,https://www.sunrisemovement.org/hubs/
"Waste Less, Reuse More",Sports or Rec Group,Being Active & Outdoors,Sports,Food Not Bombs,"Volunteer to collect surplus food, cook meals, and share free vegan food in your community.","Participa de forma voluntaria para recolectar excedentes de alimentos, cocinar y compartir comida vegana gratuita en tu comunidad.",https://foodnotbombs.net/,Repair PDX,Join a repair café to help community members fix broken items and reduce waste.,Únete a un café de reparación para ayudar a la comunidad a reparar aparatos dañados y reducir la basura.,https://repairpdx.org/,SOLVE,Take part in cleanup and restoration projects across Oregon to reduce litter and improve community spaces.,Participa en proyectos de limpieza y restauración en todo Oregón para reducir la basura y mejorar los espacios comunitarios.,https://www.solveoregon.org,,,,
"Waste Less, Reuse More",Sports or Rec Group,Being Active & Outdoors,Exploring Outside,Food Not Bombs,"Volunteer to collect surplus food, cook meals, and share free vegan food in your community.","Participa de forma voluntaria para recolectar excedentes de alimentos, cocinar y compartir comida vegana gratuita en tu comunidad.",https://foodnotbombs.net/,Repair PDX,Join a repair café to help community members fix broken items and reduce waste.,Únete a un café de reparación para ayudar a la comunidad a reparar aparatos dañados y reducir la basura.,https://repairpdx.org/,SOLVE,Take part in cleanup and restoration projects across Oregon to reduce litter and improve community spaces.,Participa en proyectos de limpieza y restauración en todo Oregón para reducir la basura y mejorar los espacios comunitarios.,https://www.solveoregon.org,,,,
"Waste Less, Reuse More",Arts or Hobbies Group,Being Active & Outdoors,Sports,Food Not Bombs,"Volunteer to collect surplus food, cook meals, and share free vegan food in your community.","Participa de forma voluntaria para recolectar excedentes de alimentos, cocinar y compartir comida vegana gratuita en tu comunidad.",https://foodnotbombs.net/,Repair PDX,Join a repair café to help community members fix broken items and reduce waste.,Únete a un café de reparación para ayudar a la comunidad a reparar aparatos dañados y reducir la basura.,https://repairpdx.org/,SOLVE,Take part in cleanup and restoration projects across Oregon to reduce litter and improve community spaces.,Participa en proyectos de limpieza y restauración en todo Oregón para reducir la basura y mejorar los espacios comunitarios.,https://www.solveoregon.org,,,,
"Waste Less, Reuse More",Arts or Hobbies Group,Being Active & Outdoors,Exploring Outside,Food Not Bombs,"Volunteer to collect surplus food, cook meals, and share free vegan food in your community.","Participa de forma voluntaria para recolectar excedentes de alimentos, cocinar y compartir comida vegana gratuita en tu comunidad.",https://foodnotbombs.net/,Repair PDX,Join a repair café to help community members fix broken items and reduce waste.,Únete a un café de reparación para ayudar a la comunidad a reparar aparatos dañados y reducir la basura.,https://repairpdx.org/,SOLVE,Take part in cleanup and restoration projects across Oregon to reduce litter and improve community spaces.,Participa en proyectos de limpieza y restauración en todo Oregón para reducir la basura y mejorar los espacios comunitarios.,https://www.solveoregon.org,,,,
"Waste Less, Reuse More",School or Career Group,Being Active & Outdoors,Sports,Food Not Bombs,"Volunteer to collect surplus food, cook meals, and share free vegan food in your community.","Participa de forma voluntaria para recolectar excedentes de alimentos, cocinar y compartir comida vegana gratuita en tu comunidad.",https://foodnotbombs.net/,Repair PDX,Join a repair café to help community members fix broken items and reduce waste.,Únete a un café de reparación para ayudar a la comunidad a reparar aparatos dañados y reducir la basura.,https://repairpdx.org/,SOLVE,Take part in cleanup and restoration projects across Oregon to reduce litter and improve community spaces.,Participa en proyectos de limpieza y restauración en todo Oregón para reducir la basura y mejorar los espacios comunitarios.,https://www.solveoregon.org,,,,
"Waste Less, Reuse More",School or Career Group,Being Active & Outdoors,Exploring Outside,Food Not Bombs,"Volunteer to collect surplus food, cook meals, and share free vegan food in your community.","Participa de forma voluntaria para recolectar excedentes de alimentos, cocinar y compartir comida vegana gratuita en tu comunidad.",https://foodnotbombs.net/,Repair PDX,Join a repair café to help community members fix broken items and reduce waste.,Únete a un café de reparación para ayudar a la comunidad a reparar aparatos dañados y reducir la basura.,https://repairpdx.org/,SOLVE,Take part in cleanup and restoration projects across Oregon to reduce litter and improve community spaces.,Participa en proyectos de limpieza y restauración en todo Oregón para reducir la basura y mejorar los espacios comunitarios.,https://www.solveoregon.org,,,,
"Waste Less, Reuse More",Family or Household,Being Active & Outdoors,Sports,Food Not Bombs,"Volunteer to collect surplus food, cook meals, and share free vegan food in your community.","Participa de forma voluntaria para recolectar excedentes de alimentos, cocinar y compartir comida vegana gratuita en tu comunidad.",https://foodnotbombs.net/,Repair PDX,Join a repair café to help community members fix broken items and reduce waste.,Únete a un café de reparación para ayudar a la comunidad a reparar aparatos dañados y reducir la basura.,https://repairpdx.org/,SOLVE,Take part in cleanup and restoration projects across Oregon to reduce litter and improve community spaces.,Participa en proyectos de limpieza y restauración en todo Oregón para reducir la basura y mejorar los espacios comunitarios.,https://www.solveoregon.org,,,,
"Waste Less, Reuse More",Family or Household,Being Active & Outdoors,Exploring Outside,Food Not Bombs,"Volunteer to collect surplus food, cook meals, and share free vegan food in your community.","Participa de forma voluntaria para recolectar excedentes de alimentos, cocinar y compartir comida vegana gratuita en tu comunidad.",https://foodnotbombs.net/,Repair PDX,Join a repair café to help community members fix broken items and reduce waste.,Únete a un café de reparación para ayudar a la comunidad a reparar aparatos dañados y reducir la basura.,https://repairpdx.org/,SOLVE,Take part in cleanup and restoration projects across Oregon to reduce litter and improve community spaces.,Participa en proyectos de limpieza y restauración en todo Oregón para reducir la basura y mejorar los espacios comunitarios.,https://www.solveoregon.org,,,,
"Waste Less, Reuse More",Community Group,Being Active & Outdoors,Sports,Food Not Bombs,"Volunteer to collect surplus food, cook meals, and share free vegan food in your community.","Participa de forma voluntaria para recolectar excedentes de alimentos, cocinar y compartir comida vegana gratuita en tu comunidad.",https://foodnotbombs.net/,Repair PDX,Join a repair café to help community members fix broken items and reduce waste.,Únete a un café de reparación para ayudar a la comunidad a reparar aparatos dañados y reducir la basura.,https://repairpdx.org/,SOLVE,Take part in cleanup and restoration projects across Oregon to reduce litter and improve community spaces.,Participa en proyectos de limpieza y restauración en todo Oregón para reducir la basura y mejorar los espacios comunitarios.,https://www.solveoregon.org,,,,
"Waste Less, Reuse More",Community Group,Being Active & Outdoors,Exploring Outside,Food Not Bombs,"Volunteer to collect surplus food, cook meals, and share free vegan food in your community.","Participa de forma voluntaria para recolectar excedentes de alimentos, cocinar y compartir comida vegana gratuita en tu comunidad.",https://foodnotbombs.net/,Repair PDX,Join a repair café to help community members fix broken items and reduce waste.,Únete a un café de reparación para ayudar a la comunidad a reparar aparatos dañados y reducir la basura.,https://repairpdx.org/,SOLVE,Take part in cleanup and restoration projects across Oregon to reduce litter and improve community spaces.,Participa en proyectos de limpieza y restauración en todo Oregón para reducir la basura y mejorar los espacios comunitarios.,https://www.solveoregon.org,,,,
"Waste Less, Reuse More",Faith-Based Group,Being Active & Outdoors,Sports,GreenFaith,Take part in global interfaith campaigns that unite moral leadership with grassroots climate action.,Participa en campañas globales  interreligiosas que unen el liderazgo moral con la acción climática comunitaria.,https://greenfaith.org/,Ecumenical Ministries of Oregon (EMO),Advance climate justice and resilience through faith-based networks and Creation Justice programs.,Promueve la justicia climática y la resiliencia a través de redes religiosas y programas de Creation Justice.,https://emoregon.org/creation-justice/,SOLVE,Take part in cleanup and restoration projects across Oregon to reduce litter and improve community spaces.,Participa en proyectos de limpieza y restauración en todo Oregón para reducir la basura y mejorar los espacios comunitarios.,https://www.solveoregon.org,,,,
"Waste Less, Reuse More",Faith-Based Group,Being Active & Outdoors,Exploring Outside,GreenFaith,Take part in global interfaith campaigns that unite moral leadership with grassroots climate action.,Participa en campañas globales  interreligiosas que unen el liderazgo moral con la acción climática comunitaria.,https://greenfaith.org/,Ecumenical Ministries of Oregon (EMO),Advance climate justice and resilience through faith-based networks and Creation Justice programs.,Promueve la justicia climática y la resiliencia a través de redes religiosas y programas de Creation Justice.,https://emoregon.org/creation-justice/,SOLVE,Take part in cleanup and restoration projects across Oregon to reduce litter and improve community spaces.,Participa en proyectos de limpieza y restauración en todo Oregón para reducir la basura y mejorar los espacios comunitarios.,https://www.solveoregon.org,,,,
"Waste Less, Reuse More",Sports or Rec Group,Innovating & Designing,Problem Solving,Break Free From Plastic,Organize campaigns to end single-use plastic and scale up reuse and refill systems.,Organiza campañas para acabar con el plástico de un solo uso y ampliar los sistemas de reutilización y recarga.,https://www.breakfreefromplastic.org/,Repair PDX,Join a repair café to help community members fix broken items and reduce waste.,Únete a un café de reparación para ayudar a la comunidad a reparar aparatos dañados y reducir la basura.,https://repairpdx.org/,SCRAP Creative Reuse,Volunteer or shop at this creative reuse center that keeps materials out of the landfill and inspires sustainable art and craft projects.,Participa de forma voluntaria o realiza compras en este centro creativo de reutilización. SCRAP evita que los materiales terminen en los vertederos e inspira proyectos sostenibles de arte y manualidades.,https://portland.scrapcreativereuse.org/,,,,
"Waste Less, Reuse More",Sports or Rec Group,Innovating & Designing,Inventing,Break Free From Plastic,Organize campaigns to end single-use plastic and scale up reuse and refill systems.,Organiza campañas para acabar con el plástico de un solo uso y ampliar los sistemas de reutilización y recarga.,https://www.breakfreefromplastic.org/,Repair PDX,Join a repair café to help community members fix broken items and reduce waste.,Únete a un café de reparación para ayudar a la comunidad a reparar aparatos dañados y reducir la basura.,https://repairpdx.org/,SCRAP Creative Reuse,Volunteer or shop at this creative reuse center that keeps materials out of the landfill and inspires sustainable art and craft projects.,Participa de forma voluntaria o realiza compras en este centro creativo de reutilización. SCRAP evita que los materiales terminen en los vertederos e inspira proyectos sostenibles de arte y manualidades.,https://portland.scrapcreativereuse.org/,,,,
"Waste Less, Reuse More",Arts or Hobbies Group,Innovating & Designing,Problem Solving,Break Free From Plastic,Organize campaigns to end single-use plastic and scale up reuse and refill systems.,Organiza campañas para acabar con el plástico de un solo uso y ampliar los sistemas de reutilización y recarga.,https://www.breakfreefromplastic.org/,Repair PDX,Join a repair café to help community members fix broken items and reduce waste.,Únete a un café de reparación para ayudar a la comunidad a reparar aparatos dañados y reducir la basura.,https://repairpdx.org/,SCRAP Creative Reuse,Volunteer or shop at this creative reuse center that keeps materials out of the landfill and inspires sustainable art and craft projects.,Participa de forma voluntaria o realiza compras en este centro creativo de reutilización. SCRAP evita que los materiales terminen en los vertederos e inspira proyectos sostenibles de arte y manualidades.,https://portland.scrapcreativereuse.org/,,,,
"Waste Less, Reuse More",Arts or Hobbies Group,Innovating & Designing,Inventing,Break Free From Plastic,Organize campaigns to end single-use plastic and scale up reuse and refill systems.,Organiza campañas para acabar con el plástico de un solo uso y ampliar los sistemas de reutilización y recarga.,https://www.breakfreefromplastic.org/,Repair PDX,Join a repair café to help community members fix broken items and reduce waste.,Únete a un café de reparación para ayudar a la comunidad a reparar aparatos dañados y reducir la basura.,https://repairpdx.org/,SCRAP Creative Reuse,Volunteer or shop at this creative reuse center that keeps materials out of the landfill and inspires sustainable art and craft projects.,Participa de forma voluntaria o realiza compras en este centro creativo de reutilización. SCRAP evita que los materiales terminen en los vertederos e inspira proyectos sostenibles de arte y manualidades.,https://portland.scrapcreativereuse.org/,,,,
"Waste Less, Reuse More",School or Career Group,Innovating & Designing,Problem Solving,Break Free From Plastic,Organize campaigns to end single-use plastic and scale up reuse and refill systems.,Organiza campañas para acabar con el plástico de un solo uso y ampliar los sistemas de reutilización y recarga.,https://www.breakfreefromplastic.org/,Repair PDX,Join a repair café to help community members fix broken items and reduce waste.,Únete a un café de reparación para ayudar a la comunidad a reparar aparatos dañados y reducir la basura.,https://repairpdx.org/,SCRAP Creative Reuse,Volunteer or shop at this creative reuse center that keeps materials out of the landfill and inspires sustainable art and craft projects.,Participa de forma voluntaria o realiza compras en este centro creativo de reutilización. SCRAP evita que los materiales terminen en los vertederos e inspira proyectos sostenibles de arte y manualidades.,https://portland.scrapcreativereuse.org/,,,,
"Waste Less, Reuse More",School or Career Group,Innovating & Designing,Inventing,Break Free From Plastic,Organize campaigns to end single-use plastic and scale up reuse and refill systems.,Organiza campañas para acabar con el plástico de un solo uso y ampliar los sistemas de reutilización y recarga.,https://www.breakfreefromplastic.org/,Repair PDX,Join a repair café to help community members fix broken items and reduce waste.,Únete a un café de reparación para ayudar a la comunidad a reparar aparatos dañados y reducir la basura.,https://repairpdx.org/,SCRAP Creative Reuse,Volunteer or shop at this creative reuse center that keeps materials out of the landfill and inspires sustainable art and craft projects.,Participa de forma voluntaria o realiza compras en este centro creativo de reutilización. SCRAP evita que los materiales terminen en los vertederos e inspira proyectos sostenibles de arte y manualidades.,https://portland.scrapcreativereuse.org/,,,,
"Waste Less, Reuse More",Family or Household,Innovating & Designing,Problem Solving,Break Free From Plastic,Organize campaigns to end single-use plastic and scale up reuse and refill systems.,Organiza campañas para acabar con el plástico de un solo uso y ampliar los sistemas de reutilización y recarga.,https://www.breakfreefromplastic.org/,Repair PDX,Join a repair café to help community members fix broken items and reduce waste.,Únete a un café de reparación para ayudar a la comunidad a reparar aparatos dañados y reducir la basura.,https://repairpdx.org/,SCRAP Creative Reuse,Volunteer or shop at this creative reuse center that keeps materials out of the landfill and inspires sustainable art and craft projects.,Participa de forma voluntaria o realiza compras en este centro creativo de reutilización. SCRAP evita que los materiales terminen en los vertederos e inspira proyectos sostenibles de arte y manualidades.,https://portland.scrapcreativereuse.org/,,,,
"Waste Less, Reuse More",Family or Household,Innovating & Designing,Inventing,Break Free From Plastic,Organize campaigns to end single-use plastic and scale up reuse and refill systems.,Organiza campañas para acabar con el plástico de un solo uso y ampliar los sistemas de reutilización y recarga.,https://www.breakfreefromplastic.org/,Repair PDX,Join a repair café to help community members fix broken items and reduce waste.,Únete a un café de reparación para ayudar a la comunidad a reparar aparatos dañados y reducir la basura.,https://repairpdx.org/,SCRAP Creative Reuse,Volunteer or shop at this creative reuse center that keeps materials out of the landfill and inspires sustainable art and craft projects.,Participa de forma voluntaria o realiza compras en este centro creativo de reutilización. SCRAP evita que los materiales terminen en los vertederos e inspira proyectos sostenibles de arte y manualidades.,https://portland.scrapcreativereuse.org/,,,,
"Waste Less, Reuse More",Community Group,Innovating & Designing,Problem Solving,Break Free From Plastic,Organize campaigns to end single-use plastic and scale up reuse and refill systems.,Organiza campañas para acabar con el plástico de un solo uso y ampliar los sistemas de reutilización y recarga.,https://www.breakfreefromplastic.org/,Repair PDX,Join a repair café to help community members fix broken items and reduce waste.,Únete a un café de reparación para ayudar a la comunidad a reparar aparatos dañados y reducir la basura.,https://repairpdx.org/,SCRAP Creative Reuse,Volunteer or shop at this creative reuse center that keeps materials out of the landfill and inspires sustainable art and craft projects.,Participa de forma voluntaria o realiza compras en este centro creativo de reutilización. SCRAP evita que los materiales terminen en los vertederos e inspira proyectos sostenibles de arte y manualidades.,https://portland.scrapcreativereuse.org/,,,,
"Waste Less, Reuse More",Community Group,Innovating & Designing,Inventing,Break Free From Plastic,Organize campaigns to end single-use plastic and scale up reuse and refill systems.,Organiza campañas para acabar con el plástico de un solo uso y ampliar los sistemas de reutilización y recarga.,https://www.breakfreefromplastic.org/,Repair PDX,Join a repair café to help community members fix broken items and reduce waste.,Únete a un café de reparación para ayudar a la comunidad a reparar aparatos dañados y reducir la basura.,https://repairpdx.org/,SCRAP Creative Reuse,Volunteer or shop at this creative reuse center that keeps materials out of the landfill and inspires sustainable art and craft projects.,Participa de forma voluntaria o realiza compras en este centro creativo de reutilización. SCRAP evita que los materiales terminen en los vertederos e inspira proyectos sostenibles de arte y manualidades.,https://portland.scrapcreativereuse.org/,,,,
"Waste Less, Reuse More",Faith-Based Group,Innovating & Designing,Problem Solving,GreenFaith,Take part in global interfaith campaigns that unite moral leadership with grassroots climate action.,Participa en campañas globales  interreligiosas que unen el liderazgo moral con la acción climática comunitaria.,https://greenfaith.org/,Ecumenical Ministries of Oregon (EMO),Advance climate justice and resilience through faith-based networks and Creation Justice programs.,Promueve la justicia climática y la resiliencia a través de redes religiosas y programas de Creation Justice.,https://emoregon.org/creation-justice/,SCRAP Creative Reuse,Volunteer or shop at this creative reuse center that keeps materials out of the landfill and inspires sustainable art and craft projects.,Participa de forma voluntaria o realiza compras en este centro creativo de reutilización. SCRAP evita que los materiales terminen en los vertederos e inspira proyectos sostenibles de arte y manualidades.,https://portland.scrapcreativereuse.org/,,,,
"Waste Less, Reuse More",Faith-Based Group,Innovating & Designing,Inventing,GreenFaith,Take part in global interfaith campaigns that unite moral leadership with grassroots climate action.,Participa en campañas globales  interreligiosas que unen el liderazgo moral con la acción climática comunitaria.,https://greenfaith.org/,Ecumenical Ministries of Oregon (EMO),Advance climate justice and resilience through faith-based networks and Creation Justice programs.,Promueve la justicia climática y la resiliencia a través de redes religiosas y programas de Creation Justice.,https://emoregon.org/creation-justice/,SCRAP Creative Reuse,Volunteer or shop at this creative reuse center that keeps materials out of the landfill and inspires sustainable art and craft projects.,Participa de forma voluntaria o realiza compras en este centro creativo de reutilización. SCRAP evita que los materiales terminen en los vertederos e inspira proyectos sostenibles de arte y manualidades.,https://portland.scrapcreativereuse.org/,,,,
"Waste Less, Reuse More",Sports or Rec Group,Organizing & Leading,Bringing people together,Break Free From Plastic,Organize campaigns to end single-use plastic and scale up reuse and refill systems.,Organiza campañas para acabar con el plástico de un solo uso y ampliar los sistemas de reutilización y recarga.,https://www.breakfreefromplastic.org/,Repair PDX,Join a repair café to help community members fix broken items and reduce waste.,Únete a un café de reparación para ayudar a la comunidad a reparar aparatos dañados y reducir la basura.,https://repairpdx.org/,Senior Advocates for Generational Equity (SAGE),"Mobilize people 50+ to advocate for climate solutions and generational equity through campaigns, volunteer teams, and education.","Moviliza a personas mayores de 50 años para que aboguen por soluciones climáticas y equidad generacional mediante campañas, equipos de voluntariado y educación.",https://www.wearesage.org/,SOLVE,Take part in cleanup and restoration projects across Oregon to reduce litter and improve community spaces.,Participa en proyectos de limpieza y restauración en todo Oregón para reducir la basura y mejorar los espacios comunitarios.,https://www.solveoregon.org
"Waste Less, Reuse More",Sports or Rec Group,Organizing & Leading,Talking to people,Break Free From Plastic,Organize campaigns to end single-use plastic and scale up reuse and refill systems.,Organiza campañas para acabar con el plástico de un solo uso y ampliar los sistemas de reutilización y recarga.,https://www.breakfreefromplastic.org/,Repair PDX,Join a repair café to help community members fix broken items and reduce waste.,Únete a un café de reparación para ayudar a la comunidad a reparar aparatos dañados y reducir la basura.,https://repairpdx.org/,Senior Advocates for Generational Equity (SAGE),"Mobilize people 50+ to advocate for climate solutions and generational equity through campaigns, volunteer teams, and education.","Moviliza a personas mayores de 50 años para que aboguen por soluciones climáticas y equidad generacional mediante campañas, equipos de voluntariado y educación.",https://www.wearesage.org/,SOLVE,Take part in cleanup and restoration projects across Oregon to reduce litter and improve community spaces.,Participa en proyectos de limpieza y restauración en todo Oregón para reducir la basura y mejorar los espacios comunitarios.,https://www.solveoregon.org
"Waste Less, Reuse More",Arts or Hobbies Group,Organizing & Leading,Bringing people together,Break Free From Plastic,Organize campaigns to end single-use plastic and scale up reuse and refill systems.,Organiza campañas para acabar con el plástico de un solo uso y ampliar los sistemas de reutilización y recarga.,https://www.breakfreefromplastic.org/,Repair PDX,Join a repair café to help community members fix broken items and reduce waste.,Únete a un café de reparación para ayudar a la comunidad a reparar aparatos dañados y reducir la basura.,https://repairpdx.org/,Senior Advocates for Generational Equity (SAGE),"Mobilize people 50+ to advocate for climate solutions and generational equity through campaigns, volunteer teams, and education.","Moviliza a personas mayores de 50 años para que aboguen por soluciones climáticas y equidad generacional mediante campañas, equipos de voluntariado y educación.",https://www.wearesage.org/,SOLVE,Take part in cleanup and restoration projects across Oregon to reduce litter and improve community spaces.,Participa en proyectos de limpieza y restauración en todo Oregón para reducir la basura y mejorar los espacios comunitarios.,https://www.solveoregon.org
"Waste Less, Reuse More",Arts or Hobbies Group,Organizing & Leading,Talking to people,Break Free From Plastic,Organize campaigns to end single-use plastic and scale up reuse and refill systems.,Organiza campañas para acabar con el plástico de un solo uso y ampliar los sistemas de reutilización y recarga.,https://www.breakfreefromplastic.org/,Repair PDX,Join a repair café to help community members fix broken items and reduce waste.,Únete a un café de reparación para ayudar a la comunidad a reparar aparatos dañados y reducir la basura.,https://repairpdx.org/,Senior Advocates for Generational Equity (SAGE),"Mobilize people 50+ to advocate for climate solutions and generational equity through campaigns, volunteer teams, and education.","Moviliza a personas mayores de 50 años para que aboguen por soluciones climáticas y equidad generacional mediante campañas, equipos de voluntariado y educación.",https://www.wearesage.org/,SOLVE,Take part in cleanup and restoration projects across Oregon to reduce litter and improve community spaces.,Participa en proyectos de limpieza y restauración en todo Oregón para reducir la basura y mejorar los espacios comunitarios.,https://www.solveoregon.org
"Waste Less, Reuse More",School or Career Group,Organizing & Leading,Bringing people together,Break Free From Plastic,Organize campaigns to end single-use plastic and scale up reuse and refill systems.,Organiza campañas para acabar con el plástico de un solo uso y ampliar los sistemas de reutilización y recarga.,https://www.breakfreefromplastic.org/,YEJA (Youth Environmental Justice Alliance),Organize with youth in Portland to advance environmental and climate justice.,Organízate con jóvenes de Portland para fomentar la justicia ambiental y climática.,https://www.opalpdx.org/yeja/,Rogue Climate,Organize community campaigns for clean energy and climate justice across Southern Oregon.,Organiza campañas comunitarias a favor de la energía limpia y la justicia climática en el sur de Oregón.,https://rogueclimate.org/,Senior Advocates for Generational Equity (SAGE),"Mobilize people 50+ to advocate for climate solutions and generational equity through campaigns, volunteer teams, and education.","Moviliza a personas mayores de 50 años para que aboguen por soluciones climáticas y equidad generacional mediante campañas, equipos de voluntariado y educación.",https://www.wearesage.org/
"Waste Less, Reuse More",School or Career Group,Organizing & Leading,Talking to people,Break Free From Plastic,Organize campaigns to end single-use plastic and scale up reuse and refill systems.,Organiza campañas para acabar con el plástico de un solo uso y ampliar los sistemas de reutilización y recarga.,https://www.breakfreefromplastic.org/,YEJA (Youth Environmental Justice Alliance),Organize with youth in Portland to advance environmental and climate justice.,Organízate con jóvenes de Portland para fomentar la justicia ambiental y climática.,https://www.opalpdx.org/yeja/,Rogue Climate,Organize community campaigns for clean energy and climate justice across Southern Oregon.,Organiza campañas comunitarias a favor de la energía limpia y la justicia climática en el sur de Oregón.,https://rogueclimate.org/,Senior Advocates for Generational Equity (SAGE),"Mobilize people 50+ to advocate for climate solutions and generational equity through campaigns, volunteer teams, and education.","Moviliza a personas mayores de 50 años para que aboguen por soluciones climáticas y equidad generacional mediante campañas, equipos de voluntariado y educación.",https://www.wearesage.org/
"Waste Less, Reuse More",Family or Household,Organizing & Leading,Bringing people together,Break Free From Plastic,Organize campaigns to end single-use plastic and scale up reuse and refill systems.,Organiza campañas para acabar con el plástico de un solo uso y ampliar los sistemas de reutilización y recarga.,https://www.breakfreefromplastic.org/,Repair PDX,Join a repair café to help community members fix broken items and reduce waste.,Únete a un café de reparación para ayudar a la comunidad a reparar aparatos dañados y reducir la basura.,https://repairpdx.org/,Senior Advocates for Generational Equity (SAGE),"Mobilize people 50+ to advocate for climate solutions and generational equity through campaigns, volunteer teams, and education.","Moviliza a personas mayores de 50 años para que aboguen por soluciones climáticas y equidad generacional mediante campañas, equipos de voluntariado y educación.",https://www.wearesage.org/,SOLVE,Take part in cleanup and restoration projects across Oregon to reduce litter and improve community spaces.,Participa en proyectos de limpieza y restauración en todo Oregón para reducir la basura y mejorar los espacios comunitarios.,https://www.solveoregon.org
"Waste Less, Reuse More",Family or Household,Organizing & Leading,Talking to people,Break Free From Plastic,Organize campaigns to end single-use plastic and scale up reuse and refill systems.,Organiza campañas para acabar con el plástico de un solo uso y ampliar los sistemas de reutilización y recarga.,https://www.breakfreefromplastic.org/,Repair PDX,Join a repair café to help community members fix broken items and reduce waste.,Únete a un café de reparación para ayudar a la comunidad a reparar aparatos dañados y reducir la basura.,https://repairpdx.org/,Senior Advocates for Generational Equity (SAGE),"Mobilize people 50+ to advocate for climate solutions and generational equity through campaigns, volunteer teams, and education.","Moviliza a personas mayores de 50 años para que aboguen por soluciones climáticas y equidad generacional mediante campañas, equipos de voluntariado y educación.",https://www.wearesage.org/,SOLVE,Take part in cleanup and restoration projects across Oregon to reduce litter and improve community spaces.,Participa en proyectos de limpieza y restauración en todo Oregón para reducir la basura y mejorar los espacios comunitarios.,https://www.solveoregon.org
"Waste Less, Reuse More",Community Group,Organizing & Leading,Bringing people together,Break Free From Plastic,Organize campaigns to end single-use plastic and scale up reuse and refill systems.,Organiza campañas para acabar con el plástico de un solo uso y ampliar los sistemas de reutilización y recarga.,https://www.breakfreefromplastic.org/,YEJA (Youth Environmental Justice Alliance),Organize with youth in Portland to advance environmental and climate justice.,Organízate con jóvenes de Portland para fomentar la justicia ambiental y climática.,https://www.opalpdx.org/yeja/,Rogue Climate,Organize community campaigns for clean energy and climate justice across Southern Oregon.,Organiza campañas comunitarias a favor de la energía limpia y la justicia climática en el sur de Oregón.,https://rogueclimate.org/,Senior Advocates for Generational Equity (SAGE),"Mobilize people 50+ to advocate for climate solutions and generational equity through campaigns, volunteer teams, and education.","Moviliza a personas mayores de 50 años para que aboguen por soluciones climáticas y equidad generacional mediante campañas, equipos de voluntariado y educación.",https://www.wearesage.org/
"Waste Less, Reuse More",Community Group,Organizing & Leading,Talking to people,Break Free From Plastic,Organize campaigns to end single-use plastic and scale up reuse and refill systems.,Organiza campañas para acabar con el plástico de un solo uso y ampliar los sistemas de reutilización y recarga.,https://www.breakfreefromplastic.org/,YEJA (Youth Environmental Justice Alliance),Organize with youth in Portland to advance environmental and climate justice.,Organízate con jóvenes de Portland para fomentar la justicia ambiental y climática.,https://www.opalpdx.org/yeja/,Rogue Climate,Organize community campaigns for clean energy and climate justice across Southern Oregon.,Organiza campañas comunitarias a favor de la energía limpia y la justicia climática en el sur de Oregón.,https://rogueclimate.org/,Senior Advocates for Generational Equity (SAGE),"Mobilize people 50+ to advocate for climate solutions and generational equity through campaigns, volunteer teams, and education.","Moviliza a personas mayores de 50 años para que aboguen por soluciones climáticas y equidad generacional mediante campañas, equipos de voluntariado y educación.",https://www.wearesage.org/
"Waste Less, Reuse More",Faith-Based Group,Organizing & Leading,Bringing people together,GreenFaith,Take part in global interfaith campaigns that unite moral leadership with grassroots climate action.,Participa en campañas globales  interreligiosas que unen el liderazgo moral con la acción climática comunitaria.,https://greenfaith.org/,Ecumenical Ministries of Oregon (EMO),Advance climate justice and resilience through faith-based networks and Creation Justice programs.,Promueve la justicia climática y la resiliencia a través de redes religiosas y programas de Creation Justice.,https://emoregon.org/creation-justice/,Senior Advocates for Generational Equity (SAGE),"Mobilize people 50+ to advocate for climate solutions and generational equity through campaigns, volunteer teams, and education.","Moviliza a personas mayores de 50 años para que aboguen por soluciones climáticas y equidad generacional mediante campañas, equipos de voluntariado y educación.",https://www.wearesage.org/,SOLVE,Take part in cleanup and restoration projects across Oregon to reduce litter and improve community spaces.,Participa en proyectos de limpieza y restauración en todo Oregón para reducir la basura y mejorar los espacios comunitarios.,https://www.solveoregon.org
"Waste Less, Reuse More",Faith-Based Group,Organizing & Leading,Talking to people,GreenFaith,Take part in global interfaith campaigns that unite moral leadership with grassroots climate action.,Participa en campañas globales  interreligiosas que unen el liderazgo moral con la acción climática comunitaria.,https://greenfaith.org/,Ecumenical Ministries of Oregon (EMO),Advance climate justice and resilience through faith-based networks and Creation Justice programs.,Promueve la justicia climática y la resiliencia a través de redes religiosas y programas de Creation Justice.,https://emoregon.org/creation-justice/,Senior Advocates for Generational Equity (SAGE),"Mobilize people 50+ to advocate for climate solutions and generational equity through campaigns, volunteer teams, and education.","Moviliza a personas mayores de 50 años para que aboguen por soluciones climáticas y equidad generacional mediante campañas, equipos de voluntariado y educación.",https://www.wearesage.org/,SOLVE,Take part in cleanup and restoration projects across Oregon to reduce litter and improve community spaces.,Participa en proyectos de limpieza y restauración en todo Oregón para reducir la basura y mejorar los espacios comunitarios.,https://www.solveoregon.org
"Waste Less, Reuse More",Sports or Rec Group,Performing & Creating Art,Art,350,"Join a global grassroots movement for bold climate action through advocacy, creative campaigns, and community education.","Únete a un movimiento global de base para llevar a cabo acciones climáticas audaces a través del apoyo, campañas creativas y educación comunitaria.",https://350.org/,Repair PDX,Join a repair café to help community members fix broken items and reduce waste.,Únete a un café de reparación para ayudar a la comunidad a reparar aparatos dañados y reducir la basura.,https://repairpdx.org/,SCRAP Creative Reuse,Volunteer or shop at this creative reuse center that keeps materials out of the landfill and inspires sustainable art and craft projects.,Participa de forma voluntaria o realiza compras en este centro creativo de reutilización. SCRAP evita que los materiales terminen en los vertederos e inspira proyectos sostenibles de arte y manualidades.,https://portland.scrapcreativereuse.org/,,,,
"Waste Less, Reuse More",Sports or Rec Group,Performing & Creating Art,Creativity,350,"Join a global grassroots movement for bold climate action through advocacy, creative campaigns, and community education.","Únete a un movimiento global de base para llevar a cabo acciones climáticas audaces a través del apoyo, campañas creativas y educación comunitaria.",https://350.org/,Repair PDX,Join a repair café to help community members fix broken items and reduce waste.,Únete a un café de reparación para ayudar a la comunidad a reparar aparatos dañados y reducir la basura.,https://repairpdx.org/,SCRAP Creative Reuse,Volunteer or shop at this creative reuse center that keeps materials out of the landfill and inspires sustainable art and craft projects.,Participa de forma voluntaria o realiza compras en este centro creativo de reutilización. SCRAP evita que los materiales terminen en los vertederos e inspira proyectos sostenibles de arte y manualidades.,https://portland.scrapcreativereuse.org/,,,,
"Waste Less, Reuse More",Arts or Hobbies Group,Performing & Creating Art,Art,350,"Join a global grassroots movement for bold climate action through advocacy, creative campaigns, and community education.","Únete a un movimiento global de base para llevar a cabo acciones climáticas audaces a través del apoyo, campañas creativas y educación comunitaria.",https://350.org/,Repair PDX,Join a repair café to help community members fix broken items and reduce waste.,Únete a un café de reparación para ayudar a la comunidad a reparar aparatos dañados y reducir la basura.,https://repairpdx.org/,SCRAP Creative Reuse,Volunteer or shop at this creative reuse center that keeps materials out of the landfill and inspires sustainable art and craft projects.,Participa de forma voluntaria o realiza compras en este centro creativo de reutilización. SCRAP evita que los materiales terminen en los vertederos e inspira proyectos sostenibles de arte y manualidades.,https://portland.scrapcreativereuse.org/,Making Earth Cool,"Create science-based, funny, and creative content and participate in events to inspire climate stewardship.",Crea contenido científico divertido y creativo y participa en eventos para inspirar la administración climática.,https://makingearthcool.com/
"Waste Less, Reuse More",Arts or Hobbies Group,Performing & Creating Art,Creativity,350,"Join a global grassroots movement for bold climate action through advocacy, creative campaigns, and community education.","Únete a un movimiento global de base para llevar a cabo acciones climáticas audaces a través del apoyo, campañas creativas y educación comunitaria.",https://350.org/,Repair PDX,Join a repair café to help community members fix broken items and reduce waste.,Únete a un café de reparación para ayudar a la comunidad a reparar aparatos dañados y reducir la basura.,https://repairpdx.org/,SCRAP Creative Reuse,Volunteer or shop at this creative reuse center that keeps materials out of the landfill and inspires sustainable art and craft projects.,Participa de forma voluntaria o realiza compras en este centro creativo de reutilización. SCRAP evita que los materiales terminen en los vertederos e inspira proyectos sostenibles de arte y manualidades.,https://portland.scrapcreativereuse.org/,Making Earth Cool,"Create science-based, funny, and creative content and participate in events to inspire climate stewardship.",Crea contenido científico divertido y creativo y participa en eventos para inspirar la administración climática.,https://makingearthcool.com/
"Waste Less, Reuse More",School or Career Group,Performing & Creating Art,Art,350,"Join a global grassroots movement for bold climate action through advocacy, creative campaigns, and community education.","Únete a un movimiento global de base para llevar a cabo acciones climáticas audaces a través del apoyo, campañas creativas y educación comunitaria.",https://350.org/,Repair PDX,Join a repair café to help community members fix broken items and reduce waste.,Únete a un café de reparación para ayudar a la comunidad a reparar aparatos dañados y reducir la basura.,https://repairpdx.org/,SCRAP Creative Reuse,Volunteer or shop at this creative reuse center that keeps materials out of the landfill and inspires sustainable art and craft projects.,Participa de forma voluntaria o realiza compras en este centro creativo de reutilización. SCRAP evita que los materiales terminen en los vertederos e inspira proyectos sostenibles de arte y manualidades.,https://portland.scrapcreativereuse.org/,,,,
"Waste Less, Reuse More",School or Career Group,Performing & Creating Art,Creativity,350,"Join a global grassroots movement for bold climate action through advocacy, creative campaigns, and community education.","Únete a un movimiento global de base para llevar a cabo acciones climáticas audaces a través del apoyo, campañas creativas y educación comunitaria.",https://350.org/,Repair PDX,Join a repair café to help community members fix broken items and reduce waste.,Únete a un café de reparación para ayudar a la comunidad a reparar aparatos dañados y reducir la basura.,https://repairpdx.org/,SCRAP Creative Reuse,Volunteer or shop at this creative reuse center that keeps materials out of the landfill and inspires sustainable art and craft projects.,Participa de forma voluntaria o realiza compras en este centro creativo de reutilización. SCRAP evita que los materiales terminen en los vertederos e inspira proyectos sostenibles de arte y manualidades.,https://portland.scrapcreativereuse.org/,,,,
"Waste Less, Reuse More",Family or Household,Performing & Creating Art,Art,350,"Join a global grassroots movement for bold climate action through advocacy, creative campaigns, and community education.","Únete a un movimiento global de base para llevar a cabo acciones climáticas audaces a través del apoyo, campañas creativas y educación comunitaria.",https://350.org/,Repair PDX,Join a repair café to help community members fix broken items and reduce waste.,Únete a un café de reparación para ayudar a la comunidad a reparar aparatos dañados y reducir la basura.,https://repairpdx.org/,SCRAP Creative Reuse,Volunteer or shop at this creative reuse center that keeps materials out of the landfill and inspires sustainable art and craft projects.,Participa de forma voluntaria o realiza compras en este centro creativo de reutilización. SCRAP evita que los materiales terminen en los vertederos e inspira proyectos sostenibles de arte y manualidades.,https://portland.scrapcreativereuse.org/,,,,
"Waste Less, Reuse More",Family or Household,Performing & Creating Art,Creativity,350,"Join a global grassroots movement for bold climate action through advocacy, creative campaigns, and community education.","Únete a un movimiento global de base para llevar a cabo acciones climáticas audaces a través del apoyo, campañas creativas y educación comunitaria.",https://350.org/,Repair PDX,Join a repair café to help community members fix broken items and reduce waste.,Únete a un café de reparación para ayudar a la comunidad a reparar aparatos dañados y reducir la basura.,https://repairpdx.org/,SCRAP Creative Reuse,Volunteer or shop at this creative reuse center that keeps materials out of the landfill and inspires sustainable art and craft projects.,Participa de forma voluntaria o realiza compras en este centro creativo de reutilización. SCRAP evita que los materiales terminen en los vertederos e inspira proyectos sostenibles de arte y manualidades.,https://portland.scrapcreativereuse.org/,,,,
"Waste Less, Reuse More",Community Group,Performing & Creating Art,Art,350,"Join a global grassroots movement for bold climate action through advocacy, creative campaigns, and community education.","Únete a un movimiento global de base para llevar a cabo acciones climáticas audaces a través del apoyo, campañas creativas y educación comunitaria.",https://350.org/,Repair PDX,Join a repair café to help community members fix broken items and reduce waste.,Únete a un café de reparación para ayudar a la comunidad a reparar aparatos dañados y reducir la basura.,https://repairpdx.org/,SCRAP Creative Reuse,Volunteer or shop at this creative reuse center that keeps materials out of the landfill and inspires sustainable art and craft projects.,Participa de forma voluntaria o realiza compras en este centro creativo de reutilización. SCRAP evita que los materiales terminen en los vertederos e inspira proyectos sostenibles de arte y manualidades.,https://portland.scrapcreativereuse.org/,,,,
"Waste Less, Reuse More",Community Group,Performing & Creating Art,Creativity,350,"Join a global grassroots movement for bold climate action through advocacy, creative campaigns, and community education.","Únete a un movimiento global de base para llevar a cabo acciones climáticas audaces a través del apoyo, campañas creativas y educación comunitaria.",https://350.org/,Repair PDX,Join a repair café to help community members fix broken items and reduce waste.,Únete a un café de reparación para ayudar a la comunidad a reparar aparatos dañados y reducir la basura.,https://repairpdx.org/,SCRAP Creative Reuse,Volunteer or shop at this creative reuse center that keeps materials out of the landfill and inspires sustainable art and craft projects.,Participa de forma voluntaria o realiza compras en este centro creativo de reutilización. SCRAP evita que los materiales terminen en los vertederos e inspira proyectos sostenibles de arte y manualidades.,https://portland.scrapcreativereuse.org/,,,,
"Waste Less, Reuse More",Faith-Based Group,Performing & Creating Art,Art,GreenFaith,Take part in global interfaith campaigns that unite moral leadership with grassroots climate action.,Participa en campañas globales  interreligiosas que unen el liderazgo moral con la acción climática comunitaria.,https://greenfaith.org/,Ecumenical Ministries of Oregon (EMO),Advance climate justice and resilience through faith-based networks and Creation Justice programs.,Promueve la justicia climática y la resiliencia a través de redes religiosas y programas de Creation Justice.,https://emoregon.org/creation-justice/,SCRAP Creative Reuse,Volunteer or shop at this creative reuse center that keeps materials out of the landfill and inspires sustainable art and craft projects.,Participa de forma voluntaria o realiza compras en este centro creativo de reutilización. SCRAP evita que los materiales terminen en los vertederos e inspira proyectos sostenibles de arte y manualidades.,https://portland.scrapcreativereuse.org/,,,,
"Waste Less, Reuse More",Faith-Based Group,Performing & Creating Art,Creativity,GreenFaith,Take part in global interfaith campaigns that unite moral leadership with grassroots climate action.,Participa en campañas globales  interreligiosas que unen el liderazgo moral con la acción climática comunitaria.,https://greenfaith.org/,Ecumenical Ministries of Oregon (EMO),Advance climate justice and resilience through faith-based networks and Creation Justice programs.,Promueve la justicia climática y la resiliencia a través de redes religiosas y programas de Creation Justice.,https://emoregon.org/creation-justice/,SCRAP Creative Reuse,Volunteer or shop at this creative reuse center that keeps materials out of the landfill and inspires sustainable art and craft projects.,Participa de forma voluntaria o realiza compras en este centro creativo de reutilización. SCRAP evita que los materiales terminen en los vertederos e inspira proyectos sostenibles de arte y manualidades.,https://portland.scrapcreativereuse.org/,,,,
"Waste Less, Reuse More",Sports or Rec Group,Researching & Learning,Reading,5 Gyres Institute,Participate in citizen science and education to fight plastic pollution.,Participa en ciencia ciudadana y educación para combatir la contaminación por plásticos.,https://www.5gyres.org/,Repair PDX,Join a repair café to help community members fix broken items and reduce waste.,Únete a un café de reparación para ayudar a la comunidad a reparar aparatos dañados y reducir la basura.,https://repairpdx.org/,Repair PDX,Join a repair café to help community members fix broken items and reduce waste.,Únete a un café de reparación para ayudar a la comunidad a reparar aparatos dañados y reducir la basura.,https://repairpdx.org/,,,,
"Waste Less, Reuse More",Sports or Rec Group,Researching & Learning,Exploring New Topics,5 Gyres Institute,Participate in citizen science and education to fight plastic pollution.,Participa en ciencia ciudadana y educación para combatir la contaminación por plásticos.,https://www.5gyres.org/,Repair PDX,Join a repair café to help community members fix broken items and reduce waste.,Únete a un café de reparación para ayudar a la comunidad a reparar aparatos dañados y reducir la basura.,https://repairpdx.org/,Repair PDX,Join a repair café to help community members fix broken items and reduce waste.,Únete a un café de reparación para ayudar a la comunidad a reparar aparatos dañados y reducir la basura.,https://repairpdx.org/,,,,
"Waste Less, Reuse More",Arts or Hobbies Group,Researching & Learning,Reading,5 Gyres Institute,Participate in citizen science and education to fight plastic pollution.,Participa en ciencia ciudadana y educación para combatir la contaminación por plásticos.,https://www.5gyres.org/,Repair PDX,Join a repair café to help community members fix broken items and reduce waste.,Únete a un café de reparación para ayudar a la comunidad a reparar aparatos dañados y reducir la basura.,https://repairpdx.org/,SCRAP Creative Reuse,Volunteer or shop at this creative reuse center that keeps materials out of the landfill and inspires sustainable art and craft projects.,Participa de forma voluntaria o realiza compras en este centro creativo de reutilización. SCRAP evita que los materiales terminen en los vertederos e inspira proyectos sostenibles de arte y manualidades.,https://portland.scrapcreativereuse.org/,350PDX,"Join Portland’s climate justice movement to take part in advocacy, creative art actions, and community learning opportunities.","Únete al movimiento por la justicia climática de Portland para participar en actividades de apoyo, acciones artísticas creativas y oportunidades de aprendizaje comunitario.",https://350pdx.org/
"Waste Less, Reuse More",Arts or Hobbies Group,Researching & Learning,Exploring New Topics,5 Gyres Institute,Participate in citizen science and education to fight plastic pollution.,Participa en ciencia ciudadana y educación para combatir la contaminación por plásticos.,https://www.5gyres.org/,Repair PDX,Join a repair café to help community members fix broken items and reduce waste.,Únete a un café de reparación para ayudar a la comunidad a reparar aparatos dañados y reducir la basura.,https://repairpdx.org/,SCRAP Creative Reuse,Volunteer or shop at this creative reuse center that keeps materials out of the landfill and inspires sustainable art and craft projects.,Participa de forma voluntaria o realiza compras en este centro creativo de reutilización. SCRAP evita que los materiales terminen en los vertederos e inspira proyectos sostenibles de arte y manualidades.,https://portland.scrapcreativereuse.org/,350PDX,"Join Portland’s climate justice movement to take part in advocacy, creative art actions, and community learning opportunities.","Únete al movimiento por la justicia climática de Portland para participar en actividades de apoyo, acciones artísticas creativas y oportunidades de aprendizaje comunitario.",https://350pdx.org/
"Waste Less, Reuse More",School or Career Group,Researching & Learning,Reading,5 Gyres Institute,Participate in citizen science and education to fight plastic pollution.,Participa en ciencia ciudadana y educación para combatir la contaminación por plásticos.,https://www.5gyres.org/,Next Up,Empower young Oregonians to engage in democracy and advocate for progressive climate and social justice policies.,Empodera a la juventud de Oregón para que participen en la democracia y aboguen por políticas progresistas de justicia social y climática.,https://nextuporegon.org/,Rogue Climate,Organize community campaigns for clean energy and climate justice across Southern Oregon.,Organiza campañas comunitarias a favor de la energía limpia y la justicia climática en el sur de Oregón.,https://rogueclimate.org/,,,,
"Waste Less, Reuse More",School or Career Group,Researching & Learning,Exploring New Topics,5 Gyres Institute,Participate in citizen science and education to fight plastic pollution.,Participa en ciencia ciudadana y educación para combatir la contaminación por plásticos.,https://www.5gyres.org/,Next Up,Empower young Oregonians to engage in democracy and advocate for progressive climate and social justice policies.,Empodera a la juventud de Oregón para que participen en la democracia y aboguen por políticas progresistas de justicia social y climática.,https://nextuporegon.org/,Rogue Climate,Organize community campaigns for clean energy and climate justice across Southern Oregon.,Organiza campañas comunitarias a favor de la energía limpia y la justicia climática en el sur de Oregón.,https://rogueclimate.org/,,,,
"Waste Less, Reuse More",Family or Household,Researching & Learning,Reading,5 Gyres Institute,Participate in citizen science and education to fight plastic pollution.,Participa en ciencia ciudadana y educación para combatir la contaminación por plásticos.,https://www.5gyres.org/,Repair PDX,Join a repair café to help community members fix broken items and reduce waste.,Únete a un café de reparación para ayudar a la comunidad a reparar aparatos dañados y reducir la basura.,https://repairpdx.org/,SCRAP Creative Reuse,Volunteer or shop at this creative reuse center that keeps materials out of the landfill and inspires sustainable art and craft projects.,Participa de forma voluntaria o realiza compras en este centro creativo de reutilización. SCRAP evita que los materiales terminen en los vertederos e inspira proyectos sostenibles de arte y manualidades.,https://portland.scrapcreativereuse.org/,,,,
"Waste Less, Reuse More",Family or Household,Researching & Learning,Exploring New Topics,5 Gyres Institute,Participate in citizen science and education to fight plastic pollution.,Participa en ciencia ciudadana y educación para combatir la contaminación por plásticos.,https://www.5gyres.org/,Repair PDX,Join a repair café to help community members fix broken items and reduce waste.,Únete a un café de reparación para ayudar a la comunidad a reparar aparatos dañados y reducir la basura.,https://repairpdx.org/,SCRAP Creative Reuse,Volunteer or shop at this creative reuse center that keeps materials out of the landfill and inspires sustainable art and craft projects.,Participa de forma voluntaria o realiza compras en este centro creativo de reutilización. SCRAP evita que los materiales terminen en los vertederos e inspira proyectos sostenibles de arte y manualidades.,https://portland.scrapcreativereuse.org/,,,,
"Waste Less, Reuse More",Community Group,Researching & Learning,Reading,5 Gyres Institute,Participate in citizen science and education to fight plastic pollution.,Participa en ciencia ciudadana y educación para combatir la contaminación por plásticos.,https://www.5gyres.org/,Next Up,Empower young Oregonians to engage in democracy and advocate for progressive climate and social justice policies.,Empodera a la juventud de Oregón para que participen en la democracia y aboguen por políticas progresistas de justicia social y climática.,https://nextuporegon.org/,Rogue Climate,Organize community campaigns for clean energy and climate justice across Southern Oregon.,Organiza campañas comunitarias a favor de la energía limpia y la justicia climática en el sur de Oregón.,https://rogueclimate.org/,,,,
"Waste Less, Reuse More",Community Group,Researching & Learning,Exploring New Topics,5 Gyres Institute,Participate in citizen science and education to fight plastic pollution.,Participa en ciencia ciudadana y educación para combatir la contaminación por plásticos.,https://www.5gyres.org/,Next Up,Empower young Oregonians to engage in democracy and advocate for progressive climate and social justice policies.,Empodera a la juventud de Oregón para que participen en la democracia y aboguen por políticas progresistas de justicia social y climática.,https://nextuporegon.org/,Rogue Climate,Organize community campaigns for clean energy and climate justice across Southern Oregon.,Organiza campañas comunitarias a favor de la energía limpia y la justicia climática en el sur de Oregón.,https://rogueclimate.org/,,,,
"Waste Less, Reuse More",Faith-Based Group,Researching & Learning,Reading,GreenFaith,Take part in global interfaith campaigns that unite moral leadership with grassroots climate action.,Participa en campañas globales  interreligiosas que unen el liderazgo moral con la acción climática comunitaria.,https://greenfaith.org/,Ecumenical Ministries of Oregon (EMO),Advance climate justice and resilience through faith-based networks and Creation Justice programs.,Promueve la justicia climática y la resiliencia a través de redes religiosas y programas de Creation Justice.,https://emoregon.org/creation-justice/,Repair PDX,Join a repair café to help community members fix broken items and reduce waste.,Únete a un café de reparación para ayudar a la comunidad a reparar aparatos dañados y reducir la basura.,https://repairpdx.org/,,,,
"Waste Less, Reuse More",Faith-Based Group,Researching & Learning,Exploring New Topics,GreenFaith,Take part in global interfaith campaigns that unite moral leadership with grassroots climate action.,Participa en campañas globales  interreligiosas que unen el liderazgo moral con la acción climática comunitaria.,https://greenfaith.org/,Ecumenical Ministries of Oregon (EMO),Advance climate justice and resilience through faith-based networks and Creation Justice programs.,Promueve la justicia climática y la resiliencia a través de redes religiosas y programas de Creation Justice.,https://emoregon.org/creation-justice/,Repair PDX,Join a repair café to help community members fix broken items and reduce waste.,Únete a un café de reparación para ayudar a la comunidad a reparar aparatos dañados y reducir la basura.,https://repairpdx.org/,,,,
"Waste Less, Reuse More",Sports or Rec Group,Teaching & Mentoring,Mentoring,Eco-Schools USA,Help schools adopt zero-waste and sustainability practices using a free framework.,Ayuda a las escuelas a adoptar prácticas de cero residuos y sostenibilidad dentro de un marco gratuito.,https://www.nwf.org/Eco-Schools-USA,Repair PDX,Join a repair café to help community members fix broken items and reduce waste.,Únete a un café de reparación para ayudar a la comunidad a reparar aparatos dañados y reducir la basura.,https://repairpdx.org/,Our Children’s Trust,Support youth-led legal actions that hold governments accountable for protecting a stable climate and a livable future.,Apoya las acciones legales lideradas por jóvenes para hacer que los gobiernos se hagan responsables de proteger un clima estable y un futuro habitable.,https://www.ourchildrenstrust.org/,Sunrise Movement PDX,Train youth to advocate for just and equitable climate solutions.,Capacita a la juventud para que abogue por soluciones climáticas justas y equitativas.,https://www.sunrisemovement.org/hubs/
"Waste Less, Reuse More",Sports or Rec Group,Teaching & Mentoring,Helping others learn,Eco-Schools USA,Help schools adopt zero-waste and sustainability practices using a free framework.,Ayuda a las escuelas a adoptar prácticas de cero residuos y sostenibilidad dentro de un marco gratuito.,https://www.nwf.org/Eco-Schools-USA,Repair PDX,Join a repair café to help community members fix broken items and reduce waste.,Únete a un café de reparación para ayudar a la comunidad a reparar aparatos dañados y reducir la basura.,https://repairpdx.org/,Our Children’s Trust,Support youth-led legal actions that hold governments accountable for protecting a stable climate and a livable future.,Apoya las acciones legales lideradas por jóvenes para hacer que los gobiernos se hagan responsables de proteger un clima estable y un futuro habitable.,https://www.ourchildrenstrust.org/,Sunrise Movement PDX,Train youth to advocate for just and equitable climate solutions.,Capacita a la juventud para que abogue por soluciones climáticas justas y equitativas.,https://www.sunrisemovement.org/hubs/
"Waste Less, Reuse More",Arts or Hobbies Group,Teaching & Mentoring,Mentoring,Eco-Schools USA,Help schools adopt zero-waste and sustainability practices using a free framework.,Ayuda a las escuelas a adoptar prácticas de cero residuos y sostenibilidad dentro de un marco gratuito.,https://www.nwf.org/Eco-Schools-USA,Repair PDX,Join a repair café to help community members fix broken items and reduce waste.,Únete a un café de reparación para ayudar a la comunidad a reparar aparatos dañados y reducir la basura.,https://repairpdx.org/,Our Children’s Trust,Support youth-led legal actions that hold governments accountable for protecting a stable climate and a livable future.,Apoya las acciones legales lideradas por jóvenes para hacer que los gobiernos se hagan responsables de proteger un clima estable y un futuro habitable.,https://www.ourchildrenstrust.org/,Sunrise Movement PDX,Train youth to advocate for just and equitable climate solutions.,Capacita a la juventud para que abogue por soluciones climáticas justas y equitativas.,https://www.sunrisemovement.org/hubs/
"Waste Less, Reuse More",Arts or Hobbies Group,Teaching & Mentoring,Helping others learn,Eco-Schools USA,Help schools adopt zero-waste and sustainability practices using a free framework.,Ayuda a las escuelas a adoptar prácticas de cero residuos y sostenibilidad dentro de un marco gratuito.,https://www.nwf.org/Eco-Schools-USA,Repair PDX,Join a repair café to help community members fix broken items and reduce waste.,Únete a un café de reparación para ayudar a la comunidad a reparar aparatos dañados y reducir la basura.,https://repairpdx.org/,Our Children’s Trust,Support youth-led legal actions that hold governments accountable for protecting a stable climate and a livable future.,Apoya las acciones legales lideradas por jóvenes para hacer que los gobiernos se hagan responsables de proteger un clima estable y un futuro habitable.,https://www.ourchildrenstrust.org/,Sunrise Movement PDX,Train youth to advocate for just and equitable climate solutions.,Capacita a la juventud para que abogue por soluciones climáticas justas y equitativas.,https://www.sunrisemovement.org/hubs/
"Waste Less, Reuse More",School or Career Group,Teaching & Mentoring,Mentoring,Eco-Schools USA,Help schools adopt zero-waste and sustainability practices using a free framework.,Ayuda a las escuelas a adoptar prácticas de cero residuos y sostenibilidad dentro de un marco gratuito.,https://www.nwf.org/Eco-Schools-USA,YEJA (Youth Environmental Justice Alliance),Organize with youth in Portland to advance environmental and climate justice.,Organízate con jóvenes de Portland para fomentar la justicia ambiental y climática.,https://www.opalpdx.org/yeja/,Our Children’s Trust,Support youth-led legal actions that hold governments accountable for protecting a stable climate and a livable future.,Apoya las acciones legales lideradas por jóvenes para hacer que los gobiernos se hagan responsables de proteger un clima estable y un futuro habitable.,https://www.ourchildrenstrust.org/,Rogue Climate,Organize community campaigns for clean energy and climate justice across Southern Oregon.,Organiza campañas comunitarias a favor de la energía limpia y la justicia climática en el sur de Oregón.,https://rogueclimate.org/
"Waste Less, Reuse More",School or Career Group,Teaching & Mentoring,Helping others learn,Eco-Schools USA,Help schools adopt zero-waste and sustainability practices using a free framework.,Ayuda a las escuelas a adoptar prácticas de cero residuos y sostenibilidad dentro de un marco gratuito.,https://www.nwf.org/Eco-Schools-USA,YEJA (Youth Environmental Justice Alliance),Organize with youth in Portland to advance environmental and climate justice.,Organízate con jóvenes de Portland para fomentar la justicia ambiental y climática.,https://www.opalpdx.org/yeja/,Our Children’s Trust,Support youth-led legal actions that hold governments accountable for protecting a stable climate and a livable future.,Apoya las acciones legales lideradas por jóvenes para hacer que los gobiernos se hagan responsables de proteger un clima estable y un futuro habitable.,https://www.ourchildrenstrust.org/,Rogue Climate,Organize community campaigns for clean energy and climate justice across Southern Oregon.,Organiza campañas comunitarias a favor de la energía limpia y la justicia climática en el sur de Oregón.,https://rogueclimate.org/
"Waste Less, Reuse More",Family or Household,Teaching & Mentoring,Mentoring,Eco-Schools USA,Help schools adopt zero-waste and sustainability practices using a free framework.,Ayuda a las escuelas a adoptar prácticas de cero residuos y sostenibilidad dentro de un marco gratuito.,https://www.nwf.org/Eco-Schools-USA,Repair PDX,Join a repair café to help community members fix broken items and reduce waste.,Únete a un café de reparación para ayudar a la comunidad a reparar aparatos dañados y reducir la basura.,https://repairpdx.org/,Our Children’s Trust,Support youth-led legal actions that hold governments accountable for protecting a stable climate and a livable future.,Apoya las acciones legales lideradas por jóvenes para hacer que los gobiernos se hagan responsables de proteger un clima estable y un futuro habitable.,https://www.ourchildrenstrust.org/,Sunrise Movement PDX,Train youth to advocate for just and equitable climate solutions.,Capacita a la juventud para que abogue por soluciones climáticas justas y equitativas.,https://www.sunrisemovement.org/hubs/
"Waste Less, Reuse More",Family or Household,Teaching & Mentoring,Helping others learn,Eco-Schools USA,Help schools adopt zero-waste and sustainability practices using a free framework.,Ayuda a las escuelas a adoptar prácticas de cero residuos y sostenibilidad dentro de un marco gratuito.,https://www.nwf.org/Eco-Schools-USA,Repair PDX,Join a repair café to help community members fix broken items and reduce waste.,Únete a un café de reparación para ayudar a la comunidad a reparar aparatos dañados y reducir la basura.,https://repairpdx.org/,Our Children’s Trust,Support youth-led legal actions that hold governments accountable for protecting a stable climate and a livable future.,Apoya las acciones legales lideradas por jóvenes para hacer que los gobiernos se hagan responsables de proteger un clima estable y un futuro habitable.,https://www.ourchildrenstrust.org/,Sunrise Movement PDX,Train youth to advocate for just and equitable climate solutions.,Capacita a la juventud para que abogue por soluciones climáticas justas y equitativas.,https://www.sunrisemovement.org/hubs/
"Waste Less, Reuse More",Community Group,Teaching & Mentoring,Mentoring,Eco-Schools USA,Help schools adopt zero-waste and sustainability practices using a free framework.,Ayuda a las escuelas a adoptar prácticas de cero residuos y sostenibilidad dentro de un marco gratuito.,https://www.nwf.org/Eco-Schools-USA,YEJA (Youth Environmental Justice Alliance),Organize with youth in Portland to advance environmental and climate justice.,Organízate con jóvenes de Portland para fomentar la justicia ambiental y climática.,https://www.opalpdx.org/yeja/,Our Children’s Trust,Support youth-led legal actions that hold governments accountable for protecting a stable climate and a livable future.,Apoya las acciones legales lideradas por jóvenes para hacer que los gobiernos se hagan responsables de proteger un clima estable y un futuro habitable.,https://www.ourchildrenstrust.org/,Rogue Climate,Organize community campaigns for clean energy and climate justice across Southern Oregon.,Organiza campañas comunitarias a favor de la energía limpia y la justicia climática en el sur de Oregón.,https://rogueclimate.org/
"Waste Less, Reuse More",Community Group,Teaching & Mentoring,Helping others learn,Eco-Schools USA,Help schools adopt zero-waste and sustainability practices using a free framework.,Ayuda a las escuelas a adoptar prácticas de cero residuos y sostenibilidad dentro de un marco gratuito.,https://www.nwf.org/Eco-Schools-USA,YEJA (Youth Environmental Justice Alliance),Organize with youth in Portland to advance environmental and climate justice.,Organízate con jóvenes de Portland para fomentar la justicia ambiental y climática.,https://www.opalpdx.org/yeja/,Our Children’s Trust,Support youth-led legal actions that hold governments accountable for protecting a stable climate and a livable future.,Apoya las acciones legales lideradas por jóvenes para hacer que los gobiernos se hagan responsables de proteger un clima estable y un futuro habitable.,https://www.ourchildrenstrust.org/,Rogue Climate,Organize community campaigns for clean energy and climate justice across Southern Oregon.,Organiza campañas comunitarias a favor de la energía limpia y la justicia climática en el sur de Oregón.,https://rogueclimate.org/
"Waste Less, Reuse More",Faith-Based Group,Teaching & Mentoring,Mentoring,GreenFaith,Take part in global interfaith campaigns that unite moral leadership with grassroots climate action.,Participa en campañas globales  interreligiosas que unen el liderazgo moral con la acción climática comunitaria.,https://greenfaith.org/,Ecumenical Ministries of Oregon (EMO),Advance climate justice and resilience through faith-based networks and Creation Justice programs.,Promueve la justicia climática y la resiliencia a través de redes religiosas y programas de Creation Justice.,https://emoregon.org/creation-justice/,Our Children’s Trust,Support youth-led legal actions that hold governments accountable for protecting a stable climate and a livable future.,Apoya las acciones legales lideradas por jóvenes para hacer que los gobiernos se hagan responsables de proteger un clima estable y un futuro habitable.,https://www.ourchildrenstrust.org/,Sunrise Movement PDX,Train youth to advocate for just and equitable climate solutions.,Capacita a la juventud para que abogue por soluciones climáticas justas y equitativas.,https://www.sunrisemovement.org/hubs/
"Waste Less, Reuse More",Faith-Based Group,Teaching & Mentoring,Helping others learn,GreenFaith,Take part in global interfaith campaigns that unite moral leadership with grassroots climate action.,Participa en campañas globales  interreligiosas que unen el liderazgo moral con la acción climática comunitaria.,https://greenfaith.org/,Ecumenical Ministries of Oregon (EMO),Advance climate justice and resilience through faith-based networks and Creation Justice programs.,Promueve la justicia climática y la resiliencia a través de redes religiosas y programas de Creation Justice.,https://emoregon.org/creation-justice/,Our Children’s Trust,Support youth-led legal actions that hold governments accountable for protecting a stable climate and a livable future.,Apoya las acciones legales lideradas por jóvenes para hacer que los gobiernos se hagan responsables de proteger un clima estable y un futuro habitable.,https://www.ourchildrenstrust.org/,Sunrise Movement PDX,Train youth to advocate for just and equitable climate solutions.,Capacita a la juventud para que abogue por soluciones climáticas justas y equitativas.,https://www.sunrisemovement.org/hubs/
