:0200000460009A
:100000004643464200000156000000000101020084
:1000100000000000000000000000000000000000E0
:1000200000000000000000000000000000000000D0
:1000300000000000000000000000000000000000C0
:1000400000000000010406010000000000000000A4
:100050000000200000000000000000000000000080
:100060000000000000000000000000000000000090
:100070000000000000000000000000000000000080
:10008000EB04180AFF1E04320126000000000000E5
:100090000000000000000000000000000000000060
:1000A0000000000000000000000000000000000050
:1000B0000000000000000000000000000000000040
:1000C0000000000000000000000000000000000030
:1000D0000000000000000000000000000000000020
:1000E0000000000000000000000000000000000010
:1000F0000000000000000000000000000000000000
:1001000000000000000000000000000000000000EF
:1001100000000000000000000000000000000000DF
:1001200000000000000000000000000000000000CF
:1001300000000000000000000000000000000000BF
:1001400000000000000000000000000000000000AF
:10015000000000000000000000000000000000009F
:10016000000000000000000000000000000000008F
:10017000000000000000000000000000000000007F
:10018000000000000000000000000000000000006F
:10019000000000000000000000000000000000005F
:1001A000000000000000000000000000000000004F
:1001B000000000000000000000000000000000003F
:1001C000000100000010000001000000000000001D
:1001D000000001000000000000000000000000001E
:1001E000000000000000000000000000000000000F
:1001F00000000000000000000000000000000000FF
:10020000FFFFFFFFFFFFFFFFFFFFFFFFFFFFFFFFFE
:10021000FFFFFFFFFFFFFFFFFFFFFFFFFFFFFFFFEE
:10022000FFFFFFFFFFFFFFFFFFFFFFFFFFFFFFFFDE
:10023000FFFFFFFFFFFFFFFFFFFFFFFFFFFFFFFFCE
:10024000FFFFFFFFFFFFFFFFFFFFFFFFFFFFFFFFBE
:10025000FFFFFFFFFFFFFFFFFFFFFFFFFFFFFFFFAE
:10026000FFFFFFFFFFFFFFFFFFFFFFFFFFFFFFFF9E
:10027000FFFFFFFFFFFFFFFFFFFFFFFFFFFFFFFF8E
:10028000FFFFFFFFFFFFFFFFFFFFFFFFFFFFFFFF7E
:10029000FFFFFFFFFFFFFFFFFFFFFFFFFFFFFFFF6E
:1002A000FFFFFFFFFFFFFFFFFFFFFFFFFFFFFFFF5E
:1002B000FFFFFFFFFFFFFFFFFFFFFFFFFFFFFFFF4E
:1002C000FFFFFFFFFFFFFFFFFFFFFFFFFFFFFFFF3E
:1002D000FFFFFFFFFFFFFFFFFFFFFFFFFFFFFFFF2E
:1002E000FFFFFFFFFFFFFFFFFFFFFFFFFFFFFFFF1E
:1002F000FFFFFFFFFFFFFFFFFFFFFFFFFFFFFFFF0E
:10030000FFFFFFFFFFFFFFFFFFFFFFFFFFFFFFFFFD
:10031000FFFFFFFFFFFFFFFFFFFFFFFFFFFFFFFFED
:10032000FFFFFFFFFFFFFFFFFFFFFFFFFFFFFFFFDD
:10033000FFFFFFFFFFFFFFFFFFFFFFFFFFFFFFFFCD
:10034000FFFFFFFFFFFFFFFFFFFFFFFFFFFFFFFFBD
:10035000FFFFFFFFFFFFFFFFFFFFFFFFFFFFFFFFAD
:10036000FFFFFFFFFFFFFFFFFFFFFFFFFFFFFFFF9D
:10037000FFFFFFFFFFFFFFFFFFFFFFFFFFFFFFFF8D
:10038000FFFFFFFFFFFFFFFFFFFFFFFFFFFFFFFF7D
:10039000FFFFFFFFFFFFFFFFFFFFFFFFFFFFFFFF6D
:1003A000FFFFFFFFFFFFFFFFFFFFFFFFFFFFFFFF5D
:1003B000FFFFFFFFFFFFFFFFFFFFFFFFFFFFFFFF4D
:1003C000FFFFFFFFFFFFFFFFFFFFFFFFFFFFFFFF3D
:1003D000FFFFFFFFFFFFFFFFFFFFFFFFFFFFFFFF2D
:1003E000FFFFFFFFFFFFFFFFFFFFFFFFFFFFFFFF1D
:1003F000FFFFFFFFFFFFFFFFFFFFFFFFFFFFFFFF0D
:10040000FFFFFFFFFFFFFFFFFFFFFFFFFFFFFFFFFC
:10041000FFFFFFFFFFFFFFFFFFFFFFFFFFFFFFFFEC
:10042000FFFFFFFFFFFFFFFFFFFFFFFFFFFFFFFFDC
:10043000FFFFFFFFFFFFFFFFFFFFFFFFFFFFFFFFCC
:10044000FFFFFFFFFFFFFFFFFFFFFFFFFFFFFFFFBC
:10045000FFFFFFFFFFFFFFFFFFFFFFFFFFFFFFFFAC
:10046000FFFFFFFFFFFFFFFFFFFFFFFFFFFFFFFF9C
:10047000FFFFFFFFFFFFFFFFFFFFFFFFFFFFFFFF8C
:10048000FFFFFFFFFFFFFFFFFFFFFFFFFFFFFFFF7C
:10049000FFFFFFFFFFFFFFFFFFFFFFFFFFFFFFFF6C
:1004A000FFFFFFFFFFFFFFFFFFFFFFFFFFFFFFFF5C
:1004B000FFFFFFFFFFFFFFFFFFFFFFFFFFFFFFFF4C
:1004C000FFFFFFFFFFFFFFFFFFFFFFFFFFFFFFFF3C
:1004D000FFFFFFFFFFFFFFFFFFFFFFFFFFFFFFFF2C
:1004E000FFFFFFFFFFFFFFFFFFFFFFFFFFFFFFFF1C
:1004F000FFFFFFFFFFFFFFFFFFFFFFFFFFFFFFFF0C
:10050000FFFFFFFFFFFFFFFFFFFFFFFFFFFFFFFFFB
:10051000FFFFFFFFFFFFFFFFFFFFFFFFFFFFFFFFEB
:10052000FFFFFFFFFFFFFFFFFFFFFFFFFFFFFFFFDB
:10053000FFFFFFFFFFFFFFFFFFFFFFFFFFFFFFFFCB
:10054000FFFFFFFFFFFFFFFFFFFFFFFFFFFFFFFFBB
:10055000FFFFFFFFFFFFFFFFFFFFFFFFFFFFFFFFAB
:10056000FFFFFFFFFFFFFFFFFFFFFFFFFFFFFFFF9B
:10057000FFFFFFFFFFFFFFFFFFFFFFFFFFFFFFFF8B
:10058000FFFFFFFFFFFFFFFFFFFFFFFFFFFFFFFF7B
:10059000FFFFFFFFFFFFFFFFFFFFFFFFFFFFFFFF6B
:1005A000FFFFFFFFFFFFFFFFFFFFFFFFFFFFFFFF5B
:1005B000FFFFFFFFFFFFFFFFFFFFFFFFFFFFFFFF4B
:1005C000FFFFFFFFFFFFFFFFFFFFFFFFFFFFFFFF3B
:1005D000FFFFFFFFFFFFFFFFFFFFFFFFFFFFFFFF2B
:1005E000FFFFFFFFFFFFFFFFFFFFFFFFFFFFFFFF1B
:1005F000FFFFFFFFFFFFFFFFFFFFFFFFFFFFFFFF0B
:10060000FFFFFFFFFFFFFFFFFFFFFFFFFFFFFFFFFA
:10061000FFFFFFFFFFFFFFFFFFFFFFFFFFFFFFFFEA
:10062000FFFFFFFFFFFFFFFFFFFFFFFFFFFFFFFFDA
:10063000FFFFFFFFFFFFFFFFFFFFFFFFFFFFFFFFCA
:10064000FFFFFFFFFFFFFFFFFFFFFFFFFFFFFFFFBA
:10065000FFFFFFFFFFFFFFFFFFFFFFFFFFFFFFFFAA
:10066000FFFFFFFFFFFFFFFFFFFFFFFFFFFFFFFF9A
:10067000FFFFFFFFFFFFFFFFFFFFFFFFFFFFFFFF8A
:10068000FFFFFFFFFFFFFFFFFFFFFFFFFFFFFFFF7A
:10069000FFFFFFFFFFFFFFFFFFFFFFFFFFFFFFFF6A
:1006A000FFFFFFFFFFFFFFFFFFFFFFFFFFFFFFFF5A
:1006B000FFFFFFFFFFFFFFFFFFFFFFFFFFFFFFFF4A
:1006C000FFFFFFFFFFFFFFFFFFFFFFFFFFFFFFFF3A
:1006D000FFFFFFFFFFFFFFFFFFFFFFFFFFFFFFFF2A
:1006E000FFFFFFFFFFFFFFFFFFFFFFFFFFFFFFFF1A
:1006F000FFFFFFFFFFFFFFFFFFFFFFFFFFFFFFFF0A
:10070000FFFFFFFFFFFFFFFFFFFFFFFFFFFFFFFFF9
:10071000FFFFFFFFFFFFFFFFFFFFFFFFFFFFFFFFE9
:10072000FFFFFFFFFFFFFFFFFFFFFFFFFFFFFFFFD9
:10073000FFFFFFFFFFFFFFFFFFFFFFFFFFFFFFFFC9
:10074000FFFFFFFFFFFFFFFFFFFFFFFFFFFFFFFFB9
:10075000FFFFFFFFFFFFFFFFFFFFFFFFFFFFFFFFA9
:10076000FFFFFFFFFFFFFFFFFFFFFFFFFFFFFFFF99
:10077000FFFFFFFFFFFFFFFFFFFFFFFFFFFFFFFF89
:10078000FFFFFFFFFFFFFFFFFFFFFFFFFFFFFFFF79
:10079000FFFFFFFFFFFFFFFFFFFFFFFFFFFFFFFF69
:1007A000FFFFFFFFFFFFFFFFFFFFFFFFFFFFFFFF59
:1007B000FFFFFFFFFFFFFFFFFFFFFFFFFFFFFFFF49
:1007C000FFFFFFFFFFFFFFFFFFFFFFFFFFFFFFFF39
:1007D000FFFFFFFFFFFFFFFFFFFFFFFFFFFFFFFF29
:1007E000FFFFFFFFFFFFFFFFFFFFFFFFFFFFFFFF19
:1007F000FFFFFFFFFFFFFFFFFFFFFFFFFFFFFFFF09
:10080000FFFFFFFFFFFFFFFFFFFFFFFFFFFFFFFFF8
:10081000FFFFFFFFFFFFFFFFFFFFFFFFFFFFFFFFE8
:10082000FFFFFFFFFFFFFFFFFFFFFFFFFFFFFFFFD8
:10083000FFFFFFFFFFFFFFFFFFFFFFFFFFFFFFFFC8
:10084000FFFFFFFFFFFFFFFFFFFFFFFFFFFFFFFFB8
:10085000FFFFFFFFFFFFFFFFFFFFFFFFFFFFFFFFA8
:10086000FFFFFFFFFFFFFFFFFFFFFFFFFFFFFFFF98
:10087000FFFFFFFFFFFFFFFFFFFFFFFFFFFFFFFF88
:10088000FFFFFFFFFFFFFFFFFFFFFFFFFFFFFFFF78
:10089000FFFFFFFFFFFFFFFFFFFFFFFFFFFFFFFF68
:1008A000FFFFFFFFFFFFFFFFFFFFFFFFFFFFFFFF58
:1008B000FFFFFFFFFFFFFFFFFFFFFFFFFFFFFFFF48
:1008C000FFFFFFFFFFFFFFFFFFFFFFFFFFFFFFFF38
:1008D000FFFFFFFFFFFFFFFFFFFFFFFFFFFFFFFF28
:1008E000FFFFFFFFFFFFFFFFFFFFFFFFFFFFFFFF18
:1008F000FFFFFFFFFFFFFFFFFFFFFFFFFFFFFFFF08
:10090000FFFFFFFFFFFFFFFFFFFFFFFFFFFFFFFFF7
:10091000FFFFFFFFFFFFFFFFFFFFFFFFFFFFFFFFE7
:10092000FFFFFFFFFFFFFFFFFFFFFFFFFFFFFFFFD7
:10093000FFFFFFFFFFFFFFFFFFFFFFFFFFFFFFFFC7
:10094000FFFFFFFFFFFFFFFFFFFFFFFFFFFFFFFFB7
:10095000FFFFFFFFFFFFFFFFFFFFFFFFFFFFFFFFA7
:10096000FFFFFFFFFFFFFFFFFFFFFFFFFFFFFFFF97
:10097000FFFFFFFFFFFFFFFFFFFFFFFFFFFFFFFF87
:10098000FFFFFFFFFFFFFFFFFFFFFFFFFFFFFFFF77
:10099000FFFFFFFFFFFFFFFFFFFFFFFFFFFFFFFF67
:1009A000FFFFFFFFFFFFFFFFFFFFFFFFFFFFFFFF57
:1009B000FFFFFFFFFFFFFFFFFFFFFFFFFFFFFFFF47
:1009C000FFFFFFFFFFFFFFFFFFFFFFFFFFFFFFFF37
:1009D000FFFFFFFFFFFFFFFFFFFFFFFFFFFFFFFF27
:1009E000FFFFFFFFFFFFFFFFFFFFFFFFFFFFFFFF17
:1009F000FFFFFFFFFFFFFFFFFFFFFFFFFFFFFFFF07
:100A0000FFFFFFFFFFFFFFFFFFFFFFFFFFFFFFFFF6
:100A1000FFFFFFFFFFFFFFFFFFFFFFFFFFFFFFFFE6
:100A2000FFFFFFFFFFFFFFFFFFFFFFFFFFFFFFFFD6
:100A3000FFFFFFFFFFFFFFFFFFFFFFFFFFFFFFFFC6
:100A4000FFFFFFFFFFFFFFFFFFFFFFFFFFFFFFFFB6
:100A5000FFFFFFFFFFFFFFFFFFFFFFFFFFFFFFFFA6
:100A6000FFFFFFFFFFFFFFFFFFFFFFFFFFFFFFFF96
:100A7000FFFFFFFFFFFFFFFFFFFFFFFFFFFFFFFF86
:100A8000FFFFFFFFFFFFFFFFFFFFFFFFFFFFFFFF76
:100A9000FFFFFFFFFFFFFFFFFFFFFFFFFFFFFFFF66
:100AA000FFFFFFFFFFFFFFFFFFFFFFFFFFFFFFFF56
:100AB000FFFFFFFFFFFFFFFFFFFFFFFFFFFFFFFF46
:100AC000FFFFFFFFFFFFFFFFFFFFFFFFFFFFFFFF36
:100AD000FFFFFFFFFFFFFFFFFFFFFFFFFFFFFFFF26
:100AE000FFFFFFFFFFFFFFFFFFFFFFFFFFFFFFFF16
:100AF000FFFFFFFFFFFFFFFFFFFFFFFFFFFFFFFF06
:100B0000FFFFFFFFFFFFFFFFFFFFFFFFFFFFFFFFF5
:100B1000FFFFFFFFFFFFFFFFFFFFFFFFFFFFFFFFE5
:100B2000FFFFFFFFFFFFFFFFFFFFFFFFFFFFFFFFD5
:100B3000FFFFFFFFFFFFFFFFFFFFFFFFFFFFFFFFC5
:100B4000FFFFFFFFFFFFFFFFFFFFFFFFFFFFFFFFB5
:100B5000FFFFFFFFFFFFFFFFFFFFFFFFFFFFFFFFA5
:100B6000FFFFFFFFFFFFFFFFFFFFFFFFFFFFFFFF95
:100B7000FFFFFFFFFFFFFFFFFFFFFFFFFFFFFFFF85
:100B8000FFFFFFFFFFFFFFFFFFFFFFFFFFFFFFFF75
:100B9000FFFFFFFFFFFFFFFFFFFFFFFFFFFFFFFF65
:100BA000FFFFFFFFFFFFFFFFFFFFFFFFFFFFFFFF55
:100BB000FFFFFFFFFFFFFFFFFFFFFFFFFFFFFFFF45
:100BC000FFFFFFFFFFFFFFFFFFFFFFFFFFFFFFFF35
:100BD000FFFFFFFFFFFFFFFFFFFFFFFFFFFFFFFF25
:100BE000FFFFFFFFFFFFFFFFFFFFFFFFFFFFFFFF15
:100BF000FFFFFFFFFFFFFFFFFFFFFFFFFFFFFFFF05
:100C0000FFFFFFFFFFFFFFFFFFFFFFFFFFFFFFFFF4
:100C1000FFFFFFFFFFFFFFFFFFFFFFFFFFFFFFFFE4
:100C2000FFFFFFFFFFFFFFFFFFFFFFFFFFFFFFFFD4
:100C3000FFFFFFFFFFFFFFFFFFFFFFFFFFFFFFFFC4
:100C4000FFFFFFFFFFFFFFFFFFFFFFFFFFFFFFFFB4
:100C5000FFFFFFFFFFFFFFFFFFFFFFFFFFFFFFFFA4
:100C6000FFFFFFFFFFFFFFFFFFFFFFFFFFFFFFFF94
:100C7000FFFFFFFFFFFFFFFFFFFFFFFFFFFFFFFF84
:100C8000FFFFFFFFFFFFFFFFFFFFFFFFFFFFFFFF74
:100C9000FFFFFFFFFFFFFFFFFFFFFFFFFFFFFFFF64
:100CA000FFFFFFFFFFFFFFFFFFFFFFFFFFFFFFFF54
:100CB000FFFFFFFFFFFFFFFFFFFFFFFFFFFFFFFF44
:100CC000FFFFFFFFFFFFFFFFFFFFFFFFFFFFFFFF34
:100CD000FFFFFFFFFFFFFFFFFFFFFFFFFFFFFFFF24
:100CE000FFFFFFFFFFFFFFFFFFFFFFFFFFFFFFFF14
:100CF000FFFFFFFFFFFFFFFFFFFFFFFFFFFFFFFF04
:100D0000FFFFFFFFFFFFFFFFFFFFFFFFFFFFFFFFF3
:100D1000FFFFFFFFFFFFFFFFFFFFFFFFFFFFFFFFE3
:100D2000FFFFFFFFFFFFFFFFFFFFFFFFFFFFFFFFD3
:100D3000FFFFFFFFFFFFFFFFFFFFFFFFFFFFFFFFC3
:100D4000FFFFFFFFFFFFFFFFFFFFFFFFFFFFFFFFB3
:100D5000FFFFFFFFFFFFFFFFFFFFFFFFFFFFFFFFA3
:100D6000FFFFFFFFFFFFFFFFFFFFFFFFFFFFFFFF93
:100D7000FFFFFFFFFFFFFFFFFFFFFFFFFFFFFFFF83
:100D8000FFFFFFFFFFFFFFFFFFFFFFFFFFFFFFFF73
:100D9000FFFFFFFFFFFFFFFFFFFFFFFFFFFFFFFF63
:100DA000FFFFFFFFFFFFFFFFFFFFFFFFFFFFFFFF53
:100DB000FFFFFFFFFFFFFFFFFFFFFFFFFFFFFFFF43
:100DC000FFFFFFFFFFFFFFFFFFFFFFFFFFFFFFFF33
:100DD000FFFFFFFFFFFFFFFFFFFFFFFFFFFFFFFF23
:100DE000FFFFFFFFFFFFFFFFFFFFFFFFFFFFFFFF13
:100DF000FFFFFFFFFFFFFFFFFFFFFFFFFFFFFFFF03
:100E0000FFFFFFFFFFFFFFFFFFFFFFFFFFFFFFFFF2
:100E1000FFFFFFFFFFFFFFFFFFFFFFFFFFFFFFFFE2
:100E2000FFFFFFFFFFFFFFFFFFFFFFFFFFFFFFFFD2
:100E3000FFFFFFFFFFFFFFFFFFFFFFFFFFFFFFFFC2
:100E4000FFFFFFFFFFFFFFFFFFFFFFFFFFFFFFFFB2
:100E5000FFFFFFFFFFFFFFFFFFFFFFFFFFFFFFFFA2
:100E6000FFFFFFFFFFFFFFFFFFFFFFFFFFFFFFFF92
:100E7000FFFFFFFFFFFFFFFFFFFFFFFFFFFFFFFF82
:100E8000FFFFFFFFFFFFFFFFFFFFFFFFFFFFFFFF72
:100E9000FFFFFFFFFFFFFFFFFFFFFFFFFFFFFFFF62
:100EA000FFFFFFFFFFFFFFFFFFFFFFFFFFFFFFFF52
:100EB000FFFFFFFFFFFFFFFFFFFFFFFFFFFFFFFF42
:100EC000FFFFFFFFFFFFFFFFFFFFFFFFFFFFFFFF32
:100ED000FFFFFFFFFFFFFFFFFFFFFFFFFFFFFFFF22
:100EE000FFFFFFFFFFFFFFFFFFFFFFFFFFFFFFFF12
:100EF000FFFFFFFFFFFFFFFFFFFFFFFFFFFFFFFF02
:100F0000FFFFFFFFFFFFFFFFFFFFFFFFFFFFFFFFF1
:100F1000FFFFFFFFFFFFFFFFFFFFFFFFFFFFFFFFE1
:100F2000FFFFFFFFFFFFFFFFFFFFFFFFFFFFFFFFD1
:100F3000FFFFFFFFFFFFFFFFFFFFFFFFFFFFFFFFC1
:100F4000FFFFFFFFFFFFFFFFFFFFFFFFFFFFFFFFB1
:100F5000FFFFFFFFFFFFFFFFFFFFFFFFFFFFFFFFA1
:100F6000FFFFFFFFFFFFFFFFFFFFFFFFFFFFFFFF91
:100F7000FFFFFFFFFFFFFFFFFFFFFFFFFFFFFFFF81
:100F8000FFFFFFFFFFFFFFFFFFFFFFFFFFFFFFFF71
:100F9000FFFFFFFFFFFFFFFFFFFFFFFFFFFFFFFF61
:100FA000FFFFFFFFFFFFFFFFFFFFFFFFFFFFFFFF51
:100FB000FFFFFFFFFFFFFFFFFFFFFFFFFFFFFFFF41
:100FC000FFFFFFFFFFFFFFFFFFFFFFFFFFFFFFFF31
:100FD000FFFFFFFFFFFFFFFFFFFFFFFFFFFFFFFF21
:100FE000FFFFFFFFFFFFFFFFFFFFFFFFFFFFFFFF11
:100FF000FFFFFFFFFFFFFFFFFFFFFFFFFFFFFFFF01
:10100000D1002043ED15006000000000000000004A
:10101000201000600010006000E000600000000090
:101020000000006000EC000000000000FFFFFFFF78
:10103000FFFFFFFFFFFFFFFFFFFFFFFFFFFFFFFFC0
:10104000FFFFFFFFFFFFFFFFFFFFFFFFFFFFFFFFB0
:10105000FFFFFFFFFFFFFFFFFFFFFFFFFFFFFFFFA0
:10106000FFFFFFFFFFFFFFFFFFFFFFFFFFFFFFFF90
:10107000FFFFFFFFFFFFFFFFFFFFFFFFFFFFFFFF80
:10108000FFFFFFFFFFFFFFFFFFFFFFFFFFFFFFFF70
:10109000FFFFFFFFFFFFFFFFFFFFFFFFFFFFFFFF60
:1010A000FFFFFFFFFFFFFFFFFFFFFFFFFFFFFFFF50
:1010B000FFFFFFFFFFFFFFFFFFFFFFFFFFFFFFFF40
:1010C000FFFFFFFFFFFFFFFFFFFFFFFFFFFFFFFF30
:1010D000FFFFFFFFFFFFFFFFFFFFFFFFFFFFFFFF20
:1010E000FFFFFFFFFFFFFFFFFFFFFFFFFFFFFFFF10
:1010F000FFFFFFFFFFFFFFFFFFFFFFFFFFFFFFFF00
:10110000FFFFFFFFFFFFFFFFFFFFFFFFFFFFFFFFEF
:10111000FFFFFFFFFFFFFFFFFFFFFFFFFFFFFFFFDF
:10112000FFFFFFFFFFFFFFFFFFFFFFFFFFFFFFFFCF
:10113000FFFFFFFFFFFFFFFFFFFFFFFFFFFFFFFFBF
:10114000FFFFFFFFFFFFFFFFFFFFFFFFFFFFFFFFAF
:10115000FFFFFFFFFFFFFFFFFFFFFFFFFFFFFFFF9F
:10116000FFFFFFFFFFFFFFFFFFFFFFFFFFFFFFFF8F
:10117000FFFFFFFFFFFFFFFFFFFFFFFFFFFFFFFF7F
:10118000FFFFFFFFFFFFFFFFFFFFFFFFFFFFFFFF6F
:10119000FFFFFFFFFFFFFFFFFFFFFFFFFFFFFFFF5F
:1011A000FFFFFFFFFFFFFFFFFFFFFFFFFFFFFFFF4F
:1011B000FFFFFFFFFFFFFFFFFFFFFFFFFFFFFFFF3F
:1011C000FFFFFFFFFFFFFFFFFFFFFFFFFFFFFFFF2F
:1011D000FFFFFFFFFFFFFFFFFFFFFFFFFFFFFFFF1F
:1011E000FFFFFFFFFFFFFFFFFFFFFFFFFFFFFFFF0F
:1011F000FFFFFFFFFFFFFFFFFFFFFFFFFFFFFFFFFF
:10120000FFFFFFFFFFFFFFFFFFFFFFFFFFFFFFFFEE
:10121000FFFFFFFFFFFFFFFFFFFFFFFFFFFFFFFFDE
:10122000FFFFFFFFFFFFFFFFFFFFFFFFFFFFFFFFCE
:10123000FFFFFFFFFFFFFFFFFFFFFFFFFFFFFFFFBE
:10124000FFFFFFFFFFFFFFFFFFFFFFFFFFFFFFFFAE
:10125000FFFFFFFFFFFFFFFFFFFFFFFFFFFFFFFF9E
:10126000FFFFFFFFFFFFFFFFFFFFFFFFFFFFFFFF8E
:10127000FFFFFFFFFFFFFFFFFFFFFFFFFFFFFFFF7E
:10128000FFFFFFFFFFFFFFFFFFFFFFFFFFFFFFFF6E
:10129000FFFFFFFFFFFFFFFFFFFFFFFFFFFFFFFF5E
:1012A000FFFFFFFFFFFFFFFFFFFFFFFFFFFFFFFF4E
:1012B000FFFFFFFFFFFFFFFFFFFFFFFFFFFFFFFF3E
:1012C000FFFFFFFFFFFFFFFFFFFFFFFFFFFFFFFF2E
:1012D000FFFFFFFFFFFFFFFFFFFFFFFFFFFFFFFF1E
:1012E000FFFFFFFFFFFFFFFFFFFFFFFFFFFFFFFF0E
:1012F000FFFFFFFFFFFFFFFFFFFFFFFFFFFFFFFFFE
:10130000FFFFFFFFFFFFFFFFFFFFFFFFFFFFFFFFED
:10131000FFFFFFFFFFFFFFFFFFFFFFFFFFFFFFFFDD
:10132000FFFFFFFFFFFFFFFFFFFFFFFFFFFFFFFFCD
:10133000FFFFFFFFFFFFFFFFFFFFFFFFFFFFFFFFBD
:10134000FFFFFFFFFFFFFFFFFFFFFFFFFFFFFFFFAD
:10135000FFFFFFFFFFFFFFFFFFFFFFFFFFFFFFFF9D
:10136000FFFFFFFFFFFFFFFFFFFFFFFFFFFFFFFF8D
:10137000FFFFFFFFFFFFFFFFFFFFFFFFFFFFFFFF7D
:10138000FFFFFFFFFFFFFFFFFFFFFFFFFFFFFFFF6D
:10139000FFFFFFFFFFFFFFFFFFFFFFFFFFFFFFFF5D
:1013A000FFFFFFFFFFFFFFFFFFFFFFFFFFFFFFFF4D
:1013B000FFFFFFFFFFFFFFFFFFFFFFFFFFFFFFFF3D
:1013C000FFFFFFFFFFFFFFFFFFFFFFFFFFFFFFFF2D
:1013D000FFFFFFFFFFFFFFFFFFFFFFFFFFFFFFFF1D
:1013E000FFFFFFFFFFFFFFFFFFFFFFFFFFFFFFFF0D
:1013F000FFFFFFFFFFFFFFFFFFFFFFFFFFFFFFFFFD
:10140000824205D051F8043B40F8043B8242F9D8AF
:10141000704700BF044A05494FF0000342F8043BFF
:101420009142FBD8704700BFC0220020003100204D
:1014300008B5BFF34F8F00F0EDF8534C534B082025
:101440005349C3F85401534AC3F800115248C3F832
:10145000F0405249FFF7D4FF514A52495248FFF732
:10146000CFFF524CFFF7D6FF4FF470004FF0E02152
:1014700000234F4AC1F8880D44F823200133B02BD4
:10148000FAD14C4B80214C4A03F8011B9342FBD10B
:101490004FF0E025494E4A4A4FF0FF31C5F8084D5C
:1014A000D5F8243D43F4E023C5F8243DF36923F047
:1014B0007F0343F04003F361736A23F07F0343F03B
:1014C000400373629166D1661167516700F0AAF814
:1014D0003C4A3D4BA2636322E36300246A61032319
:1014E0003A4AAC612B61C5F8202DD5F8FC2D384B5C
:1014F00042F080723749C5F8FC2D1A6842F00102AB
:101500001A605B680B6000F01BF9334800F0C4FA06
:10151000F16E324B324A41F44051F1661C60C3F81F
:101520000841C3F81841C3F82841C3F83841936B08
:10153000DB0708D442F615632A4951651365936B9E
:1015400043F001039363264A274C936843F0011349
:10155000936000F061FA00F093FA00F023F900F0D4
:101560005BF82368132BFCD900F0B8F92368B3F5B6
:10157000967FFBD300F054F800F050F800F084FAA6
:1015800000F092FA30BFFDE70C0D111300800D4002
:101590001B101820B8A0000000000000C81B00604D
:1015A000C022002084BC0060000000200020002039
:1015B0005573000000E400E0A0E400E000C00F402C
:1015C00000C00A40898700008D87000000002020AD
:1015D000001000E0683000200046C32300400840AF
:1015E00000400D400000C0566C300020054B4FF409
:1015F0002A01054A05485A641864054A99639546C4
:10160000FFF716FF00C00A40AFAAAAAA07002000F1
:1016100000000720704700BF704700BF704700BF41
:1016200000BF70474FF0E02300214FF0100C34480A
:10163000C3F8941DC3F89CCD4FF0110CC3F8A00D56
:101640003048C3F89CCD4FF0120CC3F8A00D2E48C3
:10165000C3F89CCD2D4AC3F8A00DDFF8D0C042F0EE
:1016600015022B48C3F89CCDC3F8A00DDFF8C0C00D
:101670002848C3F89CCDC3F8A00DDFF8B8C0C3F864
:101680009C2D2548254AC3F8A0CDC3F89C0DC3F86E
:10169000A02D02F5A022DFF8A0C00C322048C3F82C
:1016A0009CCDC3F8A02D1F4AC3F89C0DC3F8A02DF4
:1016B00002F14062DFF884C002321B48C3F89CCDBF
:1016C000C3F8A02D0A32C3F89C0DC3F8A02D00BFAB
:1016D00000BF00BF00BF00BF0122C3F8942DBFF3BD
:1016E0004F8FBFF36F8FC3F8501FBFF34F8FBFF300
:1016F0006F8FD3F8142D42F44032C3F8142D704785
:101700003F000010250008070900100000310020EC
:1017100021000207250008131600202027000B13C4
:10172000180000602F000B071A0000801300200033
:10173000140000200900001017000040190000707C
:1017400010B5174A4FF480544FF4005E4FF4404CEC
:101750004FF4803043F24201136913F0020F0DD1B0
:1017600013F4005F0FD013F4805F0FD0002BF3DA77
:1017700013F4803F0CD15B060ED510BDC2F818C023
:1017800050619161E8E7C2F814E0E5E75461E3E7EE
:101790004FF480339361DFE740235361DCE700BF00
:1017A00000800D40414A03204149F3EE095AD2F826
:1017B00080309FED406A23F001039FED3F5ADFF830
:1017C00014C100B5C2F88030C2F89000D1F8E01022
:1017D000DFF804E1CBB23948CEF8003007EE903A9A
:1017E0000B0DC1F30B21F8EEE77A06EE903A07EE07
:1017F000101A334BB8EEC77ACCF80010F8EEE66A50
:10180000304937EEC66A37EEC55A76EEC76A77EECC
:10181000E57A26EE266AC3ED006A25EE265AD2F84E
:10182000803067EEA64AC0ED007AC6EE275A2648F9
:1018300085EE276AC4EEA76A75EE875AFCEEE55A74
:1018400036EE076A15EE90CABCEEC66A43EA0C5340
:1018500076EE877AC2F8803016EE103AD2F890C150
:10186000FCEEE77A01EA034141EA0C014FF0000C7B
:1018700017EE903AC2F89011C3F30B03D2F890110F
:101880000B431249C2F89031D2F8803043F0020382
:10189000C2F880300E4B80F840C0C1F840314FF0A4
:1018A000E0230122C3F8082100BD00BF00810D40E4
:1018B00000441F400000AA420000B44258300020FB
:1018C0005C3000200000FF0F00E400E0002000205A
:1018D000117500005030002054300020314B40F68C
:1018E000617210B5C3F8202140F2044400F0C4F83E
:1018F0002D4A2E49D2F880302D4843F00303C2F818
:1019000080302C4BC1F8604102681A4203D1D1F8F3
:10191000A8319A071BD0254A4FF00041244B596348
:10192000D2F8403143F00203C2F84031D2F84031DE
:101930009B07FBD44FF400304FF0E0211C4B4FF0DD
:101940000042C1F88C0219209A6300F0A9F8184BE4
:101950000021164C4FF080420A209A634FF4207207
:101960001960C4F8A801144800F092F84FF48002FE
:1019700003464FF4810040F243111860C4F8583117
:101980001A640E4B0E4AC4F84811C3F804224FF0F3
:10199000E0224FF400310123C2F80C11C4F84031A9
:1019A00010BD00BF00800D4000C00F4000002E4061
:1019B00000900D40001C1E000000002000200020B0
:1019C0001577000008B50E4B1B6E9B0700D4FBBEBD
:1019D00072B60C4B00200C4AC3F8400103F160437F
:1019E0000A49A3F55F2311649D46BFF34F8F4FF45F
:1019F0000013074A0748DB6902609B68984700BFED
:101A000000441F4000002E4000C00A400300200098
:101A1000000012EB008020200F4B40F2376C0F4A81
:101A2000A020D96E41F44031D966D96E41F440719D
:101A3000D966C2F844C09064936C1B06FCD4084A73
:101A400040F23761A02351649364936C13F08003D8
:101A5000FBD1044A1370704700C00F4000400C4097
:101A600000800C40AA300020F8B500BFF8BC08BCCC
:101A70009E467047000000005FF800F0817E000085
:101A80005FF800F0317200005FF800F0299B000061
:101A90005FF800F0719A00005FF800F0016B000041
:101AA0005FF800F0156E00005FF800F001700000B4
:101AB0004500000025270000F92C000049560000D1
:101AC00016035500530042002000530065007200C9
:101AD000690061006C000000180354006500650097
:101AE0006E00730079006400750069006E006F007D
:101AF0000403090409026200030100C032080B005C
:101B00000202020100090400000102020100052492
:101B10000010010524010101042402060524060029
:101B2000010705820310001009040100020A0000E9
:101B30000007050302400000070584024000000979
:101B400004020002FF6AFF0007058102400001074E
:101B5000050102400001000009026200030100C00B
:101B600032080B0002020201000904000001020217
:101B700001000524001001052401010104240206CE
:101B80000524060001070582031000050904010071
:101B9000020A000000070503020002000705840294
:101BA0000002000904020002FF6AC7000705810263
:101BB0000002010705010200020100000A060002FE
:081BC000EF02014001000000EA
:101BC800000000000000000000000000000000000D
:101BD80000000000000000000000000000000000FD
:101BE8000548064B1B1AD90F01EBA301491002D077
:101BF800034B03B118477047C0220020C0220020C1
:101C08000000000008B5054B1BB105490548AFF3B6
:101C18000080BDE80840FFF7E3BF00BF00000000F8
:101C2800902F002000EC006040697047807C70476E
:101C38008174704700207047704700BF01207047CB
:101C48004FF44870704700BF704700BF4FF44870AA
:101C5800704700BF704700BF4FF44870704700BF1F
:101C680010B5046894F801C0BCF1000F07D090F8D3
:101C78000DE0F444BCF1FF0FA8BF4FF0FF0C90F843
:101C880019E00EFB0CCC4FEA2C2C81F800C001683F
:101C9800097829B190F80CC06144FF29A8BFFF2139
:101CA80090F818C00CFB01110912117002689278A3
:101CB80022B1817B0A44FF2AA8BFFF22817E01FB53
:101CC800022212121A7010BD2DE9F041174602685F
:101CD800984692F801C0137892F802E043EA0C02A1
:101CE8005EEA02023AD00CEB0C2C867F0EEB0E2E2D
:101CF800427F1FFA8CF51FFA8EFC90F81BE003EB6D
:101D08000323BEF1FF0F9CB2037F06D0BEF1000F84
:101D180036D00EFB044ECEF30F24FF2B04D09BB31A
:101D280003FB0550C0F30F25FF2A04D082B302FB42
:101D38000CC2C2F30F2CFF2E0AD0C6B106FB044317
:101D480006FB055506FB0CC21C0A2D0A4FEA122C8D
:101D58000D803C80A8F800C0BDE8F0819446154687
:101D680014460D803C80A8F800C0BDE8F081B44658
:101D7800354634460D803C80A8F800C0BDE8F081A7
:101D8800FF2B7446CBD1CFE7FF2A1D46CED1D2E731
:101D9800FF2E9446D1D1DBE7027BC17B437B891AB6
:101DA800027C90F80EC0D21A437C0173A3EB0C039B
:101DB80042738373704700BF0368826890F91210FA
:101DC800013A0B4482600360704700BF4068704767
:101DD80080688142CCBF00200120704790F81CC069
:101DE80081F800C0C17E1170427F1A70009A837F0B
:101DF80013707047C8B2D1B206F0A0BE08B5007D16
:101E080006F08AFE003818BF012008BD00B58BB067
:101E180082690D4B1C300091DFF844C00B49CDE9B5
:101E28000123CDE903C10A4ADFF838C0094B0A4942
:101E3800CDE90523CDE907C1084B6A460821099376
:101E480003F0A6FD0BB000BD61030000090100000E
:101E5800D9010000F9010000110200001D02000074
:101E6800A10000000D02000000B58BB082690D4B87
:101E78001C300091DFF844C00B49CDE90123CDE9BE
:101E880003C10A4ADFF838C0094B0A49CDE90523DE
:101E9800CDE907C1084B6A460A21099303F078FD8A
:101EA8000BB000BD6103000009010000D90100006A
:101EB800F9010000110200001D020000A10000004D
:101EC8000D02000000B58BB082690D4B1C300091EB
:101ED800DFF844C00B49CDE90123CDE903C10A4A23
:101EE800DFF838C0094B0A49CDE90523CDE907C118
:101EF800084B6A460921099303F04AFD0BB000BD5F
:101F08006103000009010000D9010000F901000087
:101F1800110200001D020000A10000000D020000D7
:101F28002DE9F0431F4603688DB04FEA116CB3F8F2
:101F380000E0164600229B78447E1FFA81F8C1F320
:101F4800074509918DF82B205FFA8EF14FEA1E2282
:101F5800ADF82CE0ACF1020C90F818E0807E8DF81A
:101F68002E30CDF800E0CDE901404046BCF1030F2A
:101F780063D8DFE80CF0293C4F020DF12B0CCDF8AB
:101F880018C00DF12C0CCDF80CC00DF12E0CCDF8AD
:101F980014C00DF12D0CCDF810C003F05DF9159BA0
:101FA80028469DF82B100493149B9DF82C20CDE90E
:101FB8000273CDE900169DF82E309DF82D1003F020
:101FC80061F90DB0BDE8F0830DF12B0CCDF818C008
:101FD8000DF12C0CCDF80CC00DF12E0CCDF814C061
:101FE8000DF12D0CCDF810C003F09AF8D7E70DF1DC
:101FF8002B0CCDF818C00DF12C0CCDF80CC00DF140
:102008002E0CCDF814C00DF12D0CCDF810C003F036
:10201800EDF8C4E70DF12B0CCDF818C00DF12C0C20
:10202800CDF80CC00DF12E0CCDF814C00DF12D0C0F
:10203800CDF810C003F09CF8B1E70DF12B0CCDF8EA
:1020480018C00DF12C0CCDF80CC00DF12E0CCDF8EC
:1020580014C00DF12D0CCDF810C003F0ABF89EE7BD
:1020680003461C30997403F0E5BE00BF03461C30DC
:10207800997403F0DFBE00BF03461C30997403F067
:10208800D9BE00BF03460A461C30082110B59B7C08
:102098001C4603F037FC204610BD00BF03460A4625
:1020A8001C300A2110B59B7C1C4603F02BFC2046F3
:1020B80010BD00BF03460A461C30092110B59B7CA1
:1020C8001C4603F01FFC204610BD00BF70B5044637
:1020D8008CB015460E461A466846214602F030FC7A
:1020E800049685EAE572DDE90001A2EBE57202904B
:1020F800ADF80C10CDE905220A0C8DF80E20DDE9AB
:1021080002010B0C0A90ADF82C108DF82E30A37C30
:10211800012B14D00023ADF820300793002D23683D
:102128004FF0000504A9ACBF03226FF0020220465D
:102138001B6B09958DF8222098470CB070BD1D4A7D
:102148000DF11F0E1378013303F0070113F0020F8E
:1021580011704FEAC312D2B242F0400118BF0A46CA
:1021680013F0040F07AB42F0200118BF0A461032E3
:10217800D1B21A7B3AB9DA701A7001337345CDD0EF
:102188001A7B002AF7D04FF48070B0FBF2F2D2B27B
:10219800501CC0B200FB011C4FEA2C2CBCF1000FF4
:1021A80001D00CF1FF3C002818BF104683F800C08E
:1021B800D870E2E7A9300020034B10B5044603604D
:1021C80002F088FB204610BD500E0020054B10B5CC
:1021D8000446036002F07EFB2021204606F098FDAD
:1021E800204610BD500E0020034B10B50446036076
:1021F80002F070FB204610BD500E0020054B10B5B4
:102208000446036002F066FB2021204606F080FDAC
:10221800204610BD500E0020034B10B50446036045
:1022280002F058FB204610BD500E0020054B10B59B
:102238000446036002F04EFB2021204606F068FDAC
:10224800204610BD500E0020034B10B50446036015
:1022580002F040FB204610BD500E0020054B10B583
:102268000446036002F036FB2021204606F050FDAC
:10227800204610BD500E0020034B10B504460360E5
:1022880002F028FB204610BD500E0020054B10B56B
:102298000446036002F01EFB2021204606F038FDAC
:1022A800204610BD500E0020034B10B504460360B5
:1022B80002F010FB204610BD500E0020054B10B553
:1022C8000446036002F006FB2021204606F020FDAC
:1022D800204610BD500E002070B504468CB00E4646
:1022E800154668461A46214602F02AFBA27C049647
:1022F800012ADDE90001CDE9055502904FEA1140B8
:10230800ADF80C108DF80E00DDE902014FEA11431B
:102318000A90ADF82C108DF82E300ED00023ADF8B1
:10232800203007932268002304A92046126B8DF8F9
:102338002230099390470CB070BD1A4B0DF11F0C59
:102348004FF4807E19780131CA0101F0070011F0BD
:10235800020FD2B2187007AB42F0400018BF024615
:1023680011F0040F42F0200118BF0A461032D1B212
:102378001A7B3AB9DA701A7001339C45D2D01A7BAD
:10238800002AF7D0BEFBF2F2D2B2501CC0B200FB5A
:1023980001152D1205B1013D002818BF10461D700A
:1023A800D870E9E7A930002003682DE9F041044618
:1023B8005B6A8CB00F4641699847E37C8046002BE6
:1023C8003BD06669D4E90035586829463F4B9842A6
:1023D8003BD13A466846214602F0B2FAA27C0495FF
:1023E800012ADDE90001ADF80C104FEA1141029015
:1023F8008DF80E10DDE902014FEA11430A90ADF89D
:102408002C108DF82E3086EAE673A3EBE673CDE93F
:10241800053320D00023ADF820300793002E4FF06D
:102428000002236804A9ACBF03206FF002001B6BF5
:102438008DF8220020460992984723684146204695
:102448009B6A0CB0BDE8F041184705463B4632464A
:102458002046A847F1E71E490DF11F0C0B78013300
:10246800DA0103F0070013F0020FD2B2087042F04D
:10247800400118BF0A4613F0040F07AB42F02001D1
:1024880018BF0A461032D1B21A7B3AB9DA701A70FC
:1024980001336345C2D01A7B002AF7D04FF480700D
:1024A800B0FBF2F2D2B2501CC0B200FB011E4FEAE0
:1024B8002E2EBEF1000F01D00EF1FF3E002818BFEE
:1024C800104683F800E0D870E2E700BF0D05000071
:1024D800A9300020F0B504468FB002F021FA4C492B
:1024E80023689A698A424ED15B6A20466169984797
:1024F800E37C0646002B3ED06569D4E90023526888
:1025080011461746434A914243D102A80022214668
:10251800019302F015FA019BA27C0693012ADDE9DA
:102528000201ADF814104FEA114104908DF816100D
:10253800DDE904014FEA11430C90ADF834108DF831
:10254800363085EAE573A3EBE573CDE9073326D08A
:102558000023ADF828300993002D4FF000022368BE
:1025680006A9ACBF03206FF002001B6B8DF82A0090
:1025780020460B9298472368314620469B6A0FB045
:10258800BDE8F0401847002120460FB0BDE8F040F4
:10259800104719462A4600232046B847EBE71E494C
:1025A8000DF1270C0B780133DA0103F0070013F063
:1025B800020FD2B2087042F0400118BF0A4613F069
:1025C800040F09AB42F0200118BF0A461032D0B2FE
:1025D8001A7B2AB9DA701A7001336345F8D1BBE760
:1025E8004FF48071B1FBF2F2D2B2511CC9B201FBB7
:1025F800000E4FEA2E2EBEF1000F01D00EF1FF3E65
:10260800002918BF114683F800E0D970E4E700BF3D
:10261800E90700000D050000A930002008B50121D8
:10262800082006F08BFA0121092006F087FA01211B
:102638000A2006F083FA01210D2006F07FFA012115
:10264800052006F07BFA0121062006F077FA012121
:10265800072006F073FA0121052006F03BFA012154
:10266800062006F037FA0121072006F033FA002188
:10267800032006F063FA0021022006F05FFA002129
:10268800042006F05BFA0121084606F057FA0021FB
:102698000548022201F030FF002303480521437555
:1026A800BDE8084001F0B0BE782F002070B582B0B8
:1026B8000024FF2601210D20424D06F00BFA01AA45
:1026C80019214148ADF804608DF8064002F016FD66
:1026D80001AA19213D48ADF804608DF8064002F0C2
:1026E8000DFD01AA19213A48ADF804608DF806409D
:1026F80002F004FD2978284601F052FF4FF47A7061
:1027080006F068F921460D2006F0E4F901AA19211E
:102718002D488DF80660ADF8044002F0EFFC01AAE0
:1027280019212A488DF80660ADF8044002F0E6FC4D
:1027380001AA192126488DF806604FF40046ADF825
:10274800044002F0DBFC2978284601F029FF4FF409
:102758007A7006F03FF901210D2006F0BBF901AAB5
:10276800194819218DF80640ADF8046002F0C6FC3E
:1027780001AA16481921ADF804608DF8064002F048
:10278800BDFC01AA12481921ADF804608DF8064075
:1027980002F0B4FC2978284601F002FF4FF47A7061
:1027A80006F018F921460D2006F094F92846012173
:1027B80002F066F84FF47A7002B0BDE8704006F097
:1027C80009B900BFE0240020182F0020742E002033
:1027D800A82F0020364B1A68D10710B51DD5002345
:1027E80019223449344801F0A3FE344B1A68D20741
:1027F80045D5002319223249324801F099FE324B5F
:102808001A68D30722D5002319223049304801F02D
:102818008FFEBDE81040FFF749BF274802F05CF87B
:10282800254C2C4AB7EE000A226003F05FF84FF4FB
:10283800967003F061F8284801211D4B206020465E
:102848001960264A264908F00DF9C8E7204802F021
:1028580043F81F4C234AB7EE000A226003F046F8FB
:102868004FF4967003F048F81F480121164B20607A
:1028780020461960194A1D4908F0F4F8C3E71148C1
:1028880002F02AF80F4C1A4AB7EE000A226003F049
:102898002DF84FF4967003F02FF816480121074BD6
:1028A8002060204619600D4A134908F0DBF8A0E7BC
:1028B8009C270020A82F0020242B0020A0270020E0
:1028C800742E0020442B002098270020182F002069
:1028D800042B0020BC0F0020080F0020E01C002063
:1028E80029060000800F0020CC0E0020E906000019
:1028F800F80F0020440F002089060000013800B5B9
:1029080083B0032810D8DFE800F03F310211264BCE
:1029180001AA192125485B684FEA134CADF8043029
:102928008DF806C002F0EAFB03B000BD002301AA3F
:1029380019211E48ADF804308DF8063002F0DEFB90
:10294800002301AA19211A48ADF804308DF8063081
:1029580002F0D4FB0023192101AA1648ADF804306F
:102968008DF8063002F0CAFB03B000BD4FF0000C32
:10297800FF2301AA19210E48ADF804C08DF80630CE
:1029880002F0BCFB03B000BD074B01AA192109489E
:102998001B684FEA134CADF804308DF806C002F0FE
:1029A800ADFB03B000BD00BF80020020182F00203F
:1029B800742E0020A82F0020012800B585B07CD0F7
:1029C80002283FD0032801D005B000BD614A4FF46A
:1029D8008C13126803FB02F2100E5200034600F13A
:1029E800B38000F00F025C49C3F3011310F0800FAD
:1029F8005A4801EB430C11F8133080689CF8011019
:102A08004FEA104CADF80C0011FB02F154488DF858
:102A18000EC003AA03EB11134FF01901DBB2C3F187
:102A2800000C5FFA8CFC18BF6346019302F066FB4A
:102A3800019B19214A4883F07F0205B05DF804EB39
:102A480002F022B8434A4FF48C13126803FB02F2D7
:102A5800100E5100034671D400F00F023E49C3F333
:102A6800011310F0800F3D4801EB430C11F81330AF
:102A780080689CF801104FEA104CADF80C0011FB6F
:102A880002F138488DF80EC003AA03EB11134FF07A
:102A98001901DBB2C3F1000C5FFA8CFC18BF634666
:102AA800019302F02BFB019B19212E4883F07F0232
:102AB80005B05DF804EB01F0E7BF264A4FF48C132C
:102AC800126803FB02F2100E5200034630D400F0E5
:102AD8000F022149C3F3011310F0800F1F4801EBC7
:102AE800430C11F8133080689CF801104FEA104C21
:102AF800ADF80C0011FB02F11B488DF80EC003AABB
:102B080003EB11134FF01901DBB2C3F1000C5FFAAC
:102B18008CFC18BF6346019302F0F0FA019B19215F
:102B2800114883F07F0205B05DF804EB01F0ACBFFB
:102B380080F0FF0303F00F020132CAE780F0FF03C1
:102B480003F00F02013289E780F0FF0303F00F0260
:102B5800013248E76C300020E00D002080020020A0
:102B6800182F0020742E0020A82F002010B5002355
:102B780004460A22084805F001FD0321074807F02A
:102B8800D9FA214600231022034805F0F7FC024831
:102B9800BDE8104005F0E4BC701A00208C0200204B
:102BA80010B5454C2378002B64D14FF41651434897
:102BB80004F0D6FF2378002B57D1C82005F00AFF70
:102BC8003E4805F0F5F8237800283AD0002B59D173
:102BD8004FF416513A4804F0C3FF2378002B3FD135
:102BE800C82005F0F7FE364805F0E2F82378F0B182
:102BF800002B4FD14FF41651324804F0B1FF23781F
:102C08004BBBC82005F0E6FE2E4805F0D1F8237826
:102C180010B1002B46D110BD002BFCD00A212A4848
:102C280007F088FA2948BDE8104005F099BC002B48
:102C3800E0D00A21244807F07DFA244805F090FCEA
:102C4800D8E7002BC4D00A211F4807F073FA1F48A1
:102C580005F086FCBCE733211D4807F06BFAD0E786
:102C680036211C4807F066FABAE733211A4807F0FC
:102C780061FAA2E72221194807F05CFA134805F027
:102C88006FFC92E70D21164807F054FA0F4805F03B
:102C980067FC9DE70D21124807F04CFA0B4805F038
:102CA8005FFCA7E70D210E4807F044FA0748BDE886
:102CB800104005F055BC00BFAE300020042F0020A6
:102CC800642F002074300020F8020020701A0020C1
:102CD8003C03002004030020B402002090020020DE
:102CE800E802002010B5334882B005F08FF928B902
:102CF8000023314A1846137002B010BD0122052185
:102D08002C482E4B05F054FA0028F1D02C4B1B7898
:102D1800002B2BD12B4C63B92178284B0134D87860
:102D2800884219D0284B9C42E2D0254B1B78002BB7
:102D3800F2D01521254807F0FDF9254805F010FCCB
:102D4800217800230A222248019105F017FC204827
:102D580005F006FC0199E0E7194B174C1B78217028
:102D680083B90321FFF702FF2078C5E7102119482E
:102D780007F0E0F9042211490E4805F0BBFA104BA0
:102D88001B78C7E71921144807F0D4F921780F29CF
:102D980009D9002310220E4805F0F0FB0C4805F075
:102DA800DFFB2078DDE701210C4807F0C3F9217823
:102DB800EFE700BF042F0020AB3000206430002074
:102DC800AE300020C80D0020D40D00208403002060
:102DD800701A0020700300209C030020B803002014
:102DE800F8B5244805F012F910B9234D2878F8BD34
:102DF800224E012205211F48334605F0D9F9002843
:102E0800F3D01F4B1B7853BB1E4C1B4D04F10C0712
:102E180001E0BC42EAD014F8013BF0788342F8D1D3
:102E28002B70174B1B781BB90221FFF79FFEF0E7A9
:102E38001921154807F07EF929780F2909D90023A7
:102E48001022124805F09AFB104805F089FB2878F3
:102E5800EAE701210E4807F06DF92978EFE70C2120
:102E68000C4807F067F904223146024805F042FA97
:102E7800CAE700BF74300020AD3000206430002065
:102E8800AE300020D40D00209C030020701A0020D2
:102E9800B8030020BC030020F8B5244805F0B6F8B4
:102EA80010B9234D2878F8BD224E012205211F486C
:102EB800334605F07DF90028F3D01F4B1B7853BB30
:102EC8001E4C1B4D04F10C0701E0BC42EAD014F87B
:102ED800013BF0788342F8D12B70174B1B781BB954
:102EE8000121FFF743FEF0E71921154807F022F901
:102EF80029780F2909D900231022124805F03EFB32
:102F0800104805F02DFB2878EAE701210E4807F064
:102F180011F92978EFE70F210C4807F00BF9042283
:102F28003146024805F0E6F9CAE700BF642F0020E1
:102F3800AC30002064300020AE300020041D00209A
:102F48009C030020701A0020B8030020CC03002046
:102F580070B50324154E0121154805F011F9337891
:102F68000546C8B93BB9631E13F0FF04F3D13378A3
:102F78004BB9284670BD30210E4807F0DBF80E48E3
:102F880005F0EEFAEFE753210C4807F0D3F80A48AA
:102F980005F0E6FA284670BD002BEAD01D21084846
:102FA80007F0C8F8044805F0DBFAE2E7AE30002085
:102FB800042F0020FC030020701A00203004002099
:102FC800DC03002070B50324154E0121154805F0D7
:102FD800D7F833780546C8B93BB9631E13F0FF0428
:102FE800F3D133784BB9284670BD30210E4807F02D
:102FF800A1F80E4805F0B4FAEFE753210C4807F0A2
:1030080099F80A4805F0ACFA284670BD002BEAD0BA
:103018001D21084807F08EF8044805F0A1FAE2E7F8
:10302800AE30002074300020A4040020701A002064
:10303800D80400208404002070B50324154E012113
:10304800154805F09DF833780546C8B93BB9631EA5
:1030580013F0FF04F3D133784BB9284670BD332100
:103068000E4807F067F80E4805F07AFAEFE75621A0
:103078000C4807F05FF80A4805F072FA284670BD58
:10308800002BEAD02021084807F054F8044805F03E
:1030980067FAE2E7AE300020642F002050050020D8
:1030A800701A0020840500202C0500208F4B192160
:1030B8008F485B6870B51C0C88B08DF8164005AA5F
:1030C8008C4CADF8143002F019F82178204601F044
:1030D80067FA1521884807F02DF8884805F040FA66
:1030E8001421874807F026F800230A22192183486B
:1030F80005F044FA0121834807F01CF800230A224E
:1031080024217E4805F03AFA12217F4807F012F888
:103118007A4805F025FA7D4905A805F03FFA06F03A
:103128009FFF0028FBD006F0E1FFC1B20D2912D0A5
:103138000FD9462954D8402903D8A1F13003092BC7
:10314800EDD805A8019105F0A5FA019806F0DEFF73
:10315800E5E70A29E3D1079B002B46D005A805F02F
:10316800A9FA1121C5B26A4806F0E4FF0F2D40F212
:10317800A680002310222946604805F0FFF90D219A
:10318800644806F0D7FF5D4805F0EAF9624804F0A4
:1031980077FF1021614806F0CDFF584805F0E0F9A7
:1031A8005D4804F033FF002839D138215C4806F027
:1031B800C1FF524805F0D4F908215A4806F0BAFF71
:1031C800554804F0F3FF0146534805F039F880B13B
:1031D800019008F035FB0146019806F0ABFF08E0C6
:1031E800A1F16103052BACD999E70E214E4806F0F1
:1031F800A1FF424805F0B4F917214C4806F09AFFA0
:103208003E4805F0ADF90420FFF778FB21783948EE
:1032180001F0C6F905A805F0E7F908B070BD10215E
:10322800434806F087FF354805F09AF9002303AABA
:103238000521ADF80C308DF80E30012336488DF895
:103248000F5004F0D9FF00283ED01521394806F068
:1032580071FF2A4805F084F92F4804F0D7FE0028AA
:10326800CAD004AB012205212B4804F0A1FF002895
:10327800C2D004AE1721304806F05CFF334613F87D
:10328800011B0F291E4622D9102200231B4805F0D6
:1032980075F90121294806F04DFF05AA9642EDD19E
:1032A800164805F05DF99DF81330AB4216D0282179
:1032B800234806F03FFF114805F052F99CE7012129
:1032C800204806F037FF54E711211F486FE7012116
:1032D8001C4806F02FFF16F8011CD5E718211B48DB
:1032E80006F028FF054805F03BF985E78002002035
:1032F800182F0020E0240020DC050020701A002090
:10330800F40500200C060020100600200C090020FF
:103318002406002038060020042F0020480600203C
:103328005C0600209806002060070020A406002004
:10333800BC060020D0060020E80600200007002078
:1033480020070020B80300204C07002004070020B5
:1033580070B586B0FF23934C002503AA1921924823
:103368008DF80E30ADF80C5001F0C8FE21782046DB
:1033780001F016F92178204601F012F915218B4841
:1033880006F0D8FE8A4805F0EBF81421894806F0C3
:10339800D1FE2B460A220D21854805F0EFF80121C0
:1033A800854806F0C7FE2B460A221821804805F0FA
:1033B800E5F81221814806F0BDFE7D4805F0D0F8F9
:1033C8007F4903A805F0EAF806F04AFE0028FBD07A
:1033D80006F08CFEC5B20D2D12D00FD9462D54D84B
:1033E800402D03D8A5F13003092BEDD8294603A8B1
:1033F80005F050F9284606F089FEE5E70A2DE3D1E5
:10340800059B002B4DD003A805F054F91121C5B236
:103418006C4806F08FFE0F2D40F2AD80002310227D
:103428002946634805F0AAF80D21674806F082FE90
:103438005F4805F095F8654804F022FE10216448BD
:1034480006F078FE5A4805F08BF8604804F0DEFD77
:10345800002840D138215F4806F06CFE544805F03A
:103468007FF808215C4806F065FE584804F09EFE87
:103478000146564804F0E4FE0546B0B108F0E0F90C
:103488000146284606F056FE0FE0A5F16103052B1C
:103498009AD8294603A805F0FDF8284606F036FE16
:1034A80092E70E214D4806F045FE414805F058F8D0
:1034B80017214B4806F03EFE3D4805F051F8042020
:1034C800FFF71CFA2178374801F06AF803A805F0DD
:1034D8008BF806B070BD1021424806F02BFE344828
:1034E80005F03EF8002301AA0521ADF804308DF857
:1034F8000630012335488DF8075004F07DFE00287A
:103508003ED01521384806F015FE294805F028F860
:103518002E4804F07BFD0028CAD002AB0122052109
:103528002A4804F045FE0028C2D002AE17212F48D1
:1035380006F000FE334613F8011B0F291E4622D958
:10354800102200231A4805F019F80121284806F02E
:10355800F1FD03AAB242EDD1154805F001F89DF836
:103568000B30AB4216D02821224806F0E3FD104864
:1035780004F0F6FF9CE701211F4806F0DBFD4DE74C
:1035880011211E4868E701211B4806F0D3FD16F8F3
:10359800011CD5E718211A4806F0CCFD044804F0B0
:1035A800DFFF85E7E0240020742E0020DC050020E2
:1035B800701A0020700700200C060020100600205A
:1035C8000C09002024060020380600207430002052
:1035D800480600205C0600209806002060070020AE
:1035E800A4060020BC060020D0060020E806002023
:1035F8000007002020070020B80300204C07002007
:1036080004070020934B192193481B6870B51C0CC4
:1036180086B0924D8DF80E4003AA914CADF80C304F
:1036280001F06CFD2178204600F0BAFF15218D4885
:1036380006F080FD8C4804F093FF17218B4806F0B4
:1036480079FD00230A222978874804F097FF012191
:10365800874806F06FFD00230A22E97A824804F0C1
:103668008DFF1221834806F065FD7F4804F078FF3E
:10367800814903A804F092FF06F0F2FC0028FBD071
:1036880006F034FDC5B20D2D12D00FD9462D54D8F1
:10369800402D03D8A5F13003092BEDD8294603A8FE
:1036A80004F0F8FF284606F031FDE5E70A2DE3D1DE
:1036B800059B002B4DD003A804F0FCFF1121C5B2D7
:1036C8006E4806F037FD0F2D40F2AD800023102222
:1036D8002946654804F052FF0D21694806F02AFD85
:1036E800614804F03DFF674804F0CAFC10216648B1
:1036F80006F020FD5C4804F033FF624804F086FCC5
:10370800002840D13821614806F014FD564804F0DD
:1037180027FF08215E4806F00DFD5A4804F046FDD3
:103728000146584804F08CFD0546B0B108F088F809
:103738000146284606F0FEFC0FE0A5F16103052BC3
:103748009AD8294603A804F0A5FF284606F0DEFC0F
:1037580092E70E214F4806F0EDFC434804F000FFC5
:1037680017214D4806F0E6FC3F4804F0F9FE042016
:10377800FFF7C4F821783A4800F012FF03A804F0D4
:1037880033FF06B070BD1021444806F0D3FC36481C
:1037980004F0E6FE002301AA0521ADF804308DF8F7
:1037A8000630012337488DF8075004F025FD00281E
:1037B8003ED015213A4806F0BDFC2B4804F0D0FE57
:1037C800304804F023FC0028CAD002AB01220521AE
:1037D8002C4804F0EDFC0028C2D002AE1721314875
:1037E80006F0A8FC334613F8011B0F291E4622D900
:1037F800102200231C4804F0C1FE01212A4806F0CB
:1038080099FC03AA9642EDD1174804F0A9FE9DF849
:103818000B30AB4216D02821244806F08BFC124806
:1038280004F09EFE9CE70121214806F083FC4DE749
:103838001121204868E701211D4806F07BFC16F895
:10384800011CD5E718211C4806F074FC064804F052
:1038580087FE85E780020020A82F0020041D002095
:10386800E0240020DC050020701A002088070020D2
:103878000C060020100600200C0900202406002059
:1038880038060020642F0020480600205C0600202F
:103898009806002060070020A4060020BC0600202F
:1038A800D0060020E806002000070020200700209E
:1038B800B80300204C0700200407002000B587B09B
:1038C80006F0CEFB08B907B000BD06F00FFC00F00B
:1038D800DF005728F7D101232D4A16212D481370F0
:1038E80006F028FC2C4804F03BFE28212B4806F063
:1038F80021FC294804F034FE2021294806F01AFC4E
:10390800254804F02DFE274903A804F047FE06F0D9
:10391800A7FB0028FBD006F0E9FBC1B20A29A1F1F8
:1039280030030BD00D2909D0092BF0D803A8019139
:1039380004F0B0FE019806F0E9FBE8E7164804F049
:103948000FFE01E006F0D2FB06F08AFB0028F9D151
:103958000398D8B11022002107F0C2FD83B2022BD0
:1039680011D0032B0CD0012B07D00023084A03A841
:10397800137004F039FE07B000BDFFF743FEF4E70B
:10398800FFF794FBF1E7FFF7E3FCEEE70648E1E712
:10399800B5300020A0070020701A0020B8070020CA
:1039A800E40700200C0900205C1400202DE9F843EE
:1039B8005E4D40F2EE285E4C5E4FDFF8C0912E68F7
:1039C80006F034FC2378002B54D03B78DB0751D524
:1039D8002B68D9F800209B1A0E2B4BD902211620F0
:1039E80005F0ACF802211720534C05F0A7F8322057
:1039F80004F0F0FF322004F0EDFF162005F08CF8FB
:103A0800B0FA80F332204D4D5B09237004F0E2FFD9
:103A1800172005F081F8B0FA80F023784009287063
:103A2800002B34D1002840D1FEF7F8FD2378002B75
:103A38004BD1FFF7B5F82378002B52D1FEF7CAFE19
:103A48003F4804F089FB3F4804F086FB3E4804F0F9
:103A580083FB322004F0BEFFFFF77AFA3B4B187065
:103A6800FFF7B0FA3A4B1870FFF7E6FA394B1870BF
:103A7800BDE8F8832B6822789B1B2AB1B3F5FA6F4F
:103A8800ACD806F0D3FB9BE74345FAD9A6E7042157
:103A9800314806F04FFB2178304804F055FD2F4897
:103AA80004F05EFD28780028BED004212C4806F0DA
:103AB80041FB2978294804F047FD284804F050FDC7
:103AC800FEF7ACFD2378002BB3D01321254806F070
:103AD80031FB224804F044FDFFF762F82378002BFD
:103AE800ACD00A21204806F025FB1C4804F038FD1C
:103AF80039211E4806F01EFB184804F031FD2F211D
:103B08001B4806F017FB154804F02AFD3521194813
:103B180006F010FB114804F023FD3021164806F08A
:103B280009FB0E4804F01CFD88E700BF6C3000203C
:103B3800C0300020BF300020AE300020C33000204D
:103B4800042F002074300020642F0020B0300020A3
:103B5800BA300020B330002008080020701A002076
:103B680010080020180800202C0800203808002021
:103B780074080020A4080020DC08002090300020F1
:103B8800F0B5704D85B02B78002B71D16E4B6F4C12
:103B980019782278002949D1002A00F088806C4FD2
:103BA8006C4E6D4A1278002A40F0928001226B48D0
:103BB80001931A7004F0D0FAFFF794F86849694A3B
:103BC80008701178019B814220D0F8B11070624AC8
:103BD8001278002A40F0A880634A19216348526885
:103BE8000193ADF80C20120C8DF80E2003AA01F0F9
:103BF80085FA5F4A019B11885E4A9160002900F0AE
:103C080084805D4909685160032111700193FFF7B1
:103C18009FF93A88019B2870B260002A53D1217815
:103C28003270002900F0898005B0F0BD002AFBD170
:103C3800484E3278D00702F0010153D40029F3D15D
:103C4800454A1278002A65D1414A00214548128820
:103C580019700170B2601AB1474B03221B68736078
:103C680003210020327005B0BDE8F040FEF77EBFAA
:103C78000420364C04F050FFB0FA80F35B0923703F
:103C880088B9334B334E1F461B88B360002B36D0A0
:103C9800394B1B687360032333702B4B1A78002A47
:103CA8003FF47FAFC0E7284B1A78002AC0D1032021
:103CB8000193FEF781FE019B21781A7839BB002A0F
:103CC800B6D105B0F0BD2C49032209687160A6E79A
:103CD8000D212A48019306F02DFA294804F040FCEA
:103CE800019B63E7244970680968091AB068814232
:103CF8009AD302F0FE0202F0010132709EE733709F
:103D0800114B1A78002A8FD14BE711707EE7002AF1
:103D18008AD144E71D211B48019306F00BFA184885
:103D280004F01EFC019B8FE71521174806F002FAE4
:103D3800134804F015FC019B4EE71A78002AC0D0FE
:103D480076E700BFB0300020AF300020B13000204F
:103D5800621D0020CC2E0020AE300020042F002051
:103D6800661D0020691D002080020020182F0020F9
:103D7800641D0020FC2F00206C300020100900205A
:103D8800701A00203809002020090020F0B57E4E66
:103D980085B03378002B75D17C4D7D4C2A782378FB
:103DA800002A4CD1002B00F08F807A4A7A4F7B4B47
:103DB8001178002940F0A98001217948CDE9003225
:103DC800297004F0C9F9FFF70BF8DFF800C275494C
:103DD8008CF8000091F800C0009B84451FD0019A20
:103DE80008701278002A40F0B480FF2200934FF048
:103DF800000319218DF80E2003AA6B48ADF80C308A
:103E080001F07CF9694A009B1188694A9160002990
:103E180000F09B8067490968516003211170009385
:103E2800FFF7D0F83A88009B30709A60002A56D184
:103E380021781A70002900F0A38005B0F0BD002B8E
:103E4800FBD1564B1A78D00702F0010169D400293A
:103E5800F3D1504A1278002A40F088804E4A002157
:103E680050481288297001709A601AB1514903228A
:103E780009685960022100201A7005B0BDE8F040B9
:103E8800FEF774BE0220424C04F046FE414AB0FAE6
:103E980080F0137840092070002B25D180B13E4B6B
:103EA80019881F463D4B9960002947D04149374D35
:103EB800096859600321197029780029BDD177E76D
:103EC800324D2B78002BBCD10220FEF775FD2278ED
:103ED8002B78002A46D1002BB3D105B0F0BD354967
:103EE800032209685960A3E707213348009206F0C6
:103EF80021F92178314804F027FB304804F030FBE1
:103F08002078009A0028DBD0C9E70D212C48CDE99C
:103F1800002306F00FF9294804F022FBDDE900230D
:103F28004AE7244958680968091A9868884284D871
:103F380002F0FE0202F001011A7088E7134D1970B1
:103F4800297800297FF479AF32E74FF0000111702A
:103F580065E715211B4806F0EDF8184804F000FB4A
:103F6800009B42E7002B3FF420AF66E71D2116486F
:103F7800009306F0DFF8114804F0F2FA009B6DE7B1
:103F88002B78002BA9D05CE7BA300020B93000208C
:103F9800BB300020AE300020621D0020E42E00203F
:103FA800743000206B1D0020742E0020641D00203A
:103FB800143000206C30002058090020701A0020AE
:103FC800100900202009002038090020681D002061
:103FD800F0B57D4E85B03378002B75D17B4D7C4C88
:103FE8002A782378002A4CD1002B00F08F80794A58
:103FF800794F7A4B1178002940F0A980012178483F
:10400800CDE90032297004F0A7F8FEF745FFDFF884
:1040180000C274498CF8000091F800C0009B8445E8
:104028001FD0019A08701278002A40F0B2806E4AB8
:1040380019216E4812680093ADF80C20120C8DF807
:104048000E2003AA01F05AF8694A6A491288009BAF
:104058008A60002A00F09B80674A12684A6003223F
:104068000A700093FEF7E8FF3A88009B30709A6068
:10407800002A56D121781A70002900F0A18005B0D5
:10408800F0BD002BFBD1554B1A78D00702F0010187
:1040980069D40029F3D14F4A1278002A40F086806B
:1040A8004D4A00214F481288297001709A601AB150
:1040B8005149032209685960012100201A7005B08E
:1040C800BDE8F040FEF752BD0320414C04F024FD4A
:1040D800404AB0FA80F0137840092070002B25D1AF
:1040E80080B13D4B19881F463C4B9960002947D049
:1040F8004149364D0968596003211970297800290A
:10410800BDD177E7314D2B78002BBCD10120FEF7CC
:1041180053FC22782B78002A44D1002BB3D105B068
:10412800F0BD3549032209685960A3E70A213348DD
:10413800009205F0FFFF2178314804F005FA304875
:1041480004F00EFA2078009A0028DBD0C9E70D2188
:104158002C48CDE9002305F0EDFF294804F000FACA
:10416800DDE900234AE7244958680968091A98686C
:10417800814284D302F0FE0202F001011A7088E73E
:10418800124D1970297800297FF479AF32E70A7047
:1041980067E715211C4805F0CDFF194804F0E0F940
:1041A800009B44E7002B3FF422AF68E72021174823
:1041B800009305F0BFFF124804F0D2F9009B6FE7A7
:1041C8002B78002BABD05EE7B3300020B230002054
:1041D800B4300020AE300020621D0020D82E002010
:1041E800642F00206A1D002080020020A82F0020D4
:1041F800641D0020083000206C3000206009002079
:10420800701A002010090020200900206C090020E5
:10421800671D002010B50B4C204600F019F9A37A51
:104228005B0700D410BD204600F058F9637D834237
:10423800F8D10121044805F07DFF0448BDE810408D
:1042480004F08EB9782F002090090020701A002001
:104258001E4B1B7810B5D3B11D4B1A78D00702F04E
:10426800010125D479B918211A4805F063FF1A48C5
:1042780004F076F9194A164B41F288300321126886
:10428800986019705A60BDE81040FFF717BBFFF738
:10429800C1FFFFF775FCFFF779FDFFF799FE10489E
:1042A800017800F07DF93220BDE8104004F092BB9F
:1042B8000A495C6809689868091B8842E3D802F0D3
:1042C800FE0202F001011A70CCE700BFC3300020E3
:1042D800C02E002094090020701A00206C300020A5
:1042E800E024002010B5334800F0FCF8314C0121DF
:1042F800314B3248617503F148020021206043F8D0
:10430800041C43E903110C339A42F8D12C4B4FF0AB
:10431800000C2C4C002203F14800A4F8481084F843
:104328004AC043F8042C43E903220C338342F8D1F2
:10433800254B4FF0000C2548002403F14801A0F854
:10434800482080F84AC043F8044C43E903440C333E
:104358008B42F8D11E4B4FF000021E491E4883F8CD
:104368004A20A3F8484003F0F1FB1C491C4803F01D
:10437800EDFB1C491C4803F0E9FB1C491C4A1D4B7A
:104388001D488C6094609C608460C1E90044C2E967
:1043980000441A491A4A8C609460C3E90044194BD6
:1043A800C0E90044C1E90044C2E90044C3E900444B
:1043B8009C6010BD782F0020242F00204C10002076
:1043C800B42F0020182F0020802E0020A82F0020B6
:1043D800742E0020801A0020642F0020E01A00208C
:1043E80074300020401B0020042F0020C02E002025
:1043F800FC2F002014300020CC2E0020E42E0020BA
:1044080008300020D82E0020018170470021036861
:104418000D4A10B5817204461B6893420BD1007D8A
:1044280004F07AFB18B1A37A43F00303A372074B95
:104438001B68636010BD98470028F8D0A37A43F042
:104448000303A372F3E700BF3D0200006C300020B5
:1044580038B5837A0446016823F004031D4A837241
:104468000B68934226D1007D04F056FB003818BF34
:104478000120A37AC3F34002824208D0164A83F08F
:1044880002031268C3F38000A372626038BD124948
:1044980003F0010C65680A6880EA0C00B4F808C0EB
:1044A800521B624534BF002000F0010020B9C3F35D
:1044B800800038BD9847DCE783F001030A6843F0C1
:1044C80004036260A3720B680A68E1685B1AC4E9B6
:1044D800032338BD3D0200006C300020807A00F0D4
:1044E8000100704700230A21024A43600375816076
:1044F80002607047BC0E002038B503680546DFF837
:104508002CC0CCB25B68634509D12046D1B204F017
:1045180015FB28462C75BDE83840FFF777BF98474C
:1045280028462C75BDE83840FFF770BF35020000FB
:10453800002B30B5044683B01CDD02EB4200002599
:104548001A46014423682046CDE900121B699847A2
:10455800019A23686261DB6A0E4A0099934261609E
:104568000AD100F0BDFA2A46214600F007FD204690
:1045780003B030BD1546E5E7204698470028F0D03F
:10458800054B064AB3FBF0F351688B4238BF0B4624
:104598005360E6E77500000040420F00E024002069
:1045A8002DE9F04F064683B0884600F099FA00F0EE
:1045B800C3FA73684E4C002B3AD104F061FAF368E1
:1045C80020601BB14046B16898478046494B1C683B
:1045D800002C35D0DFF834910025474BDFF830B197
:1045E8004F46AA4610E05A4561691DD1A07C7288E1
:1045F800013547F8040B632A98BF84F812A0A46811
:10460800002C41D0402D3FD0E07C0028EFD021681D
:104618004A6AC9699942E6D0019220468847019AB8
:104628000146354B5A45E1D020469047324BDEE7EC
:1046380004F026FA22687368801A9842F8D3BCE717
:104648002E4A11684B1C1829136012DD2C484FF4B0
:104658007A74016804FB03F305682A480468056056
:104668000020091B1060012938BF0121B3FBF1F3B9
:10467800738000F035FA00F0CBFB00F031FA03B09C
:10468800BDE8F04F00F00EBB1A4B1D68002DD7D0C7
:10469800002704E00137AD68402F0ED06DB1EB7CE8
:1046A800002BF7D0286801376A694346696844686F
:1046B8002846A047402FAD68F0D10E4B1C68002C4F
:1046C800BED00025104F06E0A174A4680135002C67
:1046D800B6D0402DB4D0E37C002BF6D0236859F82F
:1046E80025109B6ABB42EFD020469847EDE700BFF4
:1046F800DC290020E029002069000000642B00204C
:104708006C300020682B002071000000DC2800209D
:104718006D0000002DE9F04F436883B006469046CF
:104728004E4C0091002B3BD104F0AAF9F3682060AD
:104738001BB14046B16898478046DFF838A1DAF8DF
:104748000040002C34D0DFF830910025444ADFF8CF
:104758002CB14F460FE05B4561691DD1A07C013546
:1047680047F8040BA468B5F1400318BF0123002CD7
:104778003ED0002B3CD0E37C1846002BEFD02368BA
:10478800D9695B6A9142E6D0019320468847019B2C
:104798000146334A5B45E1D020469847304ADEE778
:1047A80004F06EF922687368801A9842F8D3BBE760
:1047B8002C4A11684B1C1829136012DD2A484FF443
:1047C8007A74016804FB03F30568284804680560E7
:1047D8000020091B1060012938BF0121B3FBF1F348
:1047E800738000F07DF903B0BDE8F04F00F010BB16
:1047F800DAF80050002DDBD0C3B10027009C01E09F
:10480800AD688DB17388632BEB7C98BFAF74002BB8
:10481800F6D0286843466A692146D0F800B0284691
:10482800D847AD68002DEDD1DAF80050002DBFD083
:1048380000240F4F06E0A974AD680134002DB7D0ED
:10484800402CB5D0EB7C002BF6D02B6859F82410FF
:104858009B6ABB42EFD028469847EDE7DC29002049
:1048680069000000642B00206C300020682B0020B9
:1048780071000000E0290020DC2800206D00000005
:1048880010B582B061B90B4B1C683CB120464FF0A3
:10489800FF3100F045F8A468002CF7D102B010BD34
:1048A800002201A9ADF804208DF80620FFF732FF99
:1048B800E9E700BFE0290020044B0022FF204FF069
:1048C800FF315A60DA60186099607047E024002070
:1048D80001207047704700BF0023DFF83CC04FF04D
:1048E800FF310A4AC0E900C3DFF830C0C0E902312D
:1048F800C0E904C30649136881612BB1054B1A68E6
:1049080002B19060186070471060F7E7E029002056
:1049180070170300E4290020F00D0020FFFF0101BB
:1049280043685BB10029426902DB8A42A8BF0A4694
:1049380002EB42020021184606F07ABE704700BF1B
:104948000B460C3130B5154687B003F10F0204460B
:104958002846CDE9001200F057F88DF81400C0F38E
:104968000723C0F307408DF815308DF81600FF2097
:10497800059BADF810301B0C8DF81230A370BDF8F4
:104988001030DDE90012238000F03EF8C0F3072163
:10499800C0F307428DF8100020468DF812208DF8DC
:1049A8001110049BA5711A0CADF80C30BDF80C3031
:1049B8006271A4F8033007B030BD00BF704700BF74
:1049C80003685B68184700BF00B583B014210190E5
:1049D80004F09EF9019803B000BD00BFC26812B18F
:1049E8004368013300D1704700B583B00190104689
:1049F800009200F0E3FD0C21009804F089F90022F0
:104A0800019BDA6003B000BD30B5002383B0ADF878
:104A180000308DF80230B8B1044601F1FF3C013A8C
:104A2800EE468D1C12F8011F1CF8010F4B1C38B103
:104A380000FB033321B104FB03F31B0C8EF8003099
:104A4800AC450EF1010EEDD1009B0020D9B2C3F3A5
:104A58000722C3F3074361F3070062F30F2063F3F0
:104A6800174003B030BD00BF4378027801FB033321
:104A780001FB02221B12121243708378027001FBA1
:104A880003331B128370704771B101EB410170B59C
:104A9800044682F0FF064518204603343146FFF7E6
:104AA800E3FFAC42F8D170BD704700BF704700BF4C
:104AB800704700BF704700BF704700BF0346002221
:104AC800D0F88800C3F8902040B100B583B00193B6
:104AD80002F0F0FB019B184603B000BD1846704772
:104AE800114B196811F0010101D01048704710B539
:104AF8000E4C82B080222046019100F8041B06F07B
:104B080097FD01994FF0010C074B094A2046C3F85D
:104B180000C0C4E92111C4E92311064905F0A2FF28
:104B2800024802B010BD00BF942700206C2A002064
:104B3800E01C0020FD2E00002DE9F047A8B0044637
:104B48008022002103A8002506F072FD267826950C
:104B5800002E40D1D4F88420002A39D004F0030371
:104B6800354603EB420204EB830304EB820228A8D8
:104B7800102D00EBC50422D001350126D3E901012F
:104B880008339A4244E92501F1D103AB002703EB2E
:104B9800C5051C46424E02E00834AC4208D02068E5
:104BA80003689B68B342F7D008349847AC42F6D103
:104BB80077B1384628B0BDE8F04702F07BBB03F177
:104BC80008011033914201D09A42F8D1002EDCD16D
:104BD80028B0BDE8F087D4F88860002EF8D0D4F863
:104BE800902006EBC2094FEAC2084E45F0D0404675
:104BF8004FEAE80702F058FB044618B14246294636
:104C080006F016FD06F1080800260FE0BE4208D29D
:104C180014EBC60603D018E9030086E80300CDF8B4
:104C280098A0C1452CD0269E08F1080806F1010A73
:104C3800BA45EBD907EB47077F08574538BF5746B2
:104C4800FA001046019202F02FFB054618B1019AAE
:104C5800002106F0EDFCE6B14FEAC60C0023EA1885
:104C680004EB030103F1080302D003C982E803003F
:104C78009C45F4D114B1204602F01CFB2C46C5E734
:104C8800002CA5D0269D274604EBC505AC4281D152
:104C98008FE714B1204602F00DFB2C46B8E700BFA1
:104CA800ED2E00002DE9F047A8B00446802200212F
:104CB80003A8002506F0BCFC26782695002E40D1D6
:104CC800D4F88420002A39D004F00303354603EBD6
:104CD800420204EB830304EB820228A8102D00EBA8
:104CE800C50422D001350126D3E9010108339A42CF
:104CF80044E92501F1D103AB002703EBC5051C46A8
:104D0800424E02E00834AC4208D020680368DB68F1
:104D1800B342F7D008349847AC42F6D177B1384659
:104D280028B0BDE8F04702F0C5BA03F10801103316
:104D3800914201D09A42F8D1002EDCD128B0BDE8CA
:104D4800F087D4F88860002EF8D0D4F8902006EBCD
:104D5800C2094FEAC2084E45F0D040464FEAE8077C
:104D680002F0A2FA044618B14246294606F060FC51
:104D780006F1080800260FE0BE4208D214EBC6066A
:104D880003D018E9030086E80300CDF898A0C145D0
:104D98002CD0269E08F1080806F1010ABA45EBD97D
:104DA80007EB47077F08574538BF5746FA001046B4
:104DB800019202F079FA054618B1019A002106F02D
:104DC80037FCE6B14FEAC60C0023EA1804EB0301EE
:104DD80003F1080302D003C982E803009C45F4D11B
:104DE80014B1204602F066FA2C46C5E7002CA5D07F
:104DF800269D274604EBC505AC4281D18FE714B147
:104E0800204602F057FA2C46B8E700BFF12E000002
:104E18002DE9F047A8B004468022002103A8002508
:104E280006F006FC26782695002E40D1D4F884207A
:104E3800002A39D004F00303354603EB420204EBA1
:104E4800830304EB820228A8102D00EBC50422D0AE
:104E580001350126D3E9010108339A4244E92501C5
:104E6800F1D103AB002703EBC5051C46424E02E017
:104E78000834AC4208D0206803681B69B342F7D0F5
:104E880008349847AC42F6D177B1384628B0BDE827
:104E9800F04702F00FBA03F108011033914201D034
:104EA8009A42F8D1002EDCD128B0BDE8F087D4F8BA
:104EB8008860002EF8D0D4F8902006EBC2094FEA9B
:104EC800C2084E45F0D040464FEAE80702F0ECF938
:104ED800044618B14246294606F0AAFB06F108081E
:104EE80000260FE0BE4208D214EBC60603D018E92C
:104EF800030086E80300CDF898A0C1452CD0269E73
:104F080008F1080806F1010ABA45EBD907EB47078B
:104F18007F08574538BF5746FA001046019202F0FD
:104F2800C3F9054618B1019A002106F081FBE6B1E4
:104F38004FEAC60C0023EA1804EB030103F1080347
:104F480002D003C982E803009C45F4D114B120467D
:104F580002F0B0F92C46C5E7002CA5D0269D2746BF
:104F680004EBC505AC4281D18FE714B1204602F0AD
:104F7800A1F92C46B8E700BFF52E00002DE9F04F47
:104F8800A9B00446884691460021802203A800253E
:104F980006F04EFB26782695002E42D1D4F88420C0
:104FA800002A3BD004F00303354603EB420204EB2E
:104FB800830304EB820228A8102D00EBC50424D03B
:104FC80001350126D3E9010108339A4244E9250154
:104FD800F1D103AB002603EBC5051C46464F02E0A2
:104FE8000834AC420AD0206803685B69BB42F7D03A
:104FF80008344A4641469847AC42F4D176B1304627
:1050080029B0BDE8F04F02F055B903F1080110339B
:10501800914201D09A42F8D1002EDAD129B0BDE8E8
:10502800F08FD4F88870002FF8D0D4F8902007EBD0
:10503800C20A4FEAC20B5745F0D058464FEAEB0672
:1050480002F032F9044618B15A46294606F0F0FA39
:10505800083700250EE0B54208D214EBC50503D089
:1050680017E9030085E80300CDF898B0BA4530D0B9
:10507800269D083705F1010BB345ECD906EB46062A
:1050880076085E4538BF5E46F2001046009202F090
:105098000BF9034628B1009A0021019006F0C8FADE
:1050A800019B05B34FEAC50E002213EB020C04EB7B
:1050B800020102F1080202D003C98CE803009645F8
:1050C800F3D124B12046009302F0F4F8009B1C466B
:1050D800C1E7002CA2D0269D264604EBC505AC42AC
:1050E8007FF47CAF8BE724B12046009302F0E2F80E
:1050F800009B1C46B1E700BFF92E000000290CDD1B
:1051080001EB410143180330B2F800C0917898428E
:1051180020F803CC00F8011CF5D17047704700BF98
:1051280010B49DF80800049C00FB02229DF80C00B6
:1051380000FB0333C2F307229DF80400C3F30723DF
:1051480000FB011193421846C1F3072128BF1046FE
:10515800884228BF0846091A121A1B1A2170059995
:105168000A70DDE906120B70107010BC704700BFA2
:105178009A429DF804009DF800C000FB022028BF59
:105188001A460CFB011C8A424FEA20204FEA2C2CBD
:1051980028BF0A469DF8081001FB0333039981F8DC
:1051A80000C01B1204990870DDE9050103700A703C
:1051B800704700BF10B49DF80400049C00FB011167
:1051C8009DF8080000FB02229DF80C00091200FB64
:1051D80003331212059821701B1202700021DDE9B9
:1051E80006020370117010BC704700BF10B49DF820
:1051F800080000FB02229DF80C0000FB0333C2F3F9
:1052080007229DF80400C3F3072300FB0111079848
:1052180093429C46C1F3072128BF94468C4528BF7A
:105228008C46BCF1540F11D8A1EB0C01A2EB0C0277
:10523800A3EB0C030CEB4C0C049C217005990A7031
:10524800069A137080F800C010BC70475439543A5D
:10525800543B4FF0FF0CEFE700B59DF804C0CDF8C4
:1052680004C09DF808C0CDF808C09DF80CC0CDF862
:105278000CC0DFF80CC05DF804EBDCF800C0604738
:10528800D41C002000B59DF804C0032819D8DFE815
:1052980000F0130F050260469C4603460298017011
:1052A80003990A70049A82F800C0059A137000BD29
:1052B800104662468446F1E708466146944602462F
:1052C800ECE79C460023E9E72DE9F04F0446006827
:1052D80083B01746636C8A468518002B00F0AF80B0
:1052E800A26C002A00F08E805168012940F38A8060
:1052F80005F10108B8F1400F40F2C1800139516051
:1053080000230C20C4E9113303F0FCFC00230646FB
:105318004046736005F0B0FB804600EB050B30603B
:10532800002800F0D3800023756043552B46B360F6
:10533800142003F0E7FC214601220346C6600093CF
:10534800C0E9012251F8040B6F4A81461A600246EF
:10535800404603F03DFC3A46514608EB090003F08D
:1053680037FC0022009B8BF80020A06C90B14268AB
:10537800571C0FD0013A426062B9026892689047A0
:10538800A06C009B8268013A82601AB90268D268F0
:105398009047009B5A68511CC4E9116301D001323F
:1053A8005A60571C256000F08A80013A5A60002A2A
:1053B80073D11A681846009392689047A06C009BB6
:1053C8008268013A8260002A7CD10268D2689047DC
:1053D800009B25686664A3645A68501C2BD0911CF6
:1053E80000F08E803ABB1A6818460093926890477E
:1053F800009B9A68013A9A60EAB91A681846D36815
:10540800984718E09A68954209D905EB4506760849
:10541800032E38BF0326964242D85E6020681B6878
:105428003A465146184403F0D3FB636C00222560CA
:105438001B685A552568284603B0BDE8F08F05F16A
:105448000108B8F1400F1AD9A06C00283FF458AFF2
:1054580043685A1C3FF454AF013B4360002B7FF470
:105468004FAF03689B689847A06C8368013B8360D3
:10547800002B7FF445AF0368DB68984740E7231D9E
:105488003A465146184403F0A3FB00226319284604
:1054980025601A7103B0BDE8F08FC4E911639BE77A
:1054A8001868711C009305F0D9FD009B80B1186045
:1054B800C3E90166002383552068636CAFE7C4E93C
:1054C8001163B8E72568C4E9116385E703462EE749
:1054D800701C009305F0D0FA009B804668B10193D8
:1054E800D3E900120132009103F072FB009805F035
:1054F800CBFA019BC3E900869E602068636C8EE747
:105508004FF0FF325A6096E73410002070B594B01F
:1055180004463F220E4604A8002106F089F81C4DD7
:1055280084EAE47168466A46A1EBE47109E0DB08A5
:1055380003EB830E9C46A1EB4E036146303302F821
:10554800013BA5FB01C30029F1D1302303E00DF194
:10555800010202F8013C8242F9D0002C16DA2D2310
:105568008DF810300DF11103824205D912F8011D92
:10557800824203F8011BF9D104A806F061F904A9D5
:1055880002463046FFF7A0FE14B070BD04ABEBE74F
:10559800CDCCCCCC30B5002583B004464560481C42
:1055A800019105F069FA206030B1019961604554B4
:1055B8002046A16003B030BD0146F9E710B50446A6
:1055C800006805F061FA204610BD00BF83688B4271
:1055D80001D3416070470346006830B50C4683B07C
:1055E8000131CDE9001305F039FD019B30B10022EE
:1055F8009C60C3E90004025503B030BD00980093D5
:1056080005F03AFA05460028F6D0009BD3E90012C7
:1056180001930132009103F0DBFA009805F034FAA7
:10562800019BC3E900549C60E6E700BF70B5002306
:10563800066804462DED028B03606EB3F1EE048A12
:10564800394D9FED3A8A03F01BFAB6F854302968B1
:10565800326801FB03F396ED146A801ADB0007EE4B
:10566800900AB8EE677A07EE903AF8EE677AC7EED6
:10567800866AC6EE887A77EEA87AB4EEE77AF1EE13
:1056880010FAE0D42A4B186810B1012103F040FB4E
:10569800C821304603F03CFB0023D4F88002C4F84C
:1056A800883208B101F006FE0023D4F87002C4F86D
:1056B800783208B101F0FEFDA06808B103F026FBBE
:1056C80026686EB3F1EE048A174D9FED188A03F031
:1056D800D7F9B6F854302968326801FB03F396ED20
:1056E800146A801ADB0007EE900AB8EE677A07EEB4
:1056F800903AF8EE677AC7EE866AC6EE887A77EE51
:10570800A87AB4EEE77AF1EE10FAE0D4084B1868FC
:1057180010B1012103F0FCFAC821304603F0F8FA71
:105728002046BDEC028B70BD642A002000007A443C
:10573800482A00202DE9F04103680446406C82B0F5
:10574800164688469D18002800F09180A26C002A11
:105758007CD05168012979DD681C402840F2A58079
:105768000139516000230C20C4E9113303F0CAFA4F
:1057780029460746FFF70EFF142003F0C3FA01225B
:105788000346C760C0E90122574A0260626C386864
:10579800002A00F0A28011682268019303F018FA29
:1057A800324620683E684146304403F011FA3A68B0
:1057B8000021019B5155A06C90B14268511C0FD03B
:1057C800013A426062B9026892689047A06C019BF6
:1057D8008268013A82601AB90268D2689047019BD0
:1057E8005A68561CC4E9117301D001325A60256009
:1057F800551C13D0013A5A6082B91A6818460193A9
:1058080092689047A06C019B8268013A826022B935
:1058180002680193D2689047019B5A68501CC4E9FA
:10582800117321D0911C5AD0F2B91A681846019305
:1058380092689047019B9A68013A9A60A2B91A68DF
:105848001846D36802B0BDE8F0411847826895420F
:1058580038D8006832464146184403F0B9F9636CF9
:10586800002225601B685A5502B0BDE8F0816A1C09
:10587800402A1AD9A06C00283FF474AF43685F1C13
:105888003FF470AF013B4360002B7FF46BAF0368BC
:105898009B689847A06C8368013B8360002B7FF46A
:1058A80061AF0368DB6898475CE7201D32464146D4
:1058B800184403F08DF90022631925601A7102B0AB
:1058C800BDE8F08105EB45014908032938BF0321EC
:1058D800FFF77CFE606C2368BBE7211D5CE74FF097
:1058E800FF325A60C0E700BF34100020014B83ED3F
:1058F800000A7047C01C0020014B1860704700BFA9
:10590800C41C00201D4B70B50D46196886B016469C
:1059180011F001011A4C10D01A4801F0B3FF00230E
:10592800B2B203A8E9B284F8943201F02DFE03A9BB
:10593800144801F0D5FF06B070BD4FF4167204F19B
:1059480014002160A1602161019105F071FE0199A7
:1059580001220A4B2046C4F88812A4F8901284F851
:1059680094121A60084AC4E99B11C4E99D11C4E95C
:10597800A011064905F076F8CEE700BF9027002071
:10598800F0240020F8240020E01C00206D3A0000DC
:105998002DE9F041734FB0B0884614463D6815F0C4
:1059A800010500F02182704801F0F2FFE57901233A
:1059B80042466D4903A801F0FDFD002D39D16BE188
:1059C8000DF10B070DF10A06A5680DF1090302AAEE
:1059D800D4E90001CDE90067A847039B9DF808209A
:1059E8001A70039B9DF809205A70039B9DF80A20A2
:1059F8009A70039B9DF80B20DA70049B9BB1039A65
:105A0800591E501CCDE9030169B1901C991ECDE9BE
:105A1800030141B1D01CD91ECDE9030119B10432EB
:105A2800043BCDE90323A36920689847636920688C
:105A38009847236A012120689847002800F0588178
:105A4800049B032BBCD81AAD00215822284605F028
:105A5800EFFD464B00212E2003F14C0E05E02F2AC6
:105A680008BF31469E4500F0408102461E4601337C
:105A7800732A7078F3D17228F4D15A78632AF1D155
:105A88009A782F2AEED1304605F0DAFE0246002732
:105A980031462846FFF74EFE012235492846FFF7D2
:105AA80049FE4022394606A8059705F0C1FD05A91B
:105AB8007D20CDE91677CDE91877FFF727FD169BEE
:105AC800002B00F0848119682846059AFFF732FEFA
:105AD800199838B143685F1C04D0013B4360002B20
:105AE80000F02B81179838B143685E1C04D0013B45
:105AF8004360002B00F0138103221E492846FFF75C
:105B080019FE27221C492846FFF714FE2B9B002B61
:105B180000F05B811868FFF701FB2E9838B14368E5
:105B2800591C04D0013B4360002B00F0EA802C98FC
:105B380000283FF445AF43685A1C3FF441AF013B8E
:105B48004360002B7FF43CAF03689B6898472C9810
:105B58008368013B8360002B7FF432AF0368DB6806
:105B680098472DE790270020F8240020B00900204E
:105B7800000A0020040A0020080A0020002900F07A
:105B8800BA804E1C304605F05BFE024600273146BF
:105B98002846FFF7CFFD01228F492846FFF7CAFDA7
:105BA8004022394606A8059705F042FD05A98D2033
:105BB800CDE91677CDE91877FFF7A8FC169B002BDF
:105BC80000F0078119682846059AFFF7B3FD199870
:105BD80038B143685F1C04D0013B4360002B00F0E0
:105BE800E480179838B143685E1C04D0013B4360D9
:105BF800002B00F0CC80032278492846FFF79AFD55
:105C0800272277492846FFF795FD2B9B002B00F0AC
:105C1800DA801868FFF782FA2E9838B14368591C61
:105C280004D0013B4360002B00F0A3802C9838B1CE
:105C380043685A1C04D0013B4360002B00F08B8062
:105C48000DF10B030DF10A02E5680DF10901206859
:105C5800A8479DF80920039B1A70039B9DF80A200A
:105C68005A70039B9DF80B209A70049B73B1039A9A
:105C7800591E501CCDE9030141B1901C991ECDE974
:105C8800030119B10332033BCDE90323A36920685B
:105C98009847636920689847236A012120689847D4
:105CA80030B3049B022BCBD81AAD002158222846CA
:105CB80005F0BEFC4B4B00212E2003F14C0E05E0F5
:105CC8002F2A08BF31469E453FF458AF02461E466C
:105CD8000133732A7078F3D17228F4D15A78632A81
:105CE800F1D19A782F2AEED14CE739B14E1CCAE689
:105CF80030B0BDE8F0814C223A4E47E74C22394E8D
:105D0800C5E603689B6898472E988368013B8360C3
:105D1800002B7FF40CAF0368DB68984707E703683C
:105D28009B68984717988368013B8360002B7FF432
:105D3800E3AE0368DB689847DEE603689B6898472C
:105D480019988368013B8360002B7FF4CBAE03680E
:105D5800DB689847C6E603689B6898472C98836871
:105D6800013B8360002B7FF46BAF0368DB689847C7
:105D780066E703689B6898472E988368013B8360B1
:105D8800002B7FF453AF0368DB6898474EE703683E
:105D98009B68984717988368013B8360002B7FF4C2
:105DA8002AAF0368DB68984725E703689B6898472C
:105DB80019988368013B8360002B7FF412AF036856
:105DC800DB6898470DE71BA824E71BA8A3E606A9EC
:105DD8007AE606A9F7E600BF000A0020040A0020B8
:105DE800080A0020B00900200F4E29464FF4167209
:105DF80006F114003560B560356105F019FC012322
:105E080030460A4A0A49C6F88852A6F8905286F8D7
:105E180094523B60C6E99B55C6E99D55C6E9A05515
:105E280004F020FEBFE500BFF0240020E01C0020A5
:105E38006D3A000070B5874E874C356815F001053E
:105E48002DED028B94B000F0DC8094F89432002B96
:105E580040F0D3800121226984F89412002A00F0CE
:105E6800CC807E4994F890222668D1ED007A002AE9
:105E780040F0E5807A4B002E00F0E98093ED007A3F
:105E8800B4EE677AF1EE10FA00F0AF80C3ED007A55
:105E98002260F1EE048A734D9FED738A02F0F0FDE3
:105EA800B6F854302968326801FB03F396ED146A9A
:105EB800801ADB0007EE900AB8EE677A07EE903A90
:105EC800F8EE677AC7EE866AC6EE887A77EEA87A21
:105ED800B4EEE77AF1EE10FAE0D4644B186810B12A
:105EE800012102F015FFC821304602F011FF05AD6F
:105EF80038220021284605F09BFBD4F87812D4F804
:105F08007032002201EB4101139203EB81019342AD
:105F180008BF11460CE0139A02F15000312A684478
:105F280005D81A7800F83C2C139A013213920C33D6
:105F38008B42F0D14E4801F0EDFD0646C82002F034
:105F4800E1FE4C4B9DF84C20A3FB06310023019544
:105F580005460293C1F34F010092A26800F09AF837
:105F6800434B53F8086C43F8085C76B3F1EE048AA7
:105F78003C4D9FED3D8A02F083FDB6F85430296808
:105F8800326801FB03F396ED146A801ADB0007EE12
:105F9800900AB8EE677A07EE903AF8EE677AC7EE9D
:105FA800866AC6EE887A77EEA87AB4EEE77AF1EEDA
:105FB80010FAE0D42D4B186810B1012102F0A8FEA8
:105FC800C821304602F0A4FE25682B4B2846234AF8
:105FD800196892ED000A0029B7EEC00AACBF89B271
:105FE8004FF4967100F0C2FA2668304614B0BDEC42
:105FF800028BBDE8704000F081BF14B0BDEC028B8D
:1060080070BD29464FF4167204F114002560A5608E
:10601800256105F00DFB0123184A19492046C4F8EB
:106028008852A4F8905284F894523360C4E99B557E
:10603800C4E99D55C4E9A05504F014FD05E7084AD4
:106048002360C2ED007A002E7FF423AF4FE7C3ED43
:10605800007A4CE790270020F0240020C01C002084
:10606800C81C0020642A002000007A44482A002026
:10607800F8240020ABAAAAAAC41C0020E01C002017
:106088006D3A000000B583B0019002F0CBF9019899
:1060980003B000BDF0B583B08261264A0F469DF873
:1060A800205004468377282D019328BF2825157092
:1060B8004FF07E5202654FF60162C0E90322426149
:1060C8001F309DF8282080F82F20002240F81F2C30
:1060D800FF2200F81B2C6FF07F42B1FBF5F640F869
:1060E800172C154A20F8036CC0F83520A2F5FA726F
:1060F8000999C0F839202A4602F06AFD019B03F08D
:106108003F03052B10D806EB460607EB470002F0C5
:10611800FBFD0A4B84F86C501860094BC4E91C0657
:1061280020461E6003B0F0BDB800B60002F0ECFDDA
:10613800EFE700BFA6300020E2042C01482A002027
:10614800642A0020000000002DE9F04F0023D84DFC
:10615800D84A06462DED068B90F86C7083B0C5E9D9
:1061680000331770C5E90233002F4DD01E30DFF819
:106178004CC3D14CDFF8808307EB0009DFF87CB310
:10618800DFF87CA3CDE9007610F8013F272B4FEA12
:10619800031208EB03172FD858F80210C1F38732FF
:1061A8000431032A28D8FB680126227093FAA3F346
:1061B800B3FA83F38CF8003006FA03F355F822603B
:1061C800BF6846EA030E45F822E0D7F800E02EF053
:1061D800F90EC7F800E0D7F800E04EF0180EC7F83F
:1061E80000E05BF8227027EA03074BF8227051F8A9
:1061F8000A20134341F80A3081450CF1010C04F1DF
:106208000104C1D1DDE90076A94C0FCCB366A4F135
:106218001005F06506F17800316672663A46A749BE
:1062280002F0D6FC3A46A44906F1A00002F0D0FCE0
:106238002B46BFF34F8F4FF0E022C2F8703F203358
:106248009C42FAD8BFF34F8FBFF36F8F96ED144A75
:10625800B7EE002BB0EE081B994BB7EEC44AB6F860
:10626800582093ED005A002493ED006A252734EE58
:1062780042AB93ED007AB8EE455AB6F85430B8EE12
:10628800466A4FF0410A8AEE013B09EE103AB6F829
:1062980056304FF0050843F2230943F20B0E08EE7F
:1062A800103A884BB7EEC55ADFF858C2B8EE477AAD
:1062B8002146B7EEC66A2420B8EE499BDFF848B2FB
:1062C800B7EEC77AB8EE488B9FED770B85EE001BCB
:1062D80086EE005B33EE023B87EE002B07EE902A3A
:1062E800B8EE670B21EE091B25EE088B81EE045BE7
:1062F80088EE046B22EE002B82EE037BBCEEC55BBE
:1063080015EE102ABCEEC66BA6F8482016EE102A29
:10631800A6F84A20BCEEC77B17EE102AA6F84C2038
:10632800DA8B22F00702DA83DF81A3F814A05C81FC
:10633800DC80B6F84820DFF8D4A11A80B6F84820E7
:106348001A82A3F80C90A3F82E805C85DC84B6F83A
:106358004A20DFF8BC911A84B6F84A201A86A3F8B6
:106368002CE0A3F84E80A3F84A40A3F84640B6F8BC
:106378004C20DFF8A081A3F84020B6F84C20524EFC
:10638800A3F85020A3F84CE0DCF8703043F4400345
:10639800CCF8703002F0A6FD384601214FF4804752
:1063A80002F0A0FD0221262002F09CFD474B1D2291
:1063B80041F61D513046A3F884102146A3F88620E3
:1063C80001F0CAFFDBF800203168A0204FEAC20EB6
:1063D8003F4B0D601A68C1F8109009F10409A1F843
:1063E80016E03C4BA1F81EE04FF0080EC1F804A0DF
:1063F800CC60C1F808808F828B61A1F81CE096F808
:1064080004C03549354E46F82C4046F82C1034491E
:10641800978211603349C2F8109051602146D082AA
:106428009261D08394833048C2E9028401F094FFDA
:10643800274B2D481A680368D2E900E10F46998B6B
:1064480021F080019983D2E902C1C3F800E05F60BE
:10645800C3F808C0D960D2E904ECD2E90612C3F83F
:1064680010E0C3F814C09961DA61BFF35F8F1F4A67
:10647800012103794FF4804746F8234046F823204A
:106488001B4B027902F01F0C03EB521302F11000B0
:10649800184A9B0001FA0CF1DFF87CC042F820C0D2
:1064A800196021463AE000BF0000000065CDCD41EB
:1064B80000002020A6300020202A0020F8290020F3
:1064C800681A002000801E404C2A002000C03B4073
:1064D800E02200200000FFFF1E00008000C00E40E8
:1064E8002000202008000203542A00201F000080FA
:1064F80040380038002000205811002068C00A40A9
:1065080000801BFE00C00F40642A00200800022300
:1065180084801B401000007C594A0000104801F09C
:106528001BFFDBF800200E48D2000E4903681D60EF
:10653800C3F81090DA82DA838822C3F804A099613C
:10654800C3F808809F82DC609A830179064B46F87D
:10655800214046F8213003B0BDEC068BBDE8F08F32
:106568005C2A00200000FFFF5E000080B7EEC00B31
:10657800A0F85A1080ED140AFFF7E6BD10B5803078
:1065880014468E461EF801CB1CF0800F04D150F83B
:10659800802C1A4340F8802C1CF0400F04D150F88E
:1065A800702C1A4340F8702C1CF0200F04D150F8BE
:1065B800602C1A4340F8602C1CF0100F04D150F8DE
:1065C800502C1A4340F8502C1CF0080F04D150F8F6
:1065D800402C1A4340F8402C1CF0040F04D150F80A
:1065E800302C1A4340F8302C1CF0020F04D150F81C
:1065F800202C1A4340F8202C1CF0010F04D150F82D
:10660800102C1A4340F8102CA4EB0E0C80308C444C
:10661800BCF1000FB6DC10BD3D493E4A3E4B2DE9AA
:10662800F04F097985B0D1771A78002A64D0002212
:106638003A4F1A704FF4206200213846DFF8F8808C
:1066480004F0F6FF364BD8F80010D3F800B01A68FB
:10665800DFF8E8908A1A142A28BF142202EB0B0CE0
:10666800C3F800C099F800303BB32E4B00242E4EDF
:106678004FF0010A1B682D4D0293CDF80CC0CDE9EF
:10668800002701E0D8F80010029F01FB04B12B7825
:10669800013430783944019F0AFA03F3009A01362D
:1066A80007EB80000135FFF769FF99F80030A34236
:1066B800E8DCDDF80CC0DDE900273B4607EBC2103B
:1066C800BFF34F8F4FF0E021C1F8703F203398425D
:1066D800FAD8BFF34F8FBFF36F8F1549D200D8F8A0
:1066E80000300968B3EB0C030F60CA8208D1082395
:1066F8008B8305B0BDE8F08F01220E4F1A7099E721
:10670800142B94BF102312238B8305B0BDE8F08FA0
:10671800542A002000800E40A730002020002020AE
:10672800682A0020482A0020202A0020F829002072
:10673800E0220020200A2020642A0020A630002021
:106748002DE9F04FA14F0446837F87B0A04E03F098
:106758003F033A783068023B00FB02F249B9042B48
:1067680000F23D83DFE813F09E00D00001013A01FA
:106778006B01042B00F26583DFE813F0BF011502FB
:106788006902C4020500002A00F0BB808B004FF0AC
:106798000008904D04934B1E8F48C34605936FF035
:1067A800020342460295039332E0DDF80CE0029DB5
:1067B800C91AF0440BF1040E2D681FFA8EFBA95478
:1067C800019DA16911F805E02169029D01FB0EFEFA
:1067D800A0FB0EE1C3EBD13E2968114481F801E02A
:1067E800A16911F80CC0616901FB0CFCA0FB0C1C31
:1067F8002968C3EBDC3C114481F802C029681144C4
:10680800CB703A78336802FB03F35A469B4578D23B
:1068180008F10105D4F818A0D4F80C9008F1020C7E
:106828001AF805E01AF8083009FB0EFE09FB03F315
:106838000195A0FB0331A0FB0EE31AF80CE0C90B8D
:10684800DB0B09FB0EFE8B42A0FB0E5E049D28BFEE
:106858000B464FEADE3EDBB2734528BF7346B2FBF8
:10686800F5FE05FB1E2EBEF1000F9ED103994FEADF
:106878009B0C714505996144C0F2988201EB41086F
:106888006FF002056FF0020E1AF80810039508F170
:10689800010509FB01F10195A0FB01C108F1020CFA
:1068A800C90B84E76AB300224A4DDFF82CC1A369FB
:1068B800E0689B5C00FB03F3ACFB03032868DB0B7D
:1068C80008444370A369206913445B7800FB03F311
:1068D800ACFB03032868DB0B4354A36960691344CA
:1068E80003329B7800FB03F3ACFB03032868DB0B44
:1068F8000844837031683B7801FB03F391B28B4203
:10690800D5D807B0BDE8F08F002AFAD00022314D63
:10691800DFF8C4C0A369E0689B5C00FB03F3ACFB31
:1069280003032868DB0B08448370A36920691344B8
:106938005B7800FB03F3ACFB03032868DB0B4354D1
:10694800A3696069134403329B7800FB03F3ACFB33
:1069580003032868DB0B0844437031683B7801FB6C
:1069680003F391B28B42D5D8CBE7002AC9D00022D5
:10697800184DDFF864C0A369E0689B5C00FB03F373
:10698800ACFB03032868DB0B08444370A369206948
:1069980013445B7800FB03F3ACFB03032868DB0BB1
:1069A80008448370A3696069134403329B7800FB31
:1069B80003F3ACFB03032868DB0B435431683B78D3
:1069C80001FB03F391B28B42D5D89AE7A630002099
:1069D800642A0020482A002003820181002A90D0DE
:1069E8000022C64DDFF818C3A369E0689B5C00FB72
:1069F80003F3ACFB03032868DB0B08448370A3692B
:106A0800206913445B7800FB03F3ACFB030328689D
:106A1800DB0B08444370A3696069134403329B7815
:106A280000FB03F3ACFB03032868DB0B435431681A
:106A38003B7801FB03F391B28B42D5D861E7002A7A
:106A48003FF45FAF0020AD4DDFF8B4C28646D4F8FE
:106A580018B00EF10403D4F80CA000F101091BF8DA
:106A680000201FFA83FE0AFB02F2ACFB02321BF87D
:106A780009300AFB03F3D20BACFB038300F10208D5
:106A880003301BF808B0DB0B0AFB0BFA9342ACFB94
:106A98000ABA28BF13464FEADA3ADBB2534528BF91
:106AA8005346A2EB030A2A6802F801A0A26912F869
:106AB8000990226902FB09F9ACFB09292A68C3EB92
:106AC800D9390A4482F80190A26912F808806269EB
:106AD80002FB08F8ACFB08282A68C3EBD8380A443C
:106AE80082F802802A680A447146D3703B7832687B
:106AF80002FB03F39E45AAD303E7002A3FF401AF44
:106B0800002201EB410A01396FF0020E7B4D13465A
:106B180001EB4109DFF8E8C11146F046B3FBFAF092
:106B28000AFB103048B986454FF0030E1946A4BF3A
:106B38006FF0020E09EB0301F046A069033210F86A
:106B480001B092B2E06800FB0BFBACFB0B0B2868B2
:106B58004FEADB3B184480F801B0A069084490F87C
:106B680001B0206900FB0BFBACFB0B0B28684FEA5C
:106B7800DB3B00F803B0A0690844414490F8028068
:106B8800606900FB08F8ACFB080828684FEAD838A9
:106B9800184480F802803368387803FB00F0134605
:106BA8009042BAD8ADE6002A3FF4ABAE002001EB24
:106BB800410E01396FF00209504D024601EB410ABE
:106BC8000346DFF83CC1B3FBFEF10EFB113141B9BE
:106BD80089451A464FF0030903DB0AEB03026FF0FD
:106BE8000209A169033011F8028080B2E16801FB53
:106BF80008F8ACFB081829684FEAD838194481F816
:106C08000280A169114491F80180216901FB08F80B
:106C1800ACFB081829684FEAD83801F80380A16945
:106C28001144033291F80280616901FB08F8ACFB5A
:106C3800081829684FEAD838194481F80180336860
:106C4800397803FB01F103468142BCD859E6002A92
:106C58003FF457AE002201EB410A01396FF0020EF2
:106C6800264D134601EB4109DFF894C01146F04662
:106C7800B3FBFAF00AFB103048B986454FF0030E13
:106C88001946A4BF6FF0020E09EB0301F046A06994
:106C9800033210F801B092B2E06800FB0BFBACFBCA
:106CA8000B0B28684FEADB3B184480F801B0A06959
:106CB800084490F801B0206900FB0BFBACFB0B0B00
:106CC80028684FEADB3B184480F802B0A069084402
:106CD800414490F80280606900FB08F8ACFB0808A2
:106CE80028684FEAD83800F803803368387803FBFF
:106CF80000F013469042BAD803E600BF482A0020A5
:106D080003820181002A3FF4FCAD01EB410E0139F9
:106D18006FF00209774D01EB410A0021DFF8D8C175
:106D280008460A46B2FBFEF30EFB132343B9994506
:106D380010464FF0030903DB0AEB02006FF002096B
:106D4800A369033113F8008089B2E36803FB08F8EC
:106D5800ACFB08382B684FEAD838134483F8028014
:106D6800A369034493F80180236903FB08F8ACFB8B
:106D780008382B684FEAD838134483F80180A36990
:106D88000344033093F80280636903FB08F8ACFB03
:106D980008382B684FEAD83803F802803A78336805
:106DA80002FB03F30A469942BCD3AAE50CEB4C0854
:106DB80003251AF808104FF0010A039509FB01F1A1
:106DC800A9461CFB05A5A0FB01E14FF0030E0195A8
:106DD8004D464FF00209C90B1CFB059CE7E4002A4D
:106DE8003FF48FAD0022434DDFF80CC1A369E06882
:106DF8009B5C00FB03F3ACFB03032868DB0B4354E9
:106E0800A369206913445B7800FB03F3ACFB03031D
:106E18002868DB0B08444370A36960691344033294
:106E28009B7800FB03F3ACFB03032868DB0B0844E7
:106E3800837031683B7801FB03F391B28B42D5D85C
:106E48005FE5002A3FF45DAD4FF0000C01EB41090E
:106E580001396FF00200274D624601EB410A634693
:106E6800DFF894808646B3FBF9F109FB113149B983
:106E780088424FF003001A46A4BF6FF002000AEBE5
:106E8800030286460CF103011FFA81FCA16911F87F
:106E980002B0E16801FB0BFBA8FB0B1B29684FEA5A
:106EA800DB3B01F803B0A169114491F801B02169F5
:106EB80001FB0BFBA8FB0B1B29684FEADB3B1944C2
:106EC80081F801B0A1691144724491F802E0616946
:106ED80001FB0EFEA8FB0E1E29684FEADE3E194490
:106EE80081F802E03368397803FB01F163466145B4
:106EF800B8D806E5482A002003820181AC4B2DE969
:106F0800F04F1D680446AB8B1A062DED028B87B037
:106F180011D4A84FA849A94E48683A68A6FB02327E
:106F2800920C02EB820252004B681B1A9342FBD36D
:106F3800AB8B1B06F0D5A24D236F2A68934200F055
:106F48002D81E06D216E626E2B609E4EA36E94F8CB
:106F58006C70DFF8AC92DFF8AC8289F800700FC66D
:106F6800636F3A4604F178019748C8F8003001F099
:106F78002FFE3A4604F1A001944801F029FEA6F13B
:106F88001003BFF34F8F4FF0E022C2F8703F203359
:106F98009E42FAD8BFF34F8FBFF36F8F8C4BB4F874
:106FA80048208C491A80B4F848201A82B4F84A203C
:106FB8001A84B4F84A201A86B4F84C20A3F8402062
:106FC800B4F84C200491A3F85020D8F800300A688F
:106FD800DB00D382D383764A1268D382D38394F8B2
:106FE8004E102046FFF7ACFB794B7B480526DA8B21
:106FF8004FF0250E00211746ADF80C204FF4A05293
:1070080027F0070CA3F81EC0A3F80EE0DE85A3F84E
:107018004E60B0F8843043F4805343F01003A0F876
:107028008430B0F8863043F01003A0F886306B48FF
:1070380004F0FEFAD8F80010694828290A4699F899
:10704800003028BF28220260002B00F0AE802B6899
:107058004FF0010A5D4F00255B4EDFF880B10293C7
:107068000594019201E0D8F800103378013717F839
:10707800010C01360AFA03F30BEB8000DDE9012469
:1070880001FB05410135FFF779FA99F80030AB4269
:10709800E9D8019A059C514B0BEBC210BFF34F8FF7
:1070A8004FF0E021C1F8703F20339842FAD8BFF37F
:1070B8004F8FBFF36F8F4B49D8F800000B68282813
:1070C800C3F800B051D8D20047481861DA820822C4
:1070D8009A83374B09791A79444B9FED458A1A7779
:1070E80004980079D876D976DA7603F580130022E9
:1070F8005A81B4F8482001325A85B4F84820013240
:10710800A3F84A2001F0BCFCD8F80020B4F85430A9
:10711800D4ED145A02FB03F3B4F85A102268DB00CA
:1071280006EE901A801A07EE903AF8EEE66A07EE35
:10713800100AF8EE677AB8EE477A87EEA56AC6EEC7
:10714800087A77EEA67AB4EEE77AF1EE10FAD9D497
:10715800039B1F4A43F00703D38301F091FC20608F
:1071680007B0BDEC028BBDE8F08F1F4EA025214A69
:107178003C281E614FF00006DD829E834FF0120608
:1071880012689E831C4B1360D58204D996831B4BCF
:1071980001221A709DE710239383F8E70D4BDFF85F
:1071A8006090DFF86080049319E7DFF830B072E789
:1071B8005C2A00206C1A0020001000E083DE1B43CC
:1071C800482A002000002020F8290020202A00203A
:1071D80000801E404C2A002000C03B402000202098
:1071E800682A0020542A002088801B4000800E4016
:1071F80000007A44E0220020200A2020A730002046
:10720800A6300020642A002008B5104B0021104841
:1072180003F120021A6001F09FF80E4A0E490C484B
:1072280003F020FC00210D4801F096F8094A0A49AC
:107238000A4803F017FC0021094801F08DF8054AB7
:1072480005490748BDE8084003F00CBCE0220020CF
:107258004C2A0020E01C0020C5440000542A0020CD
:107268005C2A002003F010BC03F006BC0A4B30B5C2
:107278001B6883B005460C469847034600B114B90D
:10728800184603B030BD2A460021019004F0D0F919
:10729800019B184603B030BDCC1C0020014B1B6875
:1072A800184700BFD01C0020014B1B68184700BFBF
:1072B800CC1C0020014B1B68184700BFD01C0020C5
:1072C8002DE9F04103680446406C84B016468846B0
:1072D8009D18002800F0D580A26C002A00F0C0801C
:1072E8005168012940F3BC80681C402840F2FB80AB
:1072F8000139516000230C20C4E9113301F002FD6B
:1073080029460746FEF746F9142001F0FBFC012246
:107318000346C760C0E90122944A0260626C38687B
:10732800002A00F0FE8011682268019301F050FCE9
:10733800324620683E684146304401F049FC3A68CC
:107348000021019B5155A66C002E2AD07268511C51
:1073580027D0013A726022BB31688548896881422A
:1073680040F0FE80F16869B10846029303920191EA
:10737800FEF724F901980C2101F0CAFC039A029B3C
:10738800F260A66CB268013AB26052B932687948C4
:10739800D1680193814240F0EF80526830469047AF
:1073A800019B5E68721CC4E9117301D001365E60EE
:1073B800701C25602AD0751E5D60002D40F0A080ED
:1073C8001A686B4992688A4240F0BF80DE68002ED6
:1073D80000F0B58030460193FEF7F0F830460C21F6
:1073E80001F096FC019BA06CDD608268013A826026
:1073F800002A40F09A8002685E4DD1680193A94244
:1074080040F0918052689047019B5E68711CC4E906
:10741800117333D0B21C00F0B380002E2ED119683E
:1074280053488968814240F09680DC684CB1204618
:107438000193FEF7C3F80C21204601F069FC019B7B
:10744800DE609A68013A9A60C2B91A684948D168F8
:1074580081426CD15268184604B0BDE8F04110472B
:107468008268954252D8006832464146184401F075
:10747800AFFB636C002225601B685A5504B0BDE859
:10748800F0816A1C402A2ED9A76C002F3FF432AF36
:107498007B68581C3FF42EAF013B7B60002B7FF4C8
:1074A80029AF3A68324992688A424AD1FA685AB191
:1074B8001046CDE90123FEF781F801980C2101F06F
:1074C80027FC029BFB60A76CBB68013BBB60002BE1
:1074D8007FF410AF3B682749DA688A422CD15B6891
:1074E8003846984706E7201D32464146184401F0C1
:1074F8006FFB0022631925601A7104B0BDE8F081A2
:107508002E46711CC4E9117384D1B7E705EB450118
:107518004908032938BF0321FEF758F8606C23682F
:10752800A1E7211D00E78847019B5E686EE71846C2
:1075380004B0BDE8F041084738469047DAE61846F7
:1075480053E738469047A76CBEE718460193904723
:10755800A06C019B49E7184601938847019B70E797
:10756800304601938847A66C019B0BE73410002036
:107578001D2E0000012E000030468847019B10E7B1
:107588004FF0FF325A6079E70170037263B19200DD
:10759800074B0232A3FB0212520802FB03F3B3F1BA
:1075A800553F88BF013292B202EB420242607047F7
:1075B800ABAAAAAA30B50446D1F8640201F10C0CB2
:1075C80001F0030100EB4000B1B04FEA800E0CEB74
:1075D80081000EEB81018C44BEF1000F03D105E060
:1075E8000C30604514D001789142F9D184450FD010
:1075F80042681546826823B92046C4E9005231B072
:1076080030BD00212846019204F012F8019AF3E7F0
:10761800582200211AA804F00BF88C4B4FF0000CEC
:107628002E2003F1400E05E02F2A08BF8C469E4508
:1076380000F0F380024619460133732A4878F3D1E3
:107648007228F4D15A78632AF1D19A782F2AEED188
:107658000846019104F0F4F8019902461AA8FFF7C8
:107668002FFE01227A491AA8FFF72AFE002340229A
:1076780005A81946049303F0DBFF002304A915208D
:10768800CDE91533CDE91733FDF740FF159B002BE6
:1076980000F0CE801968049A1AA8FFF711FE189B0B
:1076A80043B35A68511C25D0013A5A6012BB196875
:1076B80068488968814240F0BD80D96869B1084648
:1076C800029303920191FDF779FF01980C2101F0D3
:1076D8001FFBDDE90232DA60189B9A68013A9A606A
:1076E80042B91A685C48D168814240F0BF8052684C
:1076F80018469047169B43B35A68551C25D0013A43
:107708005A6012BB196853488968814240F09680D4
:10771800D96869B10846029303920191FDF74EFFBB
:1077280001980C2101F0F4FADDE90232DA60169BC7
:107738009A68013A9A6042B91A684748D168814202
:1077480040F09D80526818469047032243491AA882
:10775800FFF7B6FD262242491AA8FFF7B1FD2B9B79
:10776800002B63D01868FDF7D9FC2E9B33B35A68F9
:10777800501C23D0013A5A6002BB19683548896801
:1077880081425FD1D9680D4661B1084601930292E2
:10779800FDF714FF0C21284601F0BAFADDE90132A1
:1077A800DA602E9B9A68013A9A603AB91A682A48B0
:1077B800D168814260D15268184690472C9B33B3F8
:1077C8005A68511C23D0013A5A6002BB19682148F3
:1077D8008968814246D1D9680D4661B1084601934E
:1077E8000292FDF7EBFE0C21284601F091FADDE943
:1077F8000132DA602C9B9A68013A9A603AB91A68A1
:107808001548D168814234D1526818469047002300
:107818002046C4E9003331B030BDBCF1000F02D0BE
:107828000CF1010114E74022084917E71BA89AE761
:1078380005A930E718468847189B4EE71846884739
:10784800169B75E7184688472E9BABE7300A002041
:10785800000A00201D2E0000012E0000040A00204E
:10786800740A0020184688472C9BC4E718468847A6
:1078780040E718468847CAE7184688479EE71846EB
:10788800884762E790F88932012B27D00122D0F887
:10789800643210B580F8892213B10023C0F864322D
:1078A800D0F86832D0F87822D0F87012D0F86C424C
:1078B800C0F880120021C0F86822C0F878328268C7
:1078C800D0F87C32C0F87C42C0E99B310AB901206B
:1078D80010BD006803F0ACFE012010BD0020704709
:1078E8002DE9F843D0E99B5E064689460EF101036F
:1078F800AB4219D8AE4506D3BDE8F883B8F1000FFE
:107908003ED1C6E99A450EEB4E02D6F8683213EB23
:10791800820303D099E8070083E807000EF101030A
:10792800C6F87032BDE8F88305EB45056D089D4241
:1079380038BF1D4605EB4507BF003846FFF7B4FCC6
:10794800044618B13A46002103F072FED6F870E2F8
:10795800D6F86882BEF1000FD0D00EEB4E07002398
:10796800BF0014EB030C08EB030203F10C0302D075
:1079780007CA8CE807009F42F3D1B8F1000F04D082
:107988004046FFF797FCD6F870E2C6E99A45B1E79A
:1079980090F88932022B00F0B580D0F880320222AC
:1079A8002DE9F04FD0F8706283B0D0F868929E420B
:1079B80080F8892200F08B800123B9F1000F06EBD3
:1079C8004601044680F8883209EB810108BF00218E
:1079D800894500F099804B4600255A680C3395423A
:1079E80038BF15468B42F8D105FB06F6A368B342AB
:1079F80013D220680023236008B1FFF74FFC012150
:107A08003046FFF733FC0746206887427FD008B12D
:107A180001F07CF9D4F868922760A660B9F1000FEC
:107A280035D004F0030304F10C0A002748469A00F5
:107A3800D4F870820AEB83030092019308EB4803A1
:107A480009EB8303984222D02368D4F864E203EB5D
:107A5800070C009A0EEB4E03067802EB830B9B0093
:107A6800019B0AEB0B0103D105E00C338B4212D0CA
:107A78001A78B242F9D18B420DD00C302F44C3E9A9
:107A880001C508EB480309EB83039842DCD10120C8
:107A980003B0BDE8F08FBEF1310F0CD90EF1FF3302
:107AA800009A03EB430302EB830151442F440C304B
:107AB800C1E901C5C2E70EF1010300220AF80B6013
:107AC800D4F87082C1E90122C4F86432EEE7BEB18D
:107AD8004A46D0F878320025147819788C427FF419
:107AE8006BAF546859688C427FF466AF147A197A80
:107AF8008C427FF461AF01350C320C33AE42EBD1CE
:107B080000235AE70020704700252E4685E7D4F861
:107B1800689282E7D0F8683200B5D0F870E2002B9E
:107B28004FF000000EEB4E0C03EB8C0C08BF4FF02F
:107B3800000C634506D059680C33884238BF0846A4
:107B48006345F8D100FB0EF000BD00BF00230160C3
:107B580083800374C0F80630C0F80A30C3817047C8
:107B68000068002208B50368DB6998476420BDE80F
:107B7800084000F02FBF00BFD3B2DFF868C083F021
:107B8800C10330B505463CF81300ADF5037D130A73
:107B980080F432408DF80A3083EA10238DF80920EA
:107BA80001923CF8133083EA00230DF10D008DF8A3
:107BB8000B301B0A8DF80C3002238DF8083001F0C9
:107BC80007F8286802A9019A036805325B6892B22F
:107BD800984728680368DB68984701200DF5037DFE
:107BE80030BD00BFC80B00202DE9F04F4FF0000852
:107BF80087B0524C0746109EC246C3462568C14608
:107C08000193CDE9021204E0386803681B699847BC
:107C180038B923685B1BB342F6D3002007B0BDE830
:107C2800F08F386803685B699847B9F1020FC0B2F2
:107C380011D0B9F1030F07D0B9F1010F15D00228FF
:107C480029D04FF0000904E0019A92451BD3D3458F
:107C580047D92568DDE708F10103E844DBB288F875
:107C68001000052B21D09846F3E708F10103E844FA
:107C7800DBB288F81000032B9846EAD1BDF811B0A2
:107C88004FF00209E5E7029A0AF1010302F80A0037
:107C98001FFA83FADBE70DEB080308F101084FF040
:107CA80001095FFA88F81874D3E7BDF8132004A90E
:107CB8000DF113054FF6FF73214811F801CB8CEA3B
:107CC800132C8D4230F81CC08CEA03239BB2F4D1EC
:107CD8009342A2D14FF005084FF0000A4FF0030974
:107CE800B7E7BBF1010F98D9029DABF1020405EB90
:107CF8000B03A4B213F8012C13F8020C40EA02207B
:107D0800CCB1ABF103036A1E4FF6FF7115FA83F38A
:107D18000B4D12F8016F86EA11269A4235F8166063
:107D280086EA012189B2F4D188427FF476AF039BB9
:107D380001201C8072E74FF6FF71F5E76C300020D8
:107D4800C80B0020F0B5C3B0074602AC217002B1E1
:107D5800EBB9012603220225B646A644A4464FF6EF
:107D6800FF71124B1CF8010B80EA1120E64533F82D
:107D7800100080EA012189B2F4D1A155090A3846D8
:107D880061552146FFF7F8FE012043B0F0BD1146CA
:107D98000DF109001A46019300F01AFF019B03F147
:107DA800010E9D1CDA1C7646D7E700BFC80B0020E1
:107DB80010B5044688B003E0206803685B699847FB
:107DC800206803681B6998470028F5D103460246D6
:107DD80001462046FFF7B6FF4FF47A7C10230DF1D9
:107DE8000E022046CDF800C00DEB0301FFF7FCFEA4
:107DF80010B1BDF80E0008B908B010BD9DF810000C
:107E0800B0FA80F0400908B010BD00BF8C4611469A
:107E180000226CF307024FEA1C2C6CF30F2270B59A
:107E280063F317421D461B0AC8B0044663F31F627A
:107E380008A807922A4600F0CBFE043503E0206824
:107E480003685B69984720680168096988470028C2
:107E5800F5D1EBB207AA01212046FFF773FF4FF4D3
:107E68007A7210232046009203A90DF10A02FFF747
:107E7800BBFE10B1BDF80A0008B948B070BD9DF846
:107E88000C00B0FA80F0400948B070BD2DE9F0410F
:107E980000271C461B0ACEB061F30707090A0546EE
:107EA800904661F30F2764F3174763F31F6703E0F6
:107EB800286803685B699847286803681B699847BE
:107EC8000028F5D10223CDF80D7003AA0DF1100C8E
:107ED8008DF80C304CF2B211C1231D4F12F8010F6E
:107EE800434062459BB237F8133083EA012399B2C5
:107EF800C3F30723F2D1072228468DF8111003A9EE
:107F08008DF81230FFF738FE4FF47A7328460DF1DA
:107F18000A0203A900934FF49673FFF765FE05461E
:107F280020B1BDF80A30012B04D8002528464EB0F0
:107F3800BDE8F0819DF80C20002AF6D15A1E0DF1FB
:107F48000D014046A242A8BF224600F041FEEDE7DF
:107F5800C80B00202DE9F0411B4D88B02F682B6815
:107F6800DB1B99422CD906460C464FF0640803E007
:107F78002B68DB1BA34223D210230DF10E023046DF
:107F8800CDF800800DEB0301FFF72EFE0028EFD09F
:107F9800BDF80E30002BEBD09DF81030082BE7D140
:107FA8000A2000F017FD0123321D00213046FFF79B
:107FB8006DFF3079B0FA80F0400908B0BDE8F08173
:107FC800002008B0BDE8F0816C30002010B582B008
:107FD80004468DF807104AB143B10221FFF716FF96
:107FE80008B902B010BD0A2000F0F4FC01230DF11D
:107FF800070220461946FFF709FF0028F1D04FF481
:10800800FA612046FFF7A6FF02B010BD30B5012483
:1080180083B005460DF10702234621468DF8074037
:10802800FFF7F4FE10B9002003B030BD4FF4FA6139
:108038002846FFF78FFF0028F5D023466A1D1E212A
:108048002846FFF723FF0028EDD0234605F110024C
:108058001F212846FFF71AFF0028E4D02B7C5A1E60
:10806800092A05D96879003818BF012003B030BD46
:10807800AA1D14212846FFF709FF0028F2D1D2E7EC
:1080880010B5182182B0012304468DF807100DF1B0
:1080980007021946FFF7BAFE20B14FF4FA612046ED
:1080A800FFF758FF02B010BD30B500220C78D1F8A8
:1080B80008C087B0134664F307024C7805466CF392
:1080C800070364F30F224FEA1C244FEA1C4C64F3A5
:1080D8000F230C7964F317424C796CF3174364F35C
:1080E8001F620192CA88ADF808200A7B62F31F63F9
:1080F8008A8ACDF80A30ADF812200B7ECA8A09693F
:108108008DF8142001AA8DF815301223CDF80E1021
:108118000221FFF77BFE18B90024204607B030BDC6
:108128000A2000F057FC012322200DF10302194612
:108138008DF803002846FFF769FE04460028EBD0B7
:108148000A2000F047FC01232A1D00212846FFF7DA
:108158009DFE204607B030BD10B5182182B001231E
:1081680004468DF807100DF107021946FFF74EFE79
:1081780020B14FF4FA612046FFF7ECFE02B010BDC3
:1081880000B5002389B08C4601224FF44031019399
:108198008DF804C0CDE90213CDE9042101A9CDE988
:1081A8000632FFF781FF09B000BD00BF00797047B4
:1081B80070B501EB020E82B0BEF1870F02DD002020
:1081C80002B070BD1E46002314468DF804108DF8C9
:1081D800052006218DF8063001AA03230546FFF77E
:1081E800F5FE0028EBD0A30032462021284602B035
:1081F800BDE87040FFF74ABE70B501EB030E82B0D0
:10820800BEF1870F02DD002002B070BD1C460D468E
:108218009B0020210646FFF7F9FD0028F3D04FF018
:10822800000C032301AA072130468DF804508DF86D
:1082380005408DF806C0FFF7C9FE02B070BD00BF4B
:108248000F292AD801390E292DD8DFE801F0080AAC
:108258000C0E10121416181A1C1E20222400134883
:1082680070471348704713487047134870471348BE
:1082780070471348704713487047134870471348AE
:10828800704713487047134870471348704713489E
:1082980070471348704713487047FF2901D11248A7
:1082A8007047124870471248704700BFB80B00204B
:1082B800B80A0020CC0A0020E00A0020F00A0020BA
:1082C800000B0020100B0020200B0020280B0020A2
:1082D800400B0020500B00205C0B0020700B00208E
:1082E800880B00209C0B0020AC0B0020A80A002063
:1082F8009C0A00203AB370B516464D1E00240EE0C5
:1083080000231022114800F039F90121104801F02A
:1083180011FF631C9CB21B070BD0B4420ED015F89A
:10832800011F0F29ECD801210A4801F003FF297821
:10833800E6E7064800F014F9B442F0D10348BDE876
:10834800704000F00DB9014800F00AB9701A002019
:1083580000070020B803002010B572B6DFF8C0C0CF
:10836800BCF8002091B9036883B190F804E0BEF12D
:108378000F0F0CD842FA0EF414F0010445D0264C25
:108388007444B3EB441F02D162B610BD002142FA17
:1083980001F3DB0707D501311029F8D162B60023B4
:1083A8000171036010BD01238B401A43ACF8002013
:1083B80062B61A4A81F0030C0171D36F43F0C0030F
:1083C800D367A2F5A03240F28243136002F58072AF
:1083D800114B02F8E61CCB1802F8E21C02F8E81C64
:1083E8005B0102F8E11C9FED0A7B036083ED007BD3
:1083F80083ED027B83ED047B83ED067B1CF8023062
:1084080063F03F030CF8023010BD2146BFE700BF00
:1084180000000000000000008074000200C00F404F
:108428009C30002003790F2B11D8094A937672B635
:108438000849012290F804C00B8802FA0CF223EADA
:1084480002030B8062B6102200230271036070479A
:1084580000800E409C300020014802F051BA00BF55
:10846800801A0020014802F04BBA00BFE01A002031
:10847800014802F045BA00BF401B0020084601F041
:1084880045BE00BF012A70B508BF0A228AB005465A
:108498001E4659B34FF0210C01E05FFA84FC0CF141
:1084A800FF34B1FBF2F302FB131EBEF1090F0EF10C
:1084B800370098BF0EF130000DEB0C0E91421946B3
:1084C8008EF80400E9D23EB10CF1FF3C2D225FFA90
:1084D8008CFC0DEB0C031A712B6801A9CCF122025C
:1084E80028465B68614498470AB070BD30234FF056
:1084F800210C8DF82530E6E72DE9F0410C46D1B185
:10850800EAB180468F1800250E4E04E001F0FEFD0A
:10851800BC4205440CD0D8F8003014F8010B1B6895
:10852800B342F3D0014640469847BC420544F2D1D5
:108538002846BDE8F0810D462846BDE8F08115467D
:10854800F6E700BFBD680000002903DB00230A220C
:10855800FFF798BF49422D230A22FFF793BF00BFB8
:1085680000B5036883B040F60D2C022201A95B68B0
:10857800ADF804C0984703B000BD00BF42B9036816
:10858800C9B2054A1B68934204D1084601F0BEBD32
:10859800FFF778BF184700BFBD6800000022C0E998
:1085A8000022826061B110B582B000900846019146
:1085B80003F046F9009B044618B9184602B010BDEE
:1085C8007047013002F058FA009B0028F5D00022CD
:1085D800019918600270C3E9014403F0BDF8009BDB
:1085E800184602B010BD00BF10B50446006802F07E
:1085F8004BFA204610BD00BF03468068F0B50C4614
:10860800196883B08518A14204D9002A34D11846C4
:1086180003B0F0BD0844A04227D9002AF7D05E680D
:10862800B54219D9671A01260846691CCDE90032F6
:1086380002F014FD009B84460028E8D0019AC3E9A3
:108648000005986820B98CF80000D3F800C0986835
:108658006044AEB10CEB07042146009300F0B8FA71
:10866800009B00211A6851550FE0002ACFD05E68A0
:10867800B54205D90026D7E75E68B542FAD808445E
:108688002146009303F068F8009B18469D6003B0EC
:10869800F0BD00BF10B582B00023044601228DF85A
:1086A800041001A98DF80530FFF7A6FF204602B097
:1086B80010BD00BF006808B102F0DAB9704700BF0A
:1086C800A94AAA4B90422DE9F047A94CD3F814E0E7
:1086D8009969D4F80CC000F2088103F1437303F5DB
:1086E800F4530333A3FB0023DB0D03EB830303EBFA
:1086F800830202F2B63240F227639A4228BF1A4632
:108708009C4BA3FB0232D208203A984D0CF01F0470
:10871800D5F88030944243F0C003C5F880300BD2BE
:108728002CF01F0C924C4CEA020CC4F80CC02368C5
:10873800002BFCDA0CF01F041EF0007327D18E4DBD
:108748002E698E4DB54300F0FA8081F48055764647
:108758004FF4805716F0605F06D02EF0605E4EEA48
:10876800030E824BC3F814E015F4405F07D021F4E0
:1087780040517E4D3943A961AB6C1B07FCD44EF0C8
:10878800007E7A49C1F814E08B6C9F06FCD47C49C2
:10879800884200F2DF80012635460EE0082D0CD114
:1087A800042E00F291800136022506FB00F38B426D
:1087B80000F2C3805B008B4206D8013506FB05F347
:1087C80000FB03F38B42E9D9771E05F1FF384FEA26
:1087D800872A8EEA87276B4959186B4B99427CD9AF
:1087E800DFF8E4916C2369486349B0FBF5F0684D04
:1087F800B0FBF6F00E6835404D4508D043F4005301
:108808004FF480550D600B600B68002BFCDA57495C
:108818000B6903F00703434504D0C1F810808B6C43
:10882800DE03FCD417F4E05F0BD02EF4E05E0AF40C
:10883800E0534E4943EA0E0EC1F814E08B6C9D07D5
:10884800FCD4544D544945198D4239D8534BED0940
:10885800A3FB05352D0B6B1E1B028EEA030111F4D9
:10886800407F07D02EF4407E03F440733F4943EA2B
:108878000E034B613D494B6923F000734B618B6CD0
:108888009B06FCD4464BA242A3FB00134FF0FF31DA
:108898004FEA9343B0FBF5F5B1FBF3F341490860A8
:1088A80041490D6041490B6008D22CF01F0C30493A
:1088B8004CEA0202CA600B68002BFCDABDE8F087BC
:1088C8004FF440730425C8E7771E2E494FF0070878
:1088D8004FEA872A59188EEA8727294B99421CD8CC
:1088E800DFF8E890362332487EE7324B984201D8C9
:1088F8000E220AE7304B984228D9304A904227D9AD
:10890800821A2F4B120AA3FB0232D20902EB82020F
:1089180002EB820202F2E242EDE6A3F18253294819
:10892800DFF8AC90A3F589337E3BA3FB01310B0D37
:1089380003FB00F043EA090956E7012544E71F460F
:108948008EF0C0560D464FF0C05303E70F22DCE609
:108958001222DAE6012603464FF0000A77464FF066
:108968000008354637E700BF001C4E0E00C00F4018
:10897800000008401F85EB5100800D40403000800A
:10898800FFB19F26808D5B00FF7EF64D00643F4D52
:108998007F3001807FD1F0087F17B42C9F10E5004D
:1089A80083DE1B436C1A0020681A00206030002008
:1089B80000B29F26FF0A6B1B00A4781F0046C32342
:1089C80023B24C00001BB7006C20008036200080CA
:1089D8000020008000B970472DE9F84F0121814639
:1089E800224C234E234D54E8003F3268286844E85F
:1089F8000013002BF7D120494B684FF47A7BDFF83E
:108A08007CA01B1A01270BFB02F8DAF80020A2FB56
:108A180003235B4594BF9844D84454E8003F326828
:108A2800286844E80073002BF7D14B68DAF800C0D7
:108A38001B1A0BFB02F2ACFB03C3B3F57A7F94BF9E
:108A4800D21802F57A72A2EB0802B2F57A7F08D33F
:108A5800B9F1010F08F57A7809F1FF39DDD1BDE8E0
:108A6800F88F01F0E3FB0449D7E700BF703000201E
:108A78006C30002068300020001000E060300020DA
:108A880010B50F4B4FF0010C0E4CDFF844E053E8E3
:108A9800002F2068DEF8001043E800C2002AF6D153
:108AA800094B5B68094A5B1A4FF47A71126801FB3B
:108AB80000F0A2FB03238B4294BFC018401810BDDE
:108AC800703000206C300020001000E06030002082
:108AD80068300020272812D802010C4B03EB001045
:108AE8009B58C268D3F804C01CEA020F03D039B1FE
:108AF800C3F884207047836829B9054A1A6070470B
:108B0800C3F888207047034A1A607047581100203C
:108B18003830010038F0010027280BD8064B020135
:108B280003EB00109A58C36892681A4214BF0120D8
:108B3800002070470020704758110020272831D89E
:108B480002011B4B012903EB00109B5800B55A6822
:108B5800D0E902EC12D0042910D022EA0C025A60A3
:108B6800C9B102291FD003294FF015020CBF114BC0
:108B7800114BCEF8003043681A6000BD42EA0C027F
:108B880001295A6007D040F63803CEF80030436810
:108B980015221A6000BD38231522CEF8003043682C
:108BA8001A6000BD7047054BCEF80030EFE700BFF4
:108BB80058110020383001003800010038F0010059
:108BC80008B5FAF7F3FEFBF743FB01F02FFBFAE7D2
:108BD800844641EA000313F003036DD1403A41D3C0
:108BE80051F8043B40F8043B51F8043B40F8043B7F
:108BF80051F8043B40F8043B51F8043B40F8043B6F
:108C080051F8043B40F8043B51F8043B40F8043B5E
:108C180051F8043B40F8043B51F8043B40F8043B4E
:108C280051F8043B40F8043B51F8043B40F8043B3E
:108C380051F8043B40F8043B51F8043B40F8043B2E
:108C480051F8043B40F8043B51F8043B40F8043B1E
:108C580051F8043B40F8043B51F8043B40F8043B0E
:108C6800403ABDD2303211D351F8043B40F8043BAE
:108C780051F8043B40F8043B51F8043B40F8043BEE
:108C880051F8043B40F8043B103AEDD20C3205D3BE
:108C980051F8043B40F8043B043AF9D2043208D0B6
:108CA800D2071CBF11F8013B00F8013B01D30B8828
:108CB80003806046704700BF082A13D38B078DD006
:108CC80010F003038AD0C3F10403D21ADB071CBFD8
:108CD80011F8013B00F8013B80D331F8023B20F842
:108CE800023B7BE7043AD9D3013A11F8013B00F87B
:108CF800013BF9D20B7803704B7843708B78837003
:108D08006046704701F0B8BE01F0B6BE01F0BCBEC7
:108D180001F0BABE01F1FF3C70B566464FF0000E97
:108D280001E00EF1010EB0FBF2F402FB1403092B73
:108D380003F1370598BF03F130059042204606F845
:108D4800015FEED201EB0E0300225A70BEF1000F54
:108D580011D0481C70440CF102021CF8014F10F8A5
:108D6800015DA1EB0C03521A8CF80050013B047012
:108D780073449A42EFDB084670BD00BF10B500236C
:108D88004FF470440F224FF4806EA0F88C411946BE
:108D9800A0F88E214FF46044A0F890310A46B0F84C
:108DA800883148F2B82C43F0F003A0F8883101EB81
:108DB8004103013100EB431304299C80A3F806E02A
:108DC8005A841A865A805A81A3F80EC05A82DA82C7
:108DD8005A83DA83EBD1B0F8883143F00F03A0F857
:108DE8008831B0F8883143F47063A0F8883110BD39
:108DF800374B384A996F384841F47F0170B5996705
:108E080041F20106D3F8801045F6C05543F2260416
:108E18000A43C3F88020FFF7B1FF00F58040FFF751
:108E2800ADFF00F58040FFF7A9FF00F58040FFF790
:108E3800A5FF0022A0F503104FF00F0E114600EB1E
:108E480042134FEA421C01329981042A5981A3F83E
:108E58000EE09E82DD8020F80C1019829C81EED1F4
:108E680000221E484FF00F0E41F20106114645F64A
:108E7800C05543F2260400EB42134FEA421C01326C
:108E88009981042A5981A3F80EE09E82DD8020F89A
:108E98000C1019829C81EED1002211480F2641F254
:108EA8000105114645F6C05443F2260E00EB421365
:108EB8004FEA421C01329981042A5981DE819D8240
:108EC800DC8020F80C101982A3F80CE0EED170BDFC
:108ED80000C00F40000003FC00C03D4000001E40E1
:108EE80000401E4083290DD857280BD821F0010CCB
:108EF800074AC9073CF8023005D423F0FF0318439A
:108F08002CF802007047DBB243EA0020F8E700BF04
:108F180000C03B4072B6EFF30583524CC4F884306E
:108F28001EF0040F0CBFEFF30882EFF309824FF035
:108F3800E0234D4DD3F8280DD3F82C1DC4E92201A8
:108F4800D3F8341DD3F8383DC4E924139369A83401
:108F580044F8103CD36944F80C3C00F0BBF804ED2D
:108F6800020A01F06DFD0B2344F8040C4FF0FF32A8
:108F78003E4844F8283C2B68202104355A4042F3E7
:108F88000003013903EA000383EA5202F7D1A5423C
:108F9800F1D1344BC3F8A820BFF34F8F4FF0E02333
:108FA8003149334AC3F8701FC3F8702FBFF34F8F8E
:108FB800BFF36F8F2F4A02242F48D36E2F4943F4F3
:108FC8004053D3660460D3692D4823F07F0343F0F0
:108FD8004003D3610B68834240D8274D00204FF0EF
:108FE800E0234FF0FF3228600121C5F80801254829
:108FF8000C460E46C5F80001C5F80811C3F88021D3
:10900800C3F88421C3F88821C3F88C21C3F89021C0
:1090180001E000F05FF9D5F80C31002BF9D04F2CA6
:10902800C5F80C6104F10104F3D9174B0220174964
:109038004FF00042C1F840015A63D5F80C313BB9F2
:10904800134814490C4A0163D2F80C31002BFAD0AA
:109058004FF0E023104AC3F80C2DFEE7FFF730FB72
:10906800BBE700BF00FF272080FF27202083B8ED43
:10907800A0FF272000C00F40004008406C1A0020C5
:10908800803DCD0B009F240000900D4000002E4035
:1090980000800F40F100AD0B0400FA05094A08B53D
:1090A8000346106823B1034407498B4201D8136073
:1090B80008BD02F013FB0C2203464FF0FF301A6084
:1090C80008BD00BFDC1C00200000282030BFFDE7E1
:1090D800FFF720BF124AD2F880305B07FBD5D2F8E1
:1090E80080301048C3F30B230F4990ED007A07EE48
:1090F800903A91ED006AB8EE477A0C4AF8EEE77AB2
:109108000B4BD2ED006A77EEC77A93ED007AB8EE92
:10911800477A67EE867A87EEA60A37EE400A7047E6
:1091280000810D4050300020583000205C30002075
:1091380054300020836B70B586460E4610461BB12E
:10914800536843F40043536072B6DEF8342042B3E8
:109158001B4B1060D3F8B02132421ED1194C656800
:1091680005E06268A2EB050CBCF5166F0BD2D3F8CC
:10917800402142F48042C3F84021D3F8B811D3F813
:1091880040215204EDD5314007D10D4ACEE9020104
:10919800D2F8B0313343C2F8B031CEF8340062B6F9
:1091A80070BD0749CEE90202D1F8B0313343C1F8A6
:1091B800B031CEF83000CEF8340062B670BD00BFD2
:1091C80000002E40001000E070B5056B95B12B46ED
:1091D800002403E01B680134012B0CD05A681206E6
:1091E800F8D5036306462CB12846B36B2D6898471B
:1091F800013CF9D170BD00220023C0E90C23F1E73E
:1092080000B501BBDFF8A0C0234B0021234A4FF073
:10921800010E4FF001109960C3F800E0CCE902316B
:109228004FF0800CC3F804C0C2F8BC01D2F8B031CA
:109238001B4843EA0E03C2F8B0310160D2F8B031DE
:10924800002BFBD100BD0904164BDFF85CC04FF0C2
:10925800010E41F080019860104A596000F5805174
:10926800C3F800E0D96000F50051CCF84830196126
:1092780000F5405100F58040596100219861CCF813
:109288004C10D2F8B03143F48033C2F8B031D2F880
:10929800B031002BFBD1B7E72023002000002E407F
:1092A800F82E00204023002000000020074901225A
:1092B8000B78824023EA02030B7033B9044AD2F8D0
:1092C800483123F08003C2F848317047B830002095
:1092D80000002E402DE9F047A64C82B0D4F8446136
:1092E800F107C4F844614CD5D4F8AC31002B43D015
:1092F800A14DA24FDFF8B882C4F8AC31D5E90A20F5
:10930800D4F8403143F40053C4F84031D4F8403124
:109318009B04F5D5D4F840314FF0011123F40053E4
:10932800C4F84031C4F8B411D4F8B43113F00113BF
:10933800FAD191B284463B60B1F5086F00F03A81EA
:1093480000F2958040F2023E714500F0928100F2F1
:10935800A480822900F0E181B1F5817F00F0B3811A
:10936800802940F09580864802210380FFF748FF56
:10937800D4F8AC31002BBFD17E4AD2F8BC31002BD7
:1093880042D1720616D57B4BD3F8AC21C3F8AC2179
:10939800D3F8BC21C3F8BC21D3F8B041002CFBD1D1
:1093A8004FF0FF32C3F8B421D3F8843100F046FD02
:1093B800744B1C60F40103D5734B1B6803B19847C9
:1093C800B00103D5714B1B6803B19847710708D5E5
:1093D800684BD3F8843113F4007345D06C4B0122E9
:1093E8001A70644BD3F848311A060AD5330608D5E3
:1093F800684A13782BB1013BDBB21370002B00F0E5
:109408006D8202B0BDE8F0875C49C2F8BC310868DB
:10941800034240F098815B4A12681340B1D01C0C9B
:10942800554D1FFA83F810D094FAA4F7B7FA87F7C6
:1094380005EBC7104030FFF7C7FE012303FA07F713
:10944800BC43F1D1B8F1000F9BD0012798FAA8F4DA
:10945800B4FA84F405EBC41007FA04F4FFF7B4FE79
:1094680038EA0408F2D18CE7494A1370B9E742F2A6
:10947800212E71455AD049D8B1F5106F00F0A2805D
:1094880042F2210C614503D1010C072900F08C81BF
:109498004FF00113C4F8C0316AE7B1F5A06F00F0CE
:1094A800CA80A1F5D0610129F2D83B4B596800293F
:1094B800EED01FFA8CFE120C03E019690C33002958
:1094C800E6D0B3F800C09445F7D1B3F802C0F4452C
:1094D800F3D14FEA122C000CBCF1030F00F0CB8142
:1094E8001B89834228BF0346B2F5007F9A4640F0A5
:1094F8009A81274B1B78002B40F0EE812749524672
:109508002748DFF89C90FFF763FB9EE142F2213386
:10951800994214D04FF6C0039942B9D183B2FF2BB8
:10952800B6D843F46E4363F30F0CBEE780B230B98C
:109538001C4B120C19681C4B19601C4B1A70002329
:10954800C5F84880EB64C8F808300123C8F8003033
:109558008023C8F804304FF00113C4F8BC31D4F8A4
:10956800B03143F48033C4F8B031D4F8B031002BB3
:10957800FBD1FDE600002E4000000020F82E002060
:10958800F42F0020FC2E002094300020983000207A
:10959800C1300020C2300020D8130020F41A006027
:1095A800201420206C30002090300020BF30002094
:1095B80020230020B34B0121B3481B780370FFF729
:1095C8001FFED5E6AF49120C01930A70AF4AC4F8E2
:1095D800C821AF4AC4F8CC21AE4AC4F8D02100F063
:1095E8002FFC80220199AC4802F022F8AB49802276
:1095F800019BA9644A60AA4AEB64C5F8A02002F15D
:109608003C428B6002F56C2202F56F72C5F8E020CF
:1096180001220A604FF00112C4F8BC21D4F8B0212D
:1096280042F48032C4F8B0219E4A3B60D2F8B0318F
:10963800002BFBD19CE69949EB648B600123A9645C
:109648000B6080234B604FF001139649C4F8BC317E
:10965800D4F8B03143F48033C4F8B031D1F8B03124
:10966800002BFBD1130C5B0643F08073C1F8543117
:109678007EE610F0780F7FF40BAF00F07F028A4B84
:10968800000653F822104CBF41F4803141F001012B
:1096980043F822100021814BE96499600121AB64F1
:1096A800196080217F4A59604FF00113C2F8BC311C
:1096B800D2F8B03143F48033C2F8B031D2F8B031C7
:1096C800002BFBD154E610F0780F7FF4E1AE00F0E8
:1096D8007F02754B000653F822104CBF21F48031ED
:1096E80021F0010143F8221000216C4BE9649960D4
:1096F8000121AB64196080216A4A59604FF0011357
:10970800C2F8BC31D2F8B03143F48033C2F8B0317A
:10971800D2F8B031002BFBD12AE610F078037FF4A1
:10972800B7AE00F07F01604A000652F82110564A91
:10973800138036D5C90301D501231370022152487D
:10974800FFF75EFD14E60020086058490C88486859
:1097580042F221018C427FF45EAE80B200287FF491
:109768005AAE5349534C03C9A18086284FEA114188
:109778002060A1717FF44FAE72B64F48017841F076
:1097880008010170D2F848110D0605D48020014364
:10979800C2F84401C2F8481162B6484A5021117013
:1097A80039E6CB07CAD5C7E74049EB60444BC1E966
:1097B80000200122AB601A60424A5A603C4A9A6013
:1097C800D4F8B01141F00101C4F8B01102F580518C
:1097D800D96002F50051196102F5405102F5804245
:1097E80059619A612F4AD2F8B031002BFBD12B492D
:1097F800EB648B600123A9640B6048F280034B6023
:109808004FF00113C2F8BC31D2F8B03143F48033C1
:10981800C2F8B0314FF48033224A3B60D2F8B031FD
:10982800002BFBD1A4E5B2F5E06F7FF468AE264BC0
:109838001B78002B4ED12549DFF8949052464846B4
:10984800FFF7C6F9072389F8013029F01F0309EB50
:109858000A02BFF34F8F4FF0E021C1F8703F203369
:109868009A42FAD8BFF34F8FBFF36F8F184851460B
:10987800FFF7C6FC7CE50B78834228BF03469A466F
:109888003DE600BFC0300020F42F00200200CC00CD
:10989800C80002000200C800800000202023002029
:1098A8005DCFC6B800002E40C0012E40882700209A
:1098B800F02E002088300020B8300020C230002070
:1098C8004023002080000700C1300020581B0060A2
:1098D800201420200449AFE7044910E60320FFF7CD
:1098E800E5FC02F0BDF900BFF41A0060581B0060E7
:1098F8002DE9F043841E83B0022C02D903B0BDE8E1
:10990800F083124D90460F46C60105EBC0143C2269
:1099180000210190201D994601F08AFEB8FA88F2CC
:109928003904520941EA42710122A951C4F8389018
:10993800A260B9F1000FE1D00549019B9A400B687C
:109948001A430A6003B0BDE8F08300BF000000209E
:10995800FC2E00202DE9F043A0F1020E83B0BEF1E9
:10996800020F02D903B0BDE8F0839146C201124F3D
:10997800884602F1400605463C220021F41901936D
:10998800201D01F055FEB9FA89FC4FEA0842019BF7
:109998004FEA5C1C42EA4C72BA510122A363A260EE
:1099A800002BDFD0054905F110000B6882401A43EF
:1099B8000A6003B0BDE8F08300000020FC2E002000
:1099C80012044FF0010C816042F08002C0F800C020
:1099D800C36101F5805C01F54053426001F5005216
:1099E80001F58041C0F80CC08161C0E904237047CB
:1099F800831E022B00D9704700F1100C064B0A4653
:109A080003EBC01000B54FF0010E0EFA0CF15DF833
:109A180004EBFFF78FBB00BF40000020831E022B22
:109A280000D970474FF0010C034B0A460CFA00F1BD
:109A380003EBC010FFF77EBB0000002040687047B2
:109A4800144B0A22DFF850C0D3F8200220F07F40E0
:109A580000EB800300B55B0085B0604538BF184651
:109A68006946FFF757F9DFF834C06B4600226046B5
:109A780019780132013341B10A2A20F8021FF7D1BF
:109A880016228CF8002005B000BD52008CF800208A
:109A980005B000BD00441F40809698004C1D002072
:109AA80000F0ECBA00F0BABA00F020BB00F0D8BA67
:109AB80000F06EBB00F048BB0846114600F03ABB08
:109AC80070B5164D4FF0E02415494FF40032154E8D
:109AD80005EB401582B001EB4021C4F88C21034608
:109AE800328828460191FFF76BFF019933880B44B0
:109AF800BFF34F8FC4F85C1F20318B42FAD8BFF3F5
:109B08004F8FBFF36F8F03202946FFF787FF4FF46E
:109B18000033C4F80C3102B070BD00BF60230020D0
:109B2800A01420209E300020264B1A884368C3F3D7
:109B38000E43D21A002AF0B5C46983B028DD224842
:109B4800224D01782D78CBB2DFF894C0A942204D80
:109B580009D01CF803100F4635F811100E46C1F550
:109B680000718A421AD90133002125F81420082BE4
:109B7800184D88BF0B4625F8141098BF19460CF8E5
:109B88000340154B017019680A441A6003B0F0BD10
:109B9800204603B0BDE8F040FFF792BF0F4906EB3F
:109BA80047200192084401EB4421FFF711F8019A7C
:109BB80009492046B31825F817300B6813440B6081
:109BC800E7E700BF9E300020B6300020B730002005
:109BD800243000203430002020300020A014202021
:109BE80044300020224B1A78002A3FD102F0FF03AC
:109BF800204A1278002A39D01F4A1288002A35D004
:109C08001E49C2F5006210B5087884B01C4901EB02
:109C180040141C4901EBC0212046CDE902230191E3
:109C2800FFF7CEFEDDE901120A44BFF34F8F4FF074
:109C3800E020039BC0F8701F20318A42FAD80193B4
:109C4800BFF34F8FBFF36F8F04202146FFF7D0FE7D
:109C58000A480021084B027819800132019BD2B2D0
:109C6800032A98BF1346037004B010BD704700BFA5
:109C7800BE300020C0300020A0300020BD300020C1
:109C880060240020A02420202DE9F04F87B0049004
:109C9800002900F0BF8000235F4C604F4FF001099E
:109CA800DFF890A15E4E029303915E4B5E4A1D78E9
:109CB8003B8802EB451284F800900192002B40F09B
:109CC800A58098461D469B460198FFF7B7FE10F001
:109CD800800000F08B80BFF34F8F9AF8003084F833
:109CE80000B00DB9D6F80080002B7BD13368A3EB08
:109CF8000803782B00F283804C4B1B78002B71D023
:109D080000F094FA3B88012584F80090002BDBD002
:109D180044491A46C3F500600D78039900EBC52045
:109D2800DFF814B19142584417D20593DDE90321B5
:109D38000192FEF74DFF019A4FF04041059B9B1A97
:109D48003B803B4BC3F88410BFF34F8F029800232E
:109D58001044237007B0BDE8F08F0499FEF738FF70
:109D680000230BEBC5214FF400620198FFF728FE92
:109D78000BEBC521BFF34F8F01F1200201F5006302
:109D8800934294BF012340234FF0E02201EB431399
:109D9800C2F8701F20318B42FAD1BFF34F8FBFF347
:109DA8006F8F04200199FFF723FE1E4A13780133B1
:109DB800DBB2042B28BF002313703B88039AD11A07
:109DC800029A1A4403910292049A1A4400230492B4
:109DD800174A3B80C2F88430BFF34F8F23700029A5
:109DE8007FF463AF029807B0BDE8F08F4FF40062CC
:109DF8000C4B8AF800001D7813463A808DE7012342
:109E080002988AF8003007B0BDE8F08F1A46C3F50B
:109E1800006082E70846E6E7BE300020A030002058
:109E28006C300020BD30002060240020C0300020AD
:109E380000002E40BC300020A0242020704700BF26
:109E48002D4B002180222D4870B51B7800242C4E04
:109E58008B420CBF40234FF400732A4D33802B8074
:109E680001F0E6FB284A2146284B14704FF4807213
:109E780027481C8001F0DCFB264A1021264B0220D3
:109E8800C2E90044C2E90244244AC3E90044147008
:109E9800234AC3E90244234B1C702346146022461C
:109EA800FFF758FD204B224631880320FFF720FD9D
:109EB8002346012229880420FFF74CFD204601345F
:109EC800FFF7FEFD082CF9D1184B00214A2218484B
:109ED800184C0460C3F88410C3F88020D3F84821D4
:109EE800154942F08072C3F8482121B1134A13780A
:109EF80043F00103137070BDC130002060240020BE
:109F08009E300020A2300020BD300020A03000206C
:109F1800602300202430002034300020B630002098
:109F280020300020B7300020697F000000002E405C
:109F3800943000202580000000000000C43000207C
:109F48002DE9F84F4FF400324FF0E023C3F88C218D
:109F58002B4B1C78002950D082468B46E4B2002750
:109F6800DFF8B490274B5046274AABEB07081B781D
:109F7800A34204F1010437D0092C244B244928BFFB
:109F880000241E5D39F8163031F8165003EB4621CF
:109F9800ED1A1144A8452A4617D21E4C424650468F
:109FA800FEF716FE236839F816105846A3EB0B0384
:109FB80088443B4429F8168023604FF0E0234FF48F
:109FC8000032C3F80C21BDE8F88FFEF701FE114AF4
:109FD8002F4430461368AA445B1B1360084A147068
:109FE800FFF76EFDBB45BDD84FF0E0234FF40032BC
:109FF8003846C3F80C21BDE8F88F0846DDE700BFF6
:10A00800B7300020B6300020A014202044300020B3
:10A018002430002020300020343000200B4B0C4A24
:10A0280012781978D3B28A420DD0013309480A4A06
:10A03800092B0A4928BF0023C35C31F8131002EB2F
:10A048004323585C70474FF0FF307047B63000200C
:10A05800B730002044300020A014202034300020E5
:10A06800054B186800B1704700B583B0019000F047
:10A07800DDF8019803B000BD203000202DE9F84F2D
:10A08800144E154D33782A78934220D0DCB2DFF88D
:10A098005090DFF850B0DFF85080104F0134082C92
:10A0A800A24601D90024A24619F80400DBF80030C2
:10A0B80038F8102037F81010521A9B1ACBF80030D5
:10A0C800FFF7FEFC86F800A02B78A342E6D1BDE896
:10A0D800F88F00BFB7300020B630002034300020A1
:10A0E80044300020203000202430002000B583B008
:10A0F80001210DF10700FFF723FF18B19DF80700B4
:10A1080003B000BD4FF0FF30FAE700BF084B00B5C1
:10A1180083B01B788DF8070033B101210DF10700DA
:10A12800FFF7B2FD03B000BD03F0FF0003B000BDB0
:10A13800C0300020034B1B780BB1FFF7A5BD03F01F
:10A14800FF007047C03000202DE9F04100240D4E7B
:10A1580001230D4DA0460D4F33703B782846A3428E
:10A1680005D0FFF76BFC030658BF08F500680134FB
:10A178002035042CF1D1BFF34F8F002340463370B4
:10A18800BDE8F081BE30002060240020BD300020F2
:10A19800204B1B7813B1204B1A8802B970471F4B0C
:10A1A800C2F500621E481F4930B51B7883B01E4CAB
:10A1B80000EB431001EBC321012305462370002364
:10A1C800CDE90012FFF7FCFBDDE900120A44BFF3FA
:10A1D8004F8F4FF0E023C3F8701F20318A42FAD81E
:10A1E800BFF34F8FBFF36F8F04202946FFF700FCA2
:10A1F8000A49002208480B7802800133DBB2042B9D
:10A2080028BF13460B70BFF34F8F074B1A7003B06C
:10A2180030BD00BFC0300020A0300020BD3000207D
:10A2280060240020A0242020BE3000202E4B2DE9E1
:10A23800F0411E7886B1DFF8C88098F800305BB925
:10A248000123F10788F8003040D4B20727D400234F
:10A2580088F80030730701D4BDE8F081234B1A68F1
:10A26800002AF9D0EFF30582002AF5D1EFF3108523
:10A2780072B61868002830D01D4C217800292CD1DE
:10A288000122227042691A60002A2AD0916105B918
:10A2980062B600258368457798472570DCE7154B3B
:10A2A8001B78002BD3D0144F002557F8044F236890
:10A2B80020461B69984710B163699B6898470D4B06
:10A2C80001351A78EBB29A42EFD8C0E7FFF7C8FE1B
:10A2D8000028BAD0AFF30080B7E7002DBCD162B632
:10A2E800BAE7064B1A60D2E7C4300020E8290020FC
:10A2F800A4300020A5300020BC220020F429002032
:10A30800A830002070B5EFF3108272B60C4C2068AC
:10A3180080B10C4E00254369236073B19D6102B979
:10A3280062B6836845779847EFF3108272B6206863
:10A338000028F0D102B962B670BD3360EFE700BF04
:10A34800F0290020EC290020FFF7DCBF0449054A6A
:10A358004968054B1960136801331360704700BFE3
:10A36800001000E06C3000206830002001207047A9
:10A37800B0F84630B0F848209BB292B2934202D26D
:10A38800013AD01A7047416B01390A44D01A704714
:10A39800016972B6B0F84A20B0F84C3092B29BB25C
:10A3A8009A423CBF806B1218C86AD31A62B6C0F3CF
:10A3B80002601844704700BFB0F84A100246B0F86F
:10A3C8004C3089B29BB2994210D00133906B116B1B
:10A3D800984298BF0023994203D9126AD05CC0B250
:10A3E80070475B1A526AD05CC0B27047D0F810C090
:10A3F80072B6B0F84A0080B2814201D062B6E4E792
:10A40800DCF82C3013F0E06F03D14FF0FF3062B668
:10A418007047DCF81C0000214FF0010C136AC0F3F0
:10A428000900A2F84AC0A2F84C105870EFE700BF24
:10A43800B0F84AC00146B0F84C301FFA8CFC9BB209
:10A448009C4525D0013310B5D1F838E09E4515D983
:10A458000A6B1C469A4216D90A6AD25CD0B28A6D37
:10A46800A1F84C404AB19C451DD3ACEB0303CC6B1F
:10A478009C4202D3CB6DC2F8883010BD00240A6B11
:10A4880023469A42E8D8486A9A1A825CD0B2E6E72C
:10A498006246006972B6B1F84AC01FFA8CFC624580
:10A4A80005D062B6CEE7E644AEEB0303DFE7C36A46
:10A4B80013F0E06F03D14FF0FF3062B67047C06908
:10A4C800C0F30900F9E700BF90F8443043B110B574
:10A4D8000446FFF7ABFE94F84430002BF9D110BDC9
:10A4E800704700BF38B54369D3E9031209681142C0
:10A4F8002DD00169044690F844200D4632B1FFF78B
:10A5080095FE94F84430002BF9D163690021104A74
:10A51800A961207E03EB0010007D02EB0010D0F84B
:10A5280004C00520CCF8000094F819C003EB0C1304
:10A5380093F8343002EB0312A36D52681060A4F84C
:10A548004A10A4F84C1013B1E26DC3F8842038BD4A
:10A558005811002007EE901A9FED957A0421B6EE67
:10A56800005AF8EE677A9FED936A41F6FF7CC7EED2
:10A57800275A2DE9F04315468E460122046907EE55
:10A58800901AF8EEE77A85EEA77A77EE057AFDEE6F
:10A59800E77A17EE903A6345A8BF6346012BB8BF28
:10A5A800012307EE903AF8EEE76A76EEC76AC6EE40
:10A5B800877AF5EEC07AF1EE10FA01D5F1EE677AF6
:10A5C800F4EEC67AF1EE10FA03D8B0EE676A8E465A
:10A5D8001A4601312129D2D141690023866BB1F88D
:10A5E8005870A0F84A30F71BA0F84C30A0F8463055
:10A5F800C763B1F85A70A0F84830F61B80F84430A9
:10A608000664D1E903763B683343AE053B60C5F386
:10A618004023837600F1A680077EDFF8C08101EB36
:10A628000717654B97F814C0D7F81C9008EB0C1C5B
:10A63800DCF80860DCF804C03360BB69CCF8003093
:10A64800B9F1000F02D03F6AC9F80070477ED923DC
:10A6580001EB071797F834C008EB0C1CDCF808600E
:10A668003360BF6BDCF804301F60437E01EB0313DB
:10A67800DF6B0FB11B6C3B60BEF1080F0EF1FF3CA6
:10A68800CCBF4FF0000E4FF0010E42EA4E434FEAA6
:10A698000C6202F0F8521343002223614B78496898
:10A6A8001033E260454A42F8231042694FF0010E28
:10A6B800434905F0030C5778B2F85620414B7A54B9
:10A6C8004FF0021741694A7803EB521302F01F0258
:10A6D8009B000EFA02F21A60E762A36A43F088034D
:10A6E800A3626B0735D44CF47013AF06827E2BD56A
:10A6F80043F08053002A3DD12E07A36103D5236977
:10A7080043F0005323616369EA0654BF23F0805382
:10A7180043F080536361EB0503D5236943F4005389
:10A7280023618B6873B1284E3478002C3CD0274DB8
:10A738002B4605EB840101E08B422AD01A680433CA
:10A748009042F9D1BDE8F083002AD5D043F0A003A8
:10A75800D2E705F00F03042B14BF1D4B1D4B4CEA29
:10A768000303C2E7477E4FF2D903DFF8708001EB9D
:10A7780007176FE7427E43F0A00301EB021292F83D
:10A78800342008EB0216B668326822F44042326080
:10A79800B2E7631C104A3370137845F8240043F07D
:10A7A80002031370BDE8F0830123084DF2E700BFF0
:10A7B800001BB74BEC78AD6038F00100002000209A
:10A7C80000E400E040380038A5300020C022002016
:10A7D80010003C0010003C40C430002058110020FC
:10A7E800EFF31380B8B9EFF310834BB9EFF3058299
:10A7F8003AB94FF48073EFF3118050B1984208D200
:10A8080070470F2A02D8EFF311827047034B9B5C05
:10A81800F1E7184670474FF0FF30F1E7F0E300E04A
:10A82800036D2DE9F04188460446066913B1426D6F
:10A83800C3F88420A37E2BB172B6B36943F00053EA
:10A84800B36162B6B4F84650636BADB20135AB4242
:10A858004CD800273D46B4F848309BB29D4219D0E9
:10A8680029E073691B0210D5B4F84830626B9BB2BB
:10A8780001339A4237D91A46E16A99422ED9E169D9
:10A88800CB5CDBB2F361A4F84820B4F848309BB243
:10A89800AB4210D1FFF7A4FF6369B3F85630834287
:10A8A800DFDAB0F5807FF0D1FFF7C0FCB4F84830AC
:10A8B8009BB2AB42EED0E26AAA4219D9E26902F829
:10A8C800058072B6012084F84400A4F84670B36984
:10A8D80043F40003B36162B6BDE8F0815B1AA16A74
:10A8E800CB5CDBB2CEE700221346C5E72F46B2E7C2
:10A8F800AD1AA26A02F80580E3E700BFFFF790BF30
:10A908000269536913F4401F70B537D0D36A13F046
:10A91800E06FC3F3026E2ED0B0F84A40B0F84C3066
:10A92800A4B29EB2D2F81CC0631CB0F84C10856B60
:10A93800CCF3090C89B29D4298BF0023994208D0F4
:10A94800016B9942A3EB010166D9016A01F803C0C2
:10A958001C460EF1FF3313F0FF0EE3D1836DA0F810
:10A968004A4043B1B4425BD3A41B016CA14202D854
:10A97800C16DC3F884105369DD0248D4D2F818E0D9
:10A988001EF4000F28D053691C0225D5B0F846C024
:10A99800B0F848301FFA8CFC9BB206E0C169C95C6C
:10A9A800C9B2D161D16A490512D463453CD0446B20
:10A9B8000133C16A9C4298BF00239942A3EB01046A
:10A9C800ECD8816A095DC9B2D161D16A4905ECD573
:10A9D8006345A0F8483029D01EF4800F16D053697B
:10A9E8005B0213D50021036D80F8441013B1416D4B
:10A9F800C3F88810837E2BB172B6936923F0005395
:10AA0800936162B6936923F48003936170BD5369BF
:10AA180043F480135361B1E7446A04F801C097E72F
:10AA2800816B891B0C44A0E7A0F84830936923F494
:10AA380000039361936943F480039361CCE700BFFB
:10AA4800074A506A936A19468446506A936A99423B
:10AA5800F9D18445F7D1DB0B43EA4040704700BF8A
:10AA680000400D4003460846194600F049BD00BFA6
:10AA78000A22002100F034BD024B0146186800F09C
:10AA88000BB800BFEC1C0020024B0146186800F010
:10AA9800DBBF00BFEC1C00202DE9F04F01F10B02D9
:10AAA800162A85B0804624D8102900F2AB8000F021
:10AAB800C9FA022518211022B74C2144A1F1080037
:10AAC8004E68864200F062817268F168B46822F0CC
:10AAD80003023244E1608C60516841F00101404654
:10AAE800516000F0B5FA06F10804204605B0BDE84B
:10AAF800F08F32F0070200F18580914200F28280E7
:10AB0800019200F09FFA019AB2F5FC7FC0F0BA8179
:10AB1800570A7FD0042F00F27281970907F139058F
:10AB28002BB207F1380CDB009B4C2344A3F1080639
:10AB38005B689E4207D10DE00028DF6880F2138130
:10AB4800BE4207D03B46596821F00301881A0F28F6
:10AB5800F2DD6546236991498B4200F0F1805E6819
:10AB680026F00306B11A0F2900F391818B480029BA
:10AB7800C4E9040080F27981B6F5007F676880F047
:10AB88001981F10801310FFA81FC76090121B140E0
:10AB980054F83C0098600F4304EBCC010839D960A5
:10ABA800676044F83C30C360AB1001269E40BE424B
:10ABB80036D83E4206D125F0030576003E4205F11F
:10ABC8000405FAD004EBC50A04EBC507A946F968E1
:10ABD8000EE0486820F0030EAEEB020CBCF10F0F3C
:10ABE8000B46C96800F31881BCF1000F80F22D8173
:10ABF8008F42EED109F1010919F0030F07F1080797
:10AC0800E5D17FE10C23C8F800300024204605B0C8
:10AC1800BDE8F08F4FF4007340254FF03F0C83E7F9
:10AC2800A768796821F0030393429A4603D3991AD7
:10AC38000F2900F387805A495A4E09681031114488
:10AC48000820CDE9011200F079FD01994B1E03445B
:10AC58004542834630681D40B0F1FF3F18BF294682
:10AC68004046019100F028FD411C0546DDE901122E
:10AC780000F02B8107EB0A0C844500F224814A4B33
:10AC8800186800EB01090BF1FF3EC3F8009000F0D3
:10AC98008981306801301BBFA5EB0C0C09EB0C0057
:10ACA8003560186015F00700814600F04881C0F152
:10ACB80008000544CDE901236B1803EA0E01584446
:10ACC800401A00EA0E06314640469B4600F0F4FC66
:10ACD800421CDDE9012300F09581401B304440F01F
:10ACE80001011868A56000EB0609A7426960C3F86E
:10ACF800009017D0BAF10F0F40F25E81AAF10C0153
:10AD080021F0070C796801F0010141EA0C01796032
:10AD1800052607EB0C01BCF10F0FC1E9016600F233
:10AD280063816968214B1E684E4538BFC3F800909F
:10AD38001F4B1E684E4501D2C3F800902F46C6E04F
:10AD4800676831E7BD1841F0010142F001027A60FD
:10AD58004046A560696000F07BF907F108042046C9
:10AD680005B0BDE8F08F9A6801931944D760BA60BE
:10AD78004A6842F0010240464A6000F069F9019BC6
:10AD880003F10804204605B0BDE8F08FCE68B14253
:10AD98007FF49AAE0235DDE66014002068140020C6
:10ADA800382D0020E41C0020082D0020302D002024
:10ADB800342D0020B6F5206F4FEA56207CD3142896
:10ADC80000F2D38000F15C0109B25B30C90004EBEA
:10ADD800010C6158ACF1080C8C4503D1A8E08968D6
:10ADE8008C4504D0486820F00300B042F7D8D1F869
:10ADF8000CC0C3E9021CCCF80830CB60D4E6142F91
:10AE080072D9542F00F2BA80170B07F16F052BB2D5
:10AE180007F16E0CDB0087E69D1842F001025A60CC
:10AE28009E68864AF1608E60C4E90455C5E902222D
:10AE38004CF001026A60404643F80EC0019300F0EE
:10AE480007F9019B03F10804E0E69E441C46DEF87E
:10AE5800043043F00103CEF8043054F8083F40466C
:10AE6800D9608B6000F0F4F8D0E61E444046726862
:10AE7800019342F00102726000F0EAF8019B03F1CD
:10AE88000804C3E6D508691C09B2C90014E69D1870
:10AE980042F001025A60694A0193C4E90455C5E9C0
:10AEA800022241F001026A604046995100F0D0F850
:10AEB800019B03F10804A9E6B00900F1390109B2C0
:10AEC8003830C90083E7A74263D0A768796821F0C2
:10AED80003009042A0EB020102D30F293FF732AFE3
:10AEE800404600F0B5F890E607F15C052BB207F193
:10AEF8005B0CDB0018E6514651F808398B428A464C
:10AF080040F09A8015F0030F05F1FF35F3D163681F
:10AF180023EA0603636076009E423FF681AE1EB9BF
:10AF28007EE6760009F104091E42FAD04D4649E64C
:10AF38008010012606FA00F00743676059E7CDE95B
:10AF480002236B1803EA0E01ABEB010606EA0E06B4
:10AF580031464046019300F0AFFB431C019B04BF00
:10AF68004E461846DDE90223B7E6542827D8300BA9
:10AF780000F16F0109B26E30C90028E7B7F5AA7F62
:10AF880027D8D70B07F178052BB207F1770CDB0030
:10AF9800CAE52B4B186800EB01090BF1FF3EC3F81B
:10AFA800009076E615EA0E0F7FF473AEA56851445B
:10AFB80041F001016960B5E601236B6090E7B0F5E7
:10AFC800AA7F25D8F00B00F1780109B27730C900C3
:10AFD800FDE640F254539F4224D8930C03F17D05BB
:10AFE80003F17C0CEB009FE507F108014046CDE931
:10AFF800012300F029FDA568029B6968D3F8009039
:10B00800019A8FE6A9F108010BEB0100002664E61E
:10B0180040F2545188420BD8B00C00F17D01C900B0
:10B028007C30D4E64FF47E737F254FF07E0C7BE5B1
:10B038004FF47E717E20CAE663686CE768140020CE
:10B04800082D0020014800F075BB00BF042D00202A
:10B05800014800F071BB00BF042D0020DFF80CC0D0
:10B068000A460146DCF8000000F002B8EC1C00209B
:10B07800002900F09F802DE9F04383B00C46009230
:10B088008046FFF7DFFF009901F10B03162B60D80C
:10B098001023994260D854F804EC2EF003029A4227
:10B0A800A4F1080565DAB348806805EB020C604531
:10B0B800DCF8046000F0908026F0010060444068ED
:10B0C800C0076CD426F00306901983424CDD1EF0AD
:10B0D800010F0FD154F8080C281A0746406820F0D1
:10B0E800030006441644B34240F3EF801618B342F7
:10B0F80040F3C9804046CDE90023FFF7CDFCDDE9E8
:10B1080000230646002800F0178154F8041C21F09B
:10B1180001012944A0F1080C614500F0AE80043A11
:10B12800242A00F2CE80132A00F29C80034622468D
:10B13800116819605168596092689A6021464046C2
:10B1480000F082FC4046FFF783FF304603B0BDE8BD
:10B15800F08333F007039CD50C23C8F80030002691
:10B16800304603B0BDE8F0830246DCE90201C16065
:10B1780088606968D01A0F2801F0010105EB020602
:10B188001BD811436960736843F00103736040463C
:10B19800FFF75EFF2646304603B0BDE8F0831EF099
:10B1A800010FA7D154F8080C281A0746406820F068
:10B1B80003009BE71146FFF76FBC19436960E91864
:10B1C80040F001004860736843F001030831736080
:10B1D800404600F039FCDAE726F00306B01803F120
:10B1E800100C604580F28B801EF0010F82D154F85C
:10B1F800080C281A0746406820F003000644164445
:10B20800B445B1463FF772AF3E46F96856F8080FA5
:10B21800043A242AC160886000F2A580132A40F20B
:10B22800A0802168B9606168F9601B2A00F2A480D7
:10B23800083407F110022168116061685160A16843
:10B248009160F918A9EB03024A4D42F00102A96086
:10B258004A607A6802F00102134340467B60FFF7B8
:10B26800F7FE98E723680360636843601B2A3BD8AE
:10B2780004F1080200F108035AE750F8041C21F011
:10B2880003010A4475E7043A3D46F96855F8080F82
:10B29800242AC160886020D8132A1CD92168B96083
:10B2A8006168F9601B2A3DD8083407F1100221684B
:10B2B800116061685160A16891602C4632463D4634
:10B2C80057E7214600F022F938E7DCE90201043AA1
:10B2D800C1608860D8E72A46E9E7214628460093F6
:10B2E80000F014F9009BE8E7A3688360E368C36093
:10B2F800242A25D004F1100200F1100318E71D4A92
:10B308001D449560C21A42F001026A6054F8042C88
:10B3180002F001021343404644F8043CFFF798FE4C
:10B32800264638E7A1683961E1687961242A10D096
:10B33800103407F11802BAE74046FFF789FE0EE716
:10B34800236903616169416104F1180200F118037E
:10B35800EEE62269BA616269FA61183407F12002DF
:10B36800A5E7324667E721463046009300F0CEF85D
:10B37800009B66E760140020A1683961E168796183
:10B38800242A03D0103407F1180254E72269BA615D
:10B398006269FA61183407F120024CE7242B2DE981
:10B3A800F84F42D8012B884619463ED091464B4A61
:10B3B80082461E46C64670461EF8017BD35D13F0D2
:10B3C8000803F8D12D2F70D02B2F05BF9EF80070E1
:10B3D8009B469B4600F1020E6FF0004361BB302F85
:10B3E8004DD00A2631460022B3FBF6F4104606FB80
:10B3F800143505E03CD006FB00C001221EF8017B95
:10B40800A7F1300CBCF1090F06D9A7F1410CBCF12A
:10B41800190F17D8A7F1370C61451CDD571CEDD063
:10B428008442E7D24FF0FF32E8E700F057F91623DD
:10B4380003600020BDE8F88F1029D4D1302F27D021
:10B448000E46D0E7A7F1610CBCF1190F03D8A7F19C
:10B45800570C6145E2DC511C30D0BBF1000F0CD118
:10B46800B9F1000FE6D0AABBC9F80080BDE8F88F93
:10B478006545C0DA4FF0FF32C0E74042F0E79EF87A
:10B48800002002F0DF02582A08D008263146AAE731
:10B498009EF8002002F0DF02582AD1D110269EF82B
:10B4A800017031460EF1020E9DE79EF800704FF0D4
:10B4B800004300F1020E4FF0010B8FE72222CAF879
:10B4C8000020B9F1000F07D00EF1FF381846C9F86F
:10B4D8000080CBE70346F7E71846ABE75510002096
:10B4E80000B5DFF818E084461346DEF800005DF882
:10B4F80004EB0A466146FFF751BF00BFEC1C002071
:10B5080013460A460146022000F006BA884270B582
:10B5180031D98B1883422ED9032A00EB02011DD999
:10B5280041EA030C1CF0030F1D4618D14FEA920C98
:10B538000CF1FF36A1EB8C048C4653F804ED4CF863
:10B5480004EDA445F9D1C6EB867301EB830105EB45
:10B55800830CACF10403043902F0030252B102F186
:10B56800FF3C6FEA0C0C9C4413F8012D01F8012DE7
:10B578006345F9D170BD032A50D941EA00039B07FE
:10B588004ED10F2A51D922F00F0301F1100601F113
:10B59800100C103B203100F1100E19445CF8104CCF
:10B5A8004EF8104C5CF80C4C4EF80C4C5CF8084CFF
:10B5B8004EF8084C5CF8044C4EF8044C0CF1100C96
:10B5C8008C450EF1100EE9D1F11812F00C0F03445E
:10B5D80002F00F0503F1100325D025F0030CACF1A0
:10B5E800040426461A1F1C198C465CF804EB42F822
:10B5F80004EFA242F9D1043104333144334405F055
:10B608000302002AB6D0013A0132013B0A4411F87C
:10B6180001CB03F801CF9142F9D170BD0346F0E7A1
:10B62800013A0346F0E72A46EBE703461546D4E716
:10B6380030B584078646034606D0A2B303F8011B3B
:10B64800980702F1FF32F8D1032A26D95FFA81FC64
:10B658000CEB0C2C0F2A0CEB0C402AD922F00F0C07
:10B668009C44C3E90000C3E9020010336345F8D1E4
:10B6780012F00C0F02F00F0417D04FEA940C0CF1E3
:10B68800FF351A4603EB8C0C42F8040B6245FBD1DC
:10B69800043304F0030203EB850322B11A4403F8D0
:10B6A800011B9A42FBD1704630BD2246002AF5D1D3
:10B6B800F9E71446E1E700BF38B5074C0023054613
:10B6C80008462360FDF7EAFC431C00D038BD236818
:10B6D800002BFBD02B6038BD002F0020014B1868D1
:10B6E800704700BFEC1C002070B50E4E0E4DAE42E8
:10B6F80008D0761BB610002455F8043B013498474F
:10B70800A642F9D8094E0A4D00F0AEFAAE4208D06A
:10B71800761BB610002455F8043B01349847A6421E
:10B72800F9D870BDB01A0060B01A0060C01A006085
:10B73800B01A0060704700BF704700BF082802D1E8
:10B748004FF48050704708B5FFF7C8FF1623036011
:10B758004FF0FF3008BD00BF80EA0102844612F0B6
:10B76800030F4FD111F0030F32D14DF8044D11F0F2
:10B77800040F51F8043B0BD0A3F101329A4312F0A5
:10B78800803F04BF4CF8043B51F8043B16D100BF7E
:10B7980051F8044BA3F101329A4312F0803FA4F10F
:10B7A80001320BD14CF8043BA24312F0803F04BF96
:10B7B80051F8043B4CF8044BEAD023460CF8013B03
:10B7C80013F0FF0F4FEA3323F8D15DF8044B7047AD
:10B7D80011F0010F06D011F8012B0CF8012B002AEB
:10B7E80008BF704711F0020FBFD031F8022B12F0DA
:10B7F800FF0F16BF2CF8022B8CF8002012F47F4F95
:10B80800B3D1704711F8012B0CF8012B002AF9D19C
:10B81800704700BF000000000000000000000000AA
:10B828000000000000000000000000000000000010
:10B838000000000000000000000000000000000000
:10B8480030B490F800F020F007016FF0000C10F011
:10B85800070491F820F040F048804FF000046FF0A2
:10B868000700D1E9002391F840F000F1080082FABE
:10B878004CF2A4FA8CF283FA4CF3A2FA8CF34BBB89
:10B88800D1E9022382FA4CF200F10800A4FA8CF202
:10B8980083FA4CF3A2FA8CF3E3B9D1E9042382FAD0
:10B8A8004CF200F10800A4FA8CF283FA4CF3A2FAE5
:10B8B8008CF37BB9D1E9062301F1200182FA4CF21D
:10B8C80000F10800A4FA8CF283FA4CF3A2FA8CF384
:10B8D800002BC6D0002A04BF04301A4612BAB2FAA6
:10B8E80082F200EBD20030BC7047D1E9002304F0AB
:10B8F8000305C4F100004FEAC50514F0040F91F8E0
:10B9080040F00CFA05F562EA05021CBF63EA05037C
:10B9180062464FF00004AAE7F0B51D4C83B0054617
:10B928002068019116461F46FFF704FF194A01993E
:10B93800136823B35A6820681F2A23DC4DB9541CA6
:10B9480002325C6043F82210FFF7F6FE002003B0D5
:10B95800F0BD03EB820E0124CEF88860D3F888612D
:10B96800944046EA040C022DC3F888C1CEF8087149
:10B97800E5D1D3F88C512543C3F88C51DFE7064B4A
:10B988001360D7E7FFF7D8FE4FF0FF30DFE700BFBF
:10B99800D81C00206C2B0020702B0020F8B5064620
:10B9A80008200C46FFF7CAFE07463046FFF74AFB59
:10B9B800224A93685D6825F00305A5F111031C1B55
:10B9C8003C44B4FBF7F4013C07FB04F4A74208DC51
:10B9D80000213046FFF770FE184A93682B449842BE
:10B9E80004D03046FFF734FB0020F8BD61423046F2
:10B9F800FFF762FE0130114A0DD0114993682D1BE3
:10BA080045F001055D600B6830461B1B0B60FFF7B6
:10BA18001FFB0120F8BD00213046FFF74DFE074A05
:10BA28009268831A0F2BDCDD43F001035360054B4A
:10BA380003491B68C01A0860D3E700BF60140020E0
:10BA4800082D0020E41C0020002965D02DE9F041D4
:10BA58000C460746FFF7F6FA54F804EC7D49A4F1C2
:10BA6800080C2EF001030CEB03028D685068954218
:10BA780020F003000EF0010600F08B8015185060CE
:10BA88006D6805F00105A846AEBB54F8084CACEB50
:10BA9800040C2344DCF8084001F1080E74456BD00F
:10BAA800DCF80C50E560AC60B8F1000F00F08C8059
:10BAB80043F00100CCF804001360B3F5007F35D2E1
:10BAC800DA0848685C090132012312B2A340034333
:10BAD8004B6051F83200CCF8080001EBC203083B78
:10BAE800CCF80C3041F832C0C0F80CC03846BDE87C
:10BAF800F041FFF7ADBA85B9034401F1080E90682B
:10BB0800704543F001047AD0D268C2609060CCF8E6
:10BB180004404CF80330D0E770474EF00102B3F50B
:10BB2800007F44F8042C4CF80330C9D3B3F5206FD8
:10BB38004FEA53204AD2980900F1390212B200F1B3
:10BB48003804D20088188A580838904203D15FE038
:10BB58009268904204D0516821F003019942F7D8C5
:10BB6800D068CCE90220C0F808C03846C2F80CC03A
:10BB7800BDE8F041FFF76CBAA5BB1844D2E902232F
:10BB8800D3609A6040F00103CCF804304CF8000010
:10BB9800ACE7184446B954F8083CACEB030C18441D
:10BBA800DCE90223D3609A6040F00103CCF804304A
:10BBB800294BC1F808C01B68834297D8274B3846E1
:10BBC8001968FFF7EBFE91E7034498E714280FD9AB
:10BBD800542824D8180B00F16F0212B200F16E0439
:10BBE800D200AFE743F00101CCF8041013607DE701
:10BBF80000F15C0212B200F15B04D200A2E7C1E9D5
:10BC080004CCCCE902EECCF804404CF803306DE7E4
:10BC1800A4100123A3404C6823434B60A1E7B0F56F
:10BC2800AA7F07D8D80B00F1780212B200F1770486
:10BC3800D20087E740F25452904206D8980C00F19F
:10BC48007D0200F17C04D2007CE74FF47E727E24F2
:10BC580078E700BF60140020E81C0020382D002081
:10BC68005FF800F0C51900605FF800F0691A00601D
:04BC7800F8B500BF5C
:08BC7C00F0EDFF7F0100000064
:10BC840000000000000000000000000000000000B0
:10BC940000000000000000000000000000000000A0
:10BCA4000000000000000000000000000000000090
:10BCB4000000000000000000000000000000000080
:10BCC4000000000000000000000000000000000070
:10BCD4000000000000000000000000000000000060
:10BCE4000000000000000000000000000000000050
:10BCF4000000000000000000000000000000000040
:10BD0400000000000000000000000000000000002F
:10BD1400000000000000000000000000000000001F
:10BD2400000000000000000000000000000000000F
:10BD340000000000000000000000000000000000FF
:10BD440000000000000000000000000000000000EF
:10BD540000000000000000000000000000000000DF
:10BD640000000000000000000000000000000000CF
:10BD740000000000000000000000000000000000BF
:10BD840000000000000000000000000000000000AF
:10BD9400000000000000000000000000000000009F
:10BDA400000000000000000000000000000000008F
:10BDB400000000000000000000000000000000007F
:10BDC400000000000000000000000000000000006F
:10BDD400000000000000000000000000000000005F
:10BDE400000000000000000000000000000000004F
:10BDF400000000000000000000000000000000003F
:10BE0400000000000000000000000000000000002E
:10BE1400000000000000000000000000000000001E
:10BE2400000000000000000000000000000000000E
:10BE340000000000000000000000000000000000FE
:10BE440000000000000000000000000000000000EE
:10BE540000000000000000000000000000000000DE
:10BE640000000000000000000000000000000000CE
:10BE740000000000000000000000000000000000BE
:10BE840000000000000000000000000000000000AE
:10BE9400000000000000000000000000000000009E
:10BEA400000000000000000000000000000000008E
:10BEB400000000000000000000000000000000007E
:10BEC400000000000000000000000000000000006E
:10BED400000000000000000000000000000000005E
:10BEE400000000000000000000000000000000004E
:10BEF400000000000000000000000000000000003E
:10BF0400FF8C0000FF149300FFFFFF003A3078001D
:10BF14000A3D3D3D20496E697469616C697A696EB8
:10BF24006720524649442052656164657273203D1E
:10BF34003D3D0000496E697469616C697A696E6798
:10BF44002047726F75702052464944206F6E20530B
:10BF5400657269616C33202870696E732031342FE7
:10BF64003135292E2E2E2000E29C9320436F6E6ED5
:10BF74006563746564000000E29C97204641494C67
:10BF840045440000496E697469616C697A696E6739
:10BF940020496E7465726573742052464944206F5B
:10BFA4006E2053657269616C34202870696E732049
:10BFB40031362F3137292E2E2E200000496E697418
:10BFC40069616C697A696E6720546F706963205285
:10BFD400464944206F6E2053657269616C35202890
:10BFE40070696E732032302F3231292E2E2E2000AC
:10BFF40047726F75702054616720526561643A20FE
:10C0040000000000436865636B696E6720746167B4
:10C0140020616761696E73743A00000020202D3E30
:10C02400204D6174636865642067726F7570207455
:10C03400616720307800000030000000546F7069A0
:10C044006320446174613A2000000000496E746505
:10C054007265737420446174613A20005374617290
:10C064007465642047726F75702050726573656ED5
:10C0740063652057617463682E00000073746172F5
:10C084007450726573656E63655761746368206686
:10C094006F722067726F7570206661696C65642CBD
:10C0A400207265747279696E672E2E2E000000006E
:10C0B40021212120737461727450726573656E63FB
:10C0C40065576174636820666F722067726F75705C
:10C0D400206661696C656420616674657220332032
:10C0E400617474656D707473202D2070726573654E
:10C0F4006E63652073656E73696E6720697320646F
:10C104006F776E005374617274656420546F706944
:10C11400632050726573656E63652057617463684C
:10C124002E000000737461727450726573656E63DF
:10C1340065576174636820666F7220546F70696319
:10C14400206661696C65642C207265747279696E0D
:10C15400672E2E2E000000002121212073746172AD
:10C164007450726573656E636557617463682066A5
:10C174006F7220546F706963206661696C65642016
:10C184006166746572203320617474656D707473B4
:10C19400202D2070726573656E63652073656E7300
:10C1A400696E6720697320646F776E0053746172DF
:10C1B40074656420496E7465726573742050726589
:10C1C40073656E63652057617463682E0000000018
:10C1D400737461727450726573656E6365576174CC
:10C1E400636820666F7220496E746572657374208B
:10C1F4006661696C65642C207265747279696E6716
:10C204002E2E2E00212121207374617274507265C8
:10C2140073656E6365576174636820666F72204945
:10C224006E746572657374206661696C65642061FF
:10C2340066746572203320617474656D7074732044
:10C244002D2070726573656E63652073656E736906
:10C254006E6720697320646F776E00000A3D3D3D70
:10C2640020575249544520544147204944203D3DDC
:10C274003D000000456E7465722047726F75702032
:10C284004E756D6265722028000000002D000000CC
:10C294002920616E6420707265737320456E746525
:10C2A400723A000057726974696E6720746167207E
:10C2B400494420307800000020746F207061676565
:10C2C40020352E2E2E000000446574656374696E5B
:10C2D40067207461672E2E2E00000000E29C9720D8
:10C2E4004E6F2074616720646574656374656421AE
:10C2F40020506C61636520746167206F6E20616EED
:10C3040074656E6E6120616E642074727920616759
:10C3140061696E2E00000000526573756C743A20DA
:10C32400000000003D3D3D3D3D3D3D3D3D3D3D3D2D
:10C334003D3D3D3D3D3D3D3D3D3D0A00E29C93205C
:10C34400546167206465746563746564000000006B
:10C35400E29C9320577269746520737563636573F7
:10C364007366756C210000005665726966696361C5
:10C3740074696F6E202D205061676520353A200066
:10C3840020000000E29C932056657269666963612F
:10C3940074696F6E2070617373656421000000001E
:10C3A400E29C9720566572696669636174696F6E71
:10C3B400206661696C6564202D2064617461206D60
:10C3C40069736D617463682100000000E29C97202A
:10C3D4005772697465206661696C656421000000A8
:10C3E400496E76616C696420696E70757421000011
:10C3F400456E74657220546F706963204E756D626A
:10C404006572202800000000456E74657220496E34
:10C41400746572657374204E756D626572202800B0
:10C424000A3D3D3D20575249544520524649442037
:10C434004944203D3D3D0000456E746572205246DE
:10C444004944204E756D6265722028312D332920B0
:10C45400616E6420707265737320456E7465723A00
:10C4640000000000496E7465726573743A31207C73
:10C4740020546F7069633A2032207C2047726F75B4
:10C48400703A203300000000444D3A2000000000C0
:10C49400574D3A20000000002121212050696E737D
:10C4A40020636F6E66696775726564000A436F6D19
:10C4B4006D616E64733A0000202054202D20546571
:10C4C4007374207265616420746167206F6E2052FA
:10C4D40065616465722031202873686F7773205515
:10C4E400494420616E6420706167657320342D387F
:10C4F40029000000202057202D20577269746520E0
:10C5040074616720494420746F2070616765203529
:10C51400206F6620746167206F6E205265616465C8
:10C52400722031000A506C616365205246494420F0
:10C5340074616773206F6E20726561646572732025
:10C54400666F72206175746F6D61746963207363C3
:10C55400616E6E696E672E2E2E0000002D2D2D2D1E
:10C564002D2D2D2D2D2D2D2D2D2D2D2D2D2D2D2DF7
:10C574002D2D2D2D2D2D2D2D2D2D2D2D2D2D2D2DE7
:10C584002D2D2D2D2D2D2D2D2D2D2D0A00000000AE
:10C594005461672044657465637465642100000018
:10C5A400536574204C45447320746F20636F6E662A
:10C5B40069726D656400000047726F757020536C7A
:10C5C4006F742069732070726F6261626C79206588
:10C5D4006D7074792E000000546F7069633A200006
:10C5E400496E7465726573743A200000496E74650F
:10C5F4007265737420536C6F742069732070726F4A
:10C604006261626C7920656D7074792E000000009F
:10C614004C00000050726573732027772720746FD5
:10C6240020636F6E74696E75652E2E2E00000000F7
:10C634002E70696F2F6C6962646570732F74656501
:10C644006E737934302F466173744C45442F737282
:10C65400632F706C6174666F726D732F61726D2FCE
:10C664006B32302F636C6F636B6C6573735F6F62D7
:10C674006A656374666C65642E6370700000000004
:10C6840028000000293A20004F626A656374466CF2
:10C6940065643A3A73686F77506978656C733A20C9
:10C6A400627566666572206F766572666C6F770078
:10C6B4002E70696F2F6C6962646570732F74656581
:10C6C4006E737934302F466173744C45442F737202
:10C6D400632F666C2F72656374616E67756C61722B
:10C6E4005F647261775F6275666665722E637070EF
:10C6F4000000000050696E206E6F7420666F756EC6
:10C704006420696E2052656374616E67756C617232
:10C714004472617742756666657200004E6F20450B
:10C7240072726F7200000000556E6B6E6F776E2030
:10C734004572726F72000000496E76616C69642004
:10C74400506172616D65746572000000496E6465C4
:10C7540078204F7574206F662052616E6765000003
:10C764004E56205772697465204572726F720000CC
:10C7740053797374656D204572726F720000000006
:10C7840054616720435243204572726F7200000067
:10C7940054616720436F6C6C6973696F6E000000AD
:10C7A4004E6F20546167000041757468656E74694A
:10C7B400636174696F6E204572726F7200000000CD
:10C7C40056616C756520436F727275707465640090
:10C7D4004F76657268656174656400005461672012
:10C7E4004E6F7420537570706F727465640000002E
:10C7F40054616720436F6D6D756E69636174696F11
:10C804006E204572726F7200496E76616C696420A5
:10C8140050617373776F726400000000416C72653D
:10C82400616479204C6F636B656400004D6F6475BF
:10C834006C65204275737900496E76616C69642079
:10C84400436F6D6D616E64000000211042206330FF
:10C854008440A550C660E770088129914AA16BB154
:10C864008CC1ADD1CEE1EFF13112100273325222FC
:10C87400B5529442F772D662399318837BB35AA3A4
:10C88400BDD39CC3FFF3DEE36224433420040114CC
:10C89400E664C774A44485546AA54BB528850995F4
:10C8A400EEE5CFF5ACC58DD553367226111630069C
:10C8B400D776F6669556B4465BB77AA71997388744
:10C8C400DFF7FEE79DD7BCC7C448E5588668A7785C
:10C8D4004008611802282338CCC9EDD98EE9AFF994
:10C8E400488969990AA92BB9F55AD44AB77A966A3C
:10C8F400711A500A333A122AFDDBDCCBBFFB9EEBE4
:10C90400799B588B3BBB1AABA66C877CE44CC55C0B
:10C91400222C033C600C411CAEED8FFDECCDCDDD33
:10C924002AAD0BBD688D499D977EB66ED55EF44EDB
:10C93400133E322E511E700E9FFFBEEFDDDFFCCF83
:10C944001BBF3AAF599F788F8891A981CAB1EBA1D7
:10C954000CD12DC14EF16FE18010A100C230E32053
:10C964000450254046706760B9839893FBA3DAB3FB
:10C974003DC31CD37FE35EF3B1029012F322D232A3
:10C984003542145277625672EAB5CBA5A8958985CB
:10C994006EF54FE52CD50DC5E234C324A0148104F3
:10C9A4006674476424540544DBA7FAB79987B8979B
:10C9B4005FE77EF71DC73CD7D326F2369106B01643
:10C9C40057667676154634564CD96DC90EF92FE95B
:10C9D400C899E9898AB9ABA9445865480678276893
:10C9E400C018E1088238A3287DCB5CDB3FEB1EFB3B
:10C9F400F98BD89BBBAB9ABB754A545A376A167AE3
:10CA0400F10AD01AB32A923A2EFD0FED6CDD4DCD0A
:10CA1400AABD8BADE89DC98D267C076C645C454C32
:10CA2400A23C832CE01CC10C1FEF3EFF5DCF7CDFDA
:10CA34009BAFBABFD98FF89F176E367E554E745E82
:10CA4400932EB23ED10EF01E191A1B1C1D1E1F2060
:10CA5400212223240D0E0F1011121314151617186A
:10CA6400003131295A1B750A000000000000000043
:10CA74000D7500000D7500000000000000000000AE
:10CA84000D75000015090000E907000069000000A9
:10CA9400112D00006D000000710000007500000001
:10CAA4000000000000000000BD680000F97E0000E6
:10CAB400F57E0000F17E0000ED7E0000E97E0000BE
:10CAC400E57E0000E17E00000000000000000000A0
:10CAD400190700000D050000000000000000000020
:10CAE4000D75000015090000E90700006900000049
:10CAF4007D0000006D000000710000007500000062
:10CB04000D75000000000000000000003D8D0000D5
:10CB140039690000B187000009890000D18700004D
:10CB240071880000F98700009589000025890000BC
:10CB3400AD87000000000000000000003D0200007E
:10CB4400350200000000000000000000190700008A
:10CB54000D050000E9060000FD0600007900000054
:10CB640015090000E9070000690000007D000000CD
:10CB7400DD040000AD04000081000000A9020000F3
:10CB84000000000000000000190700000D0500006F
:10CB9400290600003D06000095000000150900006C
:10CBA400E9070000690000007D000000C5040000E2
:10CBB400A1040000990000004D02000000000000E4
:10CBC40000000000190700000D05000089060000A0
:10CBD4009D0600008900000015090000E907000017
:10CBE400690000007D000000F5040000B9040000A5
:10CBF4008D0000000503000000000000000000009C
:10CC0400190700000D050000B9060000CD0600005C
:10CC14007900000015090000E90700006900000020
:10CC24007D000000DD040000AD0400008100000070
:10CC3400A902000000000000000000001907000025
:10CC44000D050000F90500000D0600009500000028
:10CC540015090000E9070000690000007D000000DC
:10CC6400C5040000A1040000990000004D0200006A
:10CC74000000000000000000190700000D0500007E
:10CC8400590600006D060000890000001509000027
:10CC9400E9070000690000007D000000F5040000C1
:10CCA400B90400008D00000005030000000000002E
:10CCB40000000000FD2D0000092E00001D2E0000C4
:10CCC400012E000000000000000000003D020000F2
:10CCD40035020000002020202020202020202828A9
:10CCE4002828282020202020202020202020202028
:10CCF4002020202020881010101010101010101068
:10CD04001010101010040404040404040404041097
:10CD14001010101010104141414141410101010125
:10CD240001010101010101010101010101010101EF
:10CD340010101010101042424242424202020202FB
:10CD440002020202020202020202020202020202BF
:10CD5400101010102000000000000000000000006F
:10CD640000000000000000000000000000000000BF
:10CD740000000000000000000000000000000000AF
:10CD8400000000000000000000000000000000009F
:10CD9400000000000000000000000000000000008F
:10CDA400000000000000000000000000000000007F
:10CDB400000000000000000000000000000000006F
:10CDC400000000000000000000000000000000005F
:10CDD400000000000000000000000042C8801F4066
:10CDE400B8821F400800000000000042C4801F40B9
:10CDF400B4821F400400000000C0004224801F4091
:10CE040014821F401000000000C0004228801F4010
:10CE140018821F402000000000C000422C801F40E8
:10CE24001C821F404000000000C0004234801F40AC
:10CE340024821F40000100000040004264811F4022
:10CE440054831F40000400000040004280811F40C2
:10CE540070831F4000000200004000427C811F409C
:10CE64006C831F40000001000040004268811F40A5
:10CE740058831F4000080000004000423C811F40CE
:10CE84002C831F40010000000040004244811F40E9
:10CE940034831F40040000000040004240811F40D2
:10CEA40030831F40020000000040004248811F40C0
:10CEB40038831F40080000000000004204811F4026
:10CEC400F4821F40000004000000004208811F405B
:10CED400F8821F40000008000000004218811F4033
:10CEE40008831F40000080000000004214811F409E
:10CEF40004831F40000040000000004200811F40E6
:10CF0400F0821F400000020000000042FC801F402D
:10CF1400EC821F40000001000000004224811F40F9
:10CF240014831F40000000040000004228811F40B9
:10CF340018831F4000000008000000421C811F40AD
:10CF44000C831F40000000010000004220811F40AC
:10CF540010831F400000000200000042EC801F40CC
:10CF6400DC821F400010000000000042F0801F40DF
:10CF7400E0821F40002000000000004234811F4076
:10CF840024831F40000000400000004238811F40FD
:10CF940028831F40000000800080004294801F40CE
:10CFA40084821F400000040000C0004290801F40A3
:10CFB40080821F400000008000800042A8801F4043
:10CFC40098821F400000800000800042A4801F401F
:10CFD40094821F4000004000004000426C811F40CA
:10CFE4005C831F400010000000C0004230801F40DE
:10CFF40020821F408000000000800042C8811F4042
:10D00400B8831F400080000000800042C4811F409C
:10D01400B4831F400040000000800042C0811F40D4
:10D02400B0831F400020000000800042BC811F40EC
:10D03400AC831F400010000000800042D0811F40DC
:10D04400C0831F400000020000800042CC811F40CA
:10D05400BC831F400000010000010000F01C002000
:10D064001200000000060000BC1B00600A00000063
:10D0740000020000581B006062000000000700006E
:10D08400F41A006062000000EE030000381D002066
:10D0940012000000000004EE101D00202800000013
:10D0A40000030000F01A00600000000001030904FE
:10D0B400D81A00600000000002030904C01A0060CE
:10D0C40000000000030309044C1D002000000000C0
:10D0D400000000000000000000000000000000004C
:10D0E4000000000000000000601400206014002014
:10D0F40068140020681400207014002070140020AC
:10D10400781400207814002080140020801400205B
:10D11400881400208814002090140020901400200B
:10D124009814002098140020A0140020A0140020BB
:10D13400A8140020A8140020B0140020B01400206B
:10D14400B8140020B8140020C0140020C01400201B
:10D15400C8140020C8140020D0140020D0140020CB
:10D16400D8140020D8140020E0140020E01400207B
:10D17400E8140020E8140020F0140020F01400202B
:10D18400F8140020F81400200015002000150020D9
:10D194000815002008150020101500201015002087
:10D1A4001815002018150020201500202015002037
:10D1B40028150020281500203015002030150020E7
:10D1C4003815002038150020401500204015002097
:10D1D4004815002048150020501500205015002047
:10D1E40058150020581500206015002060150020F7
:10D1F40068150020681500207015002070150020A7
:10D204007815002078150020801500208015002056
:10D214008815002088150020901500209015002006
:10D224009815002098150020A0150020A0150020B6
:10D23400A8150020A8150020B0150020B015002066
:10D24400B8150020B8150020C0150020C015002016
:10D25400C8150020C8150020D0150020D0150020C6
:10D26400D8150020D8150020E0150020E015002076
:10D27400E8150020E8150020F0150020F015002026
:10D28400F8150020F81500200016002000160020D4
:10D294000816002008160020101600201016002082
:10D2A4001816002018160020201600202016002032
:10D2B40028160020281600203016002030160020E2
:10D2C4003816002038160020401600204016002092
:10D2D4004816002048160020501600205016002042
:10D2E40058160020581600206016002060160020F2
:10D2F40068160020681600207016002070160020A2
:10D304007816002078160020801600208016002051
:10D314008816002088160020901600209016002001
:10D324009816002098160020A0160020A0160020B1
:10D33400A8160020A8160020B0160020B016002061
:10D34400B8160020B8160020C0160020C016002011
:10D35400C8160020C8160020D0160020D0160020C1
:10D36400D8160020D8160020E0160020E016002071
:10D37400E8160020E8160020F0160020F016002021
:10D38400F8160020F81600200017002000170020CF
:10D39400081700200817002010170020101700207D
:10D3A400181700201817002020170020201700202D
:10D3B40028170020281700203017002030170020DD
:10D3C400381700203817002040170020401700208D
:10D3D400481700204817002050170020501700203D
:10D3E40058170020581700206017002060170020ED
:10D3F400681700206817002070170020701700209D
:10D40400781700207817002080170020801700204C
:10D4140088170020881700209017002090170020FC
:10D424009817002098170020A0170020A0170020AC
:10D43400A8170020A8170020B0170020B01700205C
:10D44400B8170020B8170020C0170020C01700200C
:10D45400C8170020C8170020D0170020D0170020BC
:10D46400D8170020D8170020E0170020E01700206C
:10D47400E8170020E8170020F0170020F01700201C
:10D48400F8170020F81700200018002000180020CA
:10D494000818002008180020101800201018002078
:10D4A4001818002018180020201800202018002028
:10D4B40028180020281800203018002030180020D8
:10D4C4003818002038180020401800204018002088
:10D4D4004818002048180020501800205018002038
:10D4E4005818002058180020000000003C2D00208F
:10D4F400A42D00200C2E00200000000000000000DD
:10D504000000000000000000000000000000000017
:10D514000000000000000000000000000000000007
:10D5240000000000000000000000000000000000F7
:10D5340000000000000000000000000000000000E7
:10D5440000000000000000000000000000000000D7
:10D5540000000000000000000000000000000000C7
:10D5640000000000000000000000000000000000B7
:10D5740000000000000000000000000000000000A7
:10D5840001000000000000000E33CDAB34126DE644
:10D59400ECDE05000B0000000000000000000000AD
:10D5A4000000000000000000000000000000000077
:10D5B4000000000000000000000000000000000067
:10D5C4000000000000000000000000000000000057
:10D5D4000000000000000000000000000000000047
:10D5E4000000000000000000000000000000000037
:10D5F4000000000000000000000000000000000027
:10D604000000000000000000000000000000000016
:10D614000000000000000000000000000000000006
:10D6240000000000000000000000000000000000F6
:10D6340000000000000000000000000000000000E6
:10D6440000000000000000000000000000000000D6
:10D6540000000000000000000000000000000000C6
:10D6640000000000000000000000000000000000B6
:10D6740000000000000000000000000000000000A6
:10D684000000000000000000000000000000000096
:10D694000000000000000000000000000000000086
:10D6A4000000000000000000000000000000000076
:10D6B4000000000000000000000000000000000066
:10D6C4000000000000000000000000000000000056
:10D6D4000000000000000000000000000000000046
:10D6E40000000000000000000029DE07007B9A17FC
:10D6F400280E002000000000E803000000000000E5
:10D704008C0E002000000000E80300000000000070
:10D7140000801840A01B00200000000064280020A6
:10D72400A4270020000000000000000028000000E2
:10D73400400000002800000040000000000000003D
:10D7440000000000000000000000000000000000D5
:10D7540000000000000000000000000000000000C5
:10D764008C0E002000000000E80300000000000010
:10D7740000C01840001C0020000000008C2800207D
:10D78400E427002000000000000000002800000042
:10D7940040000000280000004000000000000000DD
:10D7A4000000000000000000000000000000000075
:10D7B4000000000000000000000000000000000065
:10D7C4008C0E002000000000E803000000000000B0
:10D7D40000001A40601C002000000000B428002053
:10D7E40024280020000000000000000028000000A1
:10D7F400400000002800000040000000000000007D
:10D804000000000000000000000000000000000014
:10D814000000000000000000000000000000000004
:10D8240002150000996800000000000068C00F4065
:10D83400000000300F000000020000002C851F4093
:10D8440001000000FF000000FF00000000000000D5
:10D85400000000000E0000000200000030851F40A0
:10D8640001000000FF000000FF00000000000000B5
:10D874000000000013024000260018007800000099
:10D8840003160000A56800000000000068C00F40F7
:10D8940000300000100000000200000038851F4026
:10D8A40000000000FF000000FF0000000000000076
:10D8B4000000000011000000020000003C851F4031
:10D8C40000000000FF000000FF0000000000000056
:10D8D40000000000FF00400026001800790000004E
:10D8E400041B0000B16800000000000080C00F406D
:10D8F40000C00000150000000200000060851F4009
:10D9040001000000260000000200000060851F40A6
:10D9140000000000140000000200000064851F40A5
:10D9240001000000270000000200000064851F4081
:10D934000000000023024000260018007E000000C2
:10D944000000803FFFFFFFFF0000803FA95600005A
:10D95400A556000061350000002D0020A0442020C1
:10D9640000000000FFFFFFFF000002006818002015
:10D9740012010002EF020140C01683047902010281
:10D98400030100000102030405060708090A0B0C41
:10D994002800000000010400010000000000000055
:10D9A400020157494E555342000000000000000098
:10D9B400000000000000000012034D005300460068
:10D9C4005400310030003000F80000000C03000067
:10D9D4000000000000000000000000000000000043
:10D9E40000005E011027C9CDCBC8CCCA00000000DE
:10D9F4000000000000000000000000000000000023
:10DA04000000000000000000000000000000000012
:10DA14000000000000000000000000000000000002
:10DA240000000000000000000000000000000000F2
:10DA340000000000000000000000000000000000E2
:10DA440000000000000000000000000000000000D2
:10DA540000000000000000000000000000000000C2
:10DA640000000000000000000000000000000000B2
:10DA740000000000000000000000000000000000A2
:10DA84000000000000000000000000000000000092
:10DA94000000000000000000000000000000000082
:10DAA4000000000000000000000000000000000072
:10DAB4000000000000000000000000000000000062
:10DAC4000000000000000000000000000000000052
:10DAD4000000000000000000000000000000000042
:10DAE4000000000000000000000000000000000032
:10DAF4000000000000000000000000000000000022
:10DB04000000000000000000000000000000000011
:10DB14000000000000000000000000000000000001
:10DB240000000000000000000000000000000000F1
:10DB340000000000000000000000000000000000E1
:10DB440000000000000000000000000000000000D1
:10DB540000000000000000000000000000000000C1
:10DB640000000000000000000000000000000000B1
:10DB740000000000000000000000000000000000A1
:10DB84000000000000000000000000000000000091
:10DB94000000000000000000000000000000000081
:10DBA4000000000000000000000000000000000071
:10DBB4000000000000000000000000000000000061
:10DBC4000000000000000000000000000000000051
:10DBD4000000000000000000000000000000000041
:10DBE4000000000000000000000000000000000031
:10DBF4000000000000000000000000000000000021
:10DC04000000000000000000000000000000000010
:10DC14000000000000000000000000000000000000
:10DC240000000000000000000000000000000000F0
:10DC340000000000000000000000000000000000E0
:10DC440000000000000000000000000000000000D0
:10DC540000000000000000000000000000000000C0
:10DC640000000000000000000000000000000000B0
:10DC740000000000000000000000000000000000A0
:10DC84000000000000000000000000000000000090
:10DC94000000000000000000000000000000000080
:10DCA4000000000000000000000000000000000070
:10DCB4000000000000000000000000000000000060
:10DCC4000000000000000000000000000000000050
:10DCD4000000000000000000000000000000000040
:10DCE4000000000000000000000000000000000030
:10DCF4000000000000000000000000000000000020
:10DD0400000000000000000000000000000000000F
:10DD140000000000000000000000000000000000FF
:10DD240000000000000000000000000000000000EF
:10DD340000000000000000000000000000000000DF
:10DD440000000000000000000000000000000000CF
:10DD540000000000000000000000000000000000BF
:10DD640000000000000000000000000000000000AF
:10DD7400000000000000000000000000000000009F
:10DD8400000000000000000000000000000000008F
:10DD9400000000000000000000000000000000007F
:10DDA400000000000000000000000000000000006F
:10DDB400000000000000000000000000000000005F
:10DDC400000000000000000000000000000000004F
:10DDD400000000000000000000000000000000003F
:10DDE400000000000000000000000000000000002F
:10DDF400000000000000000000000000000000001F
:10DE0400000000000000000000000000000000000E
:10DE140000000000000000000000000000000000FE
:10DE240000000000000000000000000000000000EE
:10DE340000000000000000000000000000000000DE
:10DE440000000000000000000000000000000000CE
:10DE540000000000000000000000000000000000BE
:10DE640000000000000000000000000000000000AE
:10DE7400000000000000000000000000000000009E
:10DE8400000000000000000000000000000000008E
:10DE9400000000000000000000000000000000007E
:10DEA400000000000000000000000000000000006E
:10DEB400000000000000000000000000000000005E
:10DEC400000000000000000000000000000000004E
:10DED400000000000000000000000000000000003E
:10DEE400000000000000000000000000000000002E
:10DEF400000000000000000000000000000000001E
:10DF0400000000000000000000000000000000000D
:10DF140000000000000000000000000000000000FD
:10DF240000000000000000000000000000000000ED
:10DF340000000000000000000000000000000000DD
:10DF4400FFFFFFFFFFFFFFFFFFFFFFFFFFFFFFFFDD
:10DF5400FFFFFFFFFFFFFFFFFFFFFFFFFFFFFFFFCD
:10DF6400FFFFFFFFFFFFFFFFFFFFFFFFFFFFFFFFBD
:10DF7400FFFFFFFFFFFFFFFFFFFFFFFFFFFFFFFFAD
:10DF8400FFFFFFFFFFFFFFFFFFFFFFFFFFFFFFFF9D
:10DF9400FFFFFFFFFFFFFFFFFFFFFFFFFFFFFFFF8D
:10DFA400FFFFFFFFFFFFFFFFFFFFFFFFFFFFFFFF7D
:10DFB400FFFFFFFFFFFFFFFFFFFFFFFFFFFFFFFF6D
:10DFC400FFFFFFFFFFFFFFFFFFFFFFFFFFFFFFFF5D
:10DFD400FFFFFFFFFFFFFFFFFFFFFFFFFFFFFFFF4D
:10DFE400FFFFFFFFFFFFFFFFFFFFFFFFFFFFFFFF3D
:10DFF400FFFFFFFFFFFFFFFFFFFFFFFF0000000029
:10E00400000000000000000000000000000000000C
:10E0140000000000000000000000000000000000FC
:10E0240000000000000000000000000000000000EC
:10E0340000000000000000000000000000000000DC
:10E0440000000000000000000000000000000000CC
:10E0540000000000000000000000000000000000BC
:10E0640000000000000000000000000000000000AC
:10E07400000000000000000000000000000000009C
:10E08400000000000000000000000000000000008C
:10E09400000000000000000000000000000000007C
:10E0A400000000000000000000000000000000006C
:10E0B400000000000000000000000000000000005C
:10E0C400000000000000000000000000000000004C
:10E0D400000000000000000000000000000000003C
:10E0E400000000000000000000000000000000002C
:10E0F400000000000000000000000000000000001C
:10E10400000000000000000000000000000000000B
:10E1140000000000000000000000000000000000FB
:10E1240000000000000000000000000000000000EB
:10E1340000000000000000000000000000000000DB
:10E1440000000000000000000000000000000000CB
:10E1540000000000000000000000000000000000BB
:10E1640000000000000000000000000000000000AB
:10E17400000000000000000000000000000000009B
:10E18400000000000000000000000000000000008B
:10E19400000000000000000000000000000000007B
:10E1A400000000000000000000000000000000006B
:10E1B400000000000000000000000000000000005B
:10E1C400000000000000000000000000000000004B
:10E1D400000000000000000000000000000000003B
:10E1E400000000000000000000000000000000002B
:10E1F400000000000000000000000000000000001B
:10E20400000000000000000000000000000000000A
:10E2140000000000000000000000000000000000FA
:10E2240000000000000000000000000000000000EA
:10E2340000000000000000000000000000000000DA
:10E2440000000000000000000000000000000000CA
:10E2540000000000000000000000000000000000BA
:10E2640000000000000000000000000000000000AA
:10E27400000000000000000000000000000000009A
:10E28400000000000000000000000000000000008A
:10E29400000000000000000000000000000000007A
:10E2A400000000000000000000000000000000006A
:10E2B400000000000000000000000000000000005A
:10E2C400000000000000000000000000000000004A
:10E2D400000000000000000000000000000000003A
:10E2E400000000000000000000000000000000002A
:10E2F400000000000000000000000000000000001A
:10E304000000000000000000000000000000000009
:10E3140000000000000000000000000000000000F9
:10E3240000000000000000000000000000000000E9
:10E3340000000000000000000000000000000000D9
:10E3440000000000000000000000000000000000C9
:10E3540000000000000000000000000000000000B9
:10E3640000000000000000000000000000000000A9
:10E374000000000000000000000000000000000099
:10E384000000000000000000000000000000000089
:10E394000000000000000000000000000000000079
:10E3A4000000000000000000000000000000000069
:10E3B4000000000000000000000000000000000059
:10E3C4000000000000000000000000000000000049
:10E3D4000000000000000000000000000000000039
:10E3E4000000000000000000000000000000000029
:10E3F4000000000000000000000000000000000019
:10E404000000000000000000000000000000000008
:10E4140000000000000000000000000000000000F8
:10E4240000000000000000000000000000000000E8
:10E4340000000000000000000000000000000000D8
:10E4440000000000000000000000000000000000C8
:10E4540000000000000000000000000000000000B8
:10E4640000000000000000000000000000000000A8
:10E474000000000000000000000000000000000098
:10E484000000000000000000000000000000000088
:10E494000000000000000000000000000000000078
:10E4A4000000000000000000000000000000000068
:10E4B4000000000000000000000000000000000058
:10E4C4000000000000000000000000000000000048
:10E4D4000000000000000000000000000000000038
:10E4E4000000000000000000000000000000000028
:10E4F4000000000000000000000000000000000018
:10E504000000000000000000000000000000000007
:10E5140000000000000000000000000000000000F7
:10E5240000000000000000000000000000000000E7
:10E5340000000000000000000000000000000000D7
:10E5440000000000000000000000000000000000C7
:10E5540000000000000000000000000000000000B7
:10E5640000000000000000000000000000000000A7
:10E574000000000000000000000000000000000097
:10E584000000000000000000000000000000000087
:10E594000000000000000000000000000000000077
:10E5A4000000000000000000000000000000000067
:10E5B4000000000000000000000000000000000057
:10E5C4000000000000000000000000000000000047
:10E5D4000000000000000000000000000000000037
:10E5E4000000000000000000000000000000000027
:10E5F4000000000000000000000000000000000017
:10E604000000000000000000000000000000000006
:10E6140000000000000000000000000000000000F6
:10E6240000000000000000000000000000000000E6
:10E6340000000000000000000000000000000000D6
:10E6440000000000000000000000000000000000C6
:10E6540000000000000000000000000000000000B6
:10E6640000000000000000000000000000000000A6
:10E674000000000000000000000000000000000096
:10E684000000000000000000000000000000000086
:10E694000000000000000000000000000000000076
:10E6A4000000000000000000000000000000000066
:10E6B4000000000000000000000000000000000056
:10E6C4000000000000000000000000000000000046
:10E6D4000000000000000000000000000000000036
:10E6E4000000000000000000000000000000000026
:10E6F4000000000000000000000000000000000016
:10E704000000000000000000000000000000000005
:10E7140000000000000000000000000000000000F5
:10E7240000000000000000000000000000000000E5
:10E7340000000000000000000000000000000000D5
:10E7440000000000000000000000000000000000C5
:10E7540000000000000000000000000000000000B5
:10E7640000000000000000000000000000000000A5
:10E774000000000000000000000000000000000095
:10E784000000000000000000000000000000000085
:10E794000000000000000000000000000000000075
:10E7A4000000000000000000000000000000000065
:10E7B4000000000000000000000000000000000055
:10E7C4000000000000000000000000000000000045
:10E7D4000000000000000000000000000000000035
:10E7E4000000000000000000000000000000000025
:10E7F4000000000000000000000000000000000015
:10E804000000000000000000000000000000000004
:10E8140000000000000000000000000000000000F4
:10E8240000000000000000000000000000000000E4
:10E8340000000000000000000000000000000000D4
:10E8440000000000000000000000000000000000C4
:10E8540000000000000000000000000000000000B4
:10E8640000000000000000000000000000000000A4
:10E874000000000000000000000000000000000094
:10E884000000000000000000000000000000000084
:10E894000000000000000000000000000000000074
:10E8A4000000000000000000000000000000000064
:10E8B4000000000000000000000000000000000054
:10E8C4000000000000000000000000000000000044
:10E8D4000000000000000000000000000000000034
:10E8E4000000000000000000000000000000000024
:10E8F4000000000000000000000000000000000014
:10E904000000000000000000000000000000000003
:10E9140000000000000000000000000000000000F3
:10E9240000000000000000000000000000000000E3
:10E9340000000000000000000000000000000000D3
:10E9440000000000000000000000000000000000C3
:10E9540000000000000000000000000000000000B3
:10E9640000000000000000000000000000000000A3
:10E974000000000000000000000000000000000093
:10E984000000000000000000000000000000000083
:10E994000000000000000000000000000000000073
:10E9A4000000000000000000000000000000000063
:10E9B4000000000000000000000000000000000053
:10E9C4000000000000000000000000000000000043
:10E9D4000000000000000000000000000000000033
:10E9E4000000000000000000000000000000000023
:10E9F4000000000000000000000000000000000013
:10EA04000000000000000000000000000000000002
:10EA140000000000000000000000000000000000F2
:10EA240000000000000000000000000000000000E2
:10EA340000000000000000000000000000000000D2
:10EA440000000000000000000000000000000000C2
:10EA540000000000000000000000000000000000B2
:10EA640000000000000000000000000000000000A2
:10EA74000000000000000000000000000000000092
:10EA84000000000000000000000000000000000082
:10EA94000000000000000000000000000000000072
:10EAA4000000000000000000000000000000000062
:10EAB4000000000000000000000000000000000052
:10EAC4000000000000000000000000000000000042
:10EAD4000000000000000000000000000000000032
:10EAE4000000000000000000000000000000000022
:10EAF4000000000000000000000000000000000012
:10EB04000000000000000000000000000000000001
:10EB140000000000000000000000000000000000F1
:10EB240000000000000000000000000000000000E1
:10EB340000000000000000000000000000000000D1
:10EB440000000000000000000000000000000000C1
:10EB540000000000000000000000000000000000B1
:10EB640000000000000000000000000000000000A1
:10EB74000000000000000000000000000000000091
:10EB84000000000000000000000000000000000081
:10EB94000000000000000000000000000000000071
:10EBA4000000000000000000000000000000000061
:10EBB4000000000000000000000000000000000051
:10EBC4000000000000000000000000000000000041
:10EBD4000000000000000000000000000000000031
:10EBE4000000000000000000000000000000000021
:0CEBF40000000000000000000000000015
:040000056000100087
:00000001FF
